Fatal Python error: init_import_site: Failed to import the site module
Python runtime state: initialized
Traceback (most recent call last):
  File "/Library/Developer/CommandLineTools/Library/Frameworks/Python3.framework/Versions/3.9/lib/python3.9/site.py", line 621, in <module>
    main()
  File "/Library/Developer/CommandLineTools/Library/Frameworks/Python3.framework/Versions/3.9/lib/python3.9/site.py", line 604, in main
    known_paths = venv(known_paths)
  File "/Library/Developer/CommandLineTools/Library/Frameworks/Python3.framework/Versions/3.9/lib/python3.9/site.py", line 522, in venv
    with open(virtual_conf, encoding='utf-8') as f:
PermissionError: [Errno 1] Operation not permitted: '/Users/zumrudsahverdieva/Desktop/Bot/.venv/pyvenv.cfg'
Fatal Python error: init_import_site: Failed to import the site module
Python runtime state: initialized
Traceback (most recent call last):
  File "/Library/Developer/CommandLineTools/Library/Frameworks/Python3.framework/Versions/3.9/lib/python3.9/site.py", line 621, in <module>
    main()
  File "/Library/Developer/CommandLineTools/Library/Frameworks/Python3.framework/Versions/3.9/lib/python3.9/site.py", line 604, in main
    known_paths = venv(known_paths)
  File "/Library/Developer/CommandLineTools/Library/Frameworks/Python3.framework/Versions/3.9/lib/python3.9/site.py", line 522, in venv
    with open(virtual_conf, encoding='utf-8') as f:
PermissionError: [Errno 1] Operation not permitted: '/Users/zumrudsahverdieva/Desktop/Bot/.venv/pyvenv.cfg'
Fatal Python error: init_import_site: Failed to import the site module
Python runtime state: initialized
Traceback (most recent call last):
  File "/Library/Developer/CommandLineTools/Library/Frameworks/Python3.framework/Versions/3.9/lib/python3.9/site.py", line 621, in <module>
    main()
  File "/Library/Developer/CommandLineTools/Library/Frameworks/Python3.framework/Versions/3.9/lib/python3.9/site.py", line 604, in main
    known_paths = venv(known_paths)
  File "/Library/Developer/CommandLineTools/Library/Frameworks/Python3.framework/Versions/3.9/lib/python3.9/site.py", line 522, in venv
    with open(virtual_conf, encoding='utf-8') as f:
PermissionError: [Errno 1] Operation not permitted: '/Users/zumrudsahverdieva/Desktop/Bot/.venv/pyvenv.cfg'
Fatal Python error: init_import_site: Failed to import the site module
Python runtime state: initialized
Traceback (most recent call last):
  File "/Library/Developer/CommandLineTools/Library/Frameworks/Python3.framework/Versions/3.9/lib/python3.9/site.py", line 621, in <module>
    main()
  File "/Library/Developer/CommandLineTools/Library/Frameworks/Python3.framework/Versions/3.9/lib/python3.9/site.py", line 604, in main
    known_paths = venv(known_paths)
  File "/Library/Developer/CommandLineTools/Library/Frameworks/Python3.framework/Versions/3.9/lib/python3.9/site.py", line 522, in venv
    with open(virtual_conf, encoding='utf-8') as f:
PermissionError: [Errno 1] Operation not permitted: '/Users/zumrudsahverdieva/Desktop/Bot/.venv/pyvenv.cfg'
Fatal Python error: init_import_site: Failed to import the site module
Python runtime state: initialized
Traceback (most recent call last):
  File "/Library/Developer/CommandLineTools/Library/Frameworks/Python3.framework/Versions/3.9/lib/python3.9/site.py", line 621, in <module>
    main()
  File "/Library/Developer/CommandLineTools/Library/Frameworks/Python3.framework/Versions/3.9/lib/python3.9/site.py", line 604, in main
    known_paths = venv(known_paths)
  File "/Library/Developer/CommandLineTools/Library/Frameworks/Python3.framework/Versions/3.9/lib/python3.9/site.py", line 522, in venv
    with open(virtual_conf, encoding='utf-8') as f:
PermissionError: [Errno 1] Operation not permitted: '/Users/zumrudsahverdieva/Desktop/Bot/.venv/pyvenv.cfg'
Fatal Python error: init_import_site: Failed to import the site module
Python runtime state: initialized
Traceback (most recent call last):
  File "/Library/Developer/CommandLineTools/Library/Frameworks/Python3.framework/Versions/3.9/lib/python3.9/site.py", line 621, in <module>
    main()
  File "/Library/Developer/CommandLineTools/Library/Frameworks/Python3.framework/Versions/3.9/lib/python3.9/site.py", line 604, in main
    known_paths = venv(known_paths)
  File "/Library/Developer/CommandLineTools/Library/Frameworks/Python3.framework/Versions/3.9/lib/python3.9/site.py", line 522, in venv
    with open(virtual_conf, encoding='utf-8') as f:
PermissionError: [Errno 1] Operation not permitted: '/Users/zumrudsahverdieva/Desktop/Bot/.venv/pyvenv.cfg'
Fatal Python error: init_import_site: Failed to import the site module
Python runtime state: initialized
Traceback (most recent call last):
  File "/Library/Developer/CommandLineTools/Library/Frameworks/Python3.framework/Versions/3.9/lib/python3.9/site.py", line 621, in <module>
    main()
  File "/Library/Developer/CommandLineTools/Library/Frameworks/Python3.framework/Versions/3.9/lib/python3.9/site.py", line 604, in main
    known_paths = venv(known_paths)
  File "/Library/Developer/CommandLineTools/Library/Frameworks/Python3.framework/Versions/3.9/lib/python3.9/site.py", line 522, in venv
    with open(virtual_conf, encoding='utf-8') as f:
PermissionError: [Errno 1] Operation not permitted: '/Users/zumrudsahverdieva/Desktop/Bot/.venv/pyvenv.cfg'
Fatal Python error: init_import_site: Failed to import the site module
Python runtime state: initialized
Traceback (most recent call last):
  File "/Library/Developer/CommandLineTools/Library/Frameworks/Python3.framework/Versions/3.9/lib/python3.9/site.py", line 621, in <module>
    main()
  File "/Library/Developer/CommandLineTools/Library/Frameworks/Python3.framework/Versions/3.9/lib/python3.9/site.py", line 604, in main
    known_paths = venv(known_paths)
  File "/Library/Developer/CommandLineTools/Library/Frameworks/Python3.framework/Versions/3.9/lib/python3.9/site.py", line 522, in venv
    with open(virtual_conf, encoding='utf-8') as f:
PermissionError: [Errno 1] Operation not permitted: '/Users/zumrudsahverdieva/Desktop/Bot/.venv/pyvenv.cfg'
Fatal Python error: init_import_site: Failed to import the site module
Python runtime state: initialized
Traceback (most recent call last):
  File "/Library/Developer/CommandLineTools/Library/Frameworks/Python3.framework/Versions/3.9/lib/python3.9/site.py", line 621, in <module>
    main()
  File "/Library/Developer/CommandLineTools/Library/Frameworks/Python3.framework/Versions/3.9/lib/python3.9/site.py", line 604, in main
    known_paths = venv(known_paths)
  File "/Library/Developer/CommandLineTools/Library/Frameworks/Python3.framework/Versions/3.9/lib/python3.9/site.py", line 522, in venv
    with open(virtual_conf, encoding='utf-8') as f:
PermissionError: [Errno 1] Operation not permitted: '/Users/zumrudsahverdieva/Desktop/Bot/.venv/pyvenv.cfg'
Fatal Python error: init_import_site: Failed to import the site module
Python runtime state: initialized
Traceback (most recent call last):
  File "/Library/Developer/CommandLineTools/Library/Frameworks/Python3.framework/Versions/3.9/lib/python3.9/site.py", line 621, in <module>
    main()
  File "/Library/Developer/CommandLineTools/Library/Frameworks/Python3.framework/Versions/3.9/lib/python3.9/site.py", line 604, in main
    known_paths = venv(known_paths)
  File "/Library/Developer/CommandLineTools/Library/Frameworks/Python3.framework/Versions/3.9/lib/python3.9/site.py", line 522, in venv
    with open(virtual_conf, encoding='utf-8') as f:
PermissionError: [Errno 1] Operation not permitted: '/Users/zumrudsahverdieva/Desktop/Bot/.venv/pyvenv.cfg'
Fatal Python error: init_import_site: Failed to import the site module
Python runtime state: initialized
Traceback (most recent call last):
  File "/Library/Developer/CommandLineTools/Library/Frameworks/Python3.framework/Versions/3.9/lib/python3.9/site.py", line 621, in <module>
    main()
  File "/Library/Developer/CommandLineTools/Library/Frameworks/Python3.framework/Versions/3.9/lib/python3.9/site.py", line 604, in main
    known_paths = venv(known_paths)
  File "/Library/Developer/CommandLineTools/Library/Frameworks/Python3.framework/Versions/3.9/lib/python3.9/site.py", line 522, in venv
    with open(virtual_conf, encoding='utf-8') as f:
PermissionError: [Errno 1] Operation not permitted: '/Users/zumrudsahverdieva/Desktop/Bot/.venv/pyvenv.cfg'
Fatal Python error: init_import_site: Failed to import the site module
Python runtime state: initialized
Traceback (most recent call last):
  File "/Library/Developer/CommandLineTools/Library/Frameworks/Python3.framework/Versions/3.9/lib/python3.9/site.py", line 621, in <module>
    main()
  File "/Library/Developer/CommandLineTools/Library/Frameworks/Python3.framework/Versions/3.9/lib/python3.9/site.py", line 604, in main
    known_paths = venv(known_paths)
  File "/Library/Developer/CommandLineTools/Library/Frameworks/Python3.framework/Versions/3.9/lib/python3.9/site.py", line 522, in venv
    with open(virtual_conf, encoding='utf-8') as f:
PermissionError: [Errno 1] Operation not permitted: '/Users/zumrudsahverdieva/Desktop/Bot/.venv/pyvenv.cfg'
Fatal Python error: init_import_site: Failed to import the site module
Python runtime state: initialized
Traceback (most recent call last):
  File "/Library/Developer/CommandLineTools/Library/Frameworks/Python3.framework/Versions/3.9/lib/python3.9/site.py", line 621, in <module>
    main()
  File "/Library/Developer/CommandLineTools/Library/Frameworks/Python3.framework/Versions/3.9/lib/python3.9/site.py", line 604, in main
    known_paths = venv(known_paths)
  File "/Library/Developer/CommandLineTools/Library/Frameworks/Python3.framework/Versions/3.9/lib/python3.9/site.py", line 522, in venv
    with open(virtual_conf, encoding='utf-8') as f:
PermissionError: [Errno 1] Operation not permitted: '/Users/zumrudsahverdieva/Desktop/Bot/.venv/pyvenv.cfg'
Fatal Python error: init_import_site: Failed to import the site module
Python runtime state: initialized
Traceback (most recent call last):
  File "/Library/Developer/CommandLineTools/Library/Frameworks/Python3.framework/Versions/3.9/lib/python3.9/site.py", line 621, in <module>
    main()
  File "/Library/Developer/CommandLineTools/Library/Frameworks/Python3.framework/Versions/3.9/lib/python3.9/site.py", line 604, in main
    known_paths = venv(known_paths)
  File "/Library/Developer/CommandLineTools/Library/Frameworks/Python3.framework/Versions/3.9/lib/python3.9/site.py", line 522, in venv
    with open(virtual_conf, encoding='utf-8') as f:
PermissionError: [Errno 1] Operation not permitted: '/Users/zumrudsahverdieva/Desktop/Bot/.venv/pyvenv.cfg'
Fatal Python error: init_import_site: Failed to import the site module
Python runtime state: initialized
Traceback (most recent call last):
  File "/Library/Developer/CommandLineTools/Library/Frameworks/Python3.framework/Versions/3.9/lib/python3.9/site.py", line 621, in <module>
    main()
  File "/Library/Developer/CommandLineTools/Library/Frameworks/Python3.framework/Versions/3.9/lib/python3.9/site.py", line 604, in main
    known_paths = venv(known_paths)
  File "/Library/Developer/CommandLineTools/Library/Frameworks/Python3.framework/Versions/3.9/lib/python3.9/site.py", line 522, in venv
    with open(virtual_conf, encoding='utf-8') as f:
PermissionError: [Errno 1] Operation not permitted: '/Users/zumrudsahverdieva/Desktop/Bot/.venv/pyvenv.cfg'
Fatal Python error: init_import_site: Failed to import the site module
Python runtime state: initialized
Traceback (most recent call last):
  File "/Library/Developer/CommandLineTools/Library/Frameworks/Python3.framework/Versions/3.9/lib/python3.9/site.py", line 621, in <module>
    main()
  File "/Library/Developer/CommandLineTools/Library/Frameworks/Python3.framework/Versions/3.9/lib/python3.9/site.py", line 604, in main
    known_paths = venv(known_paths)
  File "/Library/Developer/CommandLineTools/Library/Frameworks/Python3.framework/Versions/3.9/lib/python3.9/site.py", line 522, in venv
    with open(virtual_conf, encoding='utf-8') as f:
PermissionError: [Errno 1] Operation not permitted: '/Users/zumrudsahverdieva/Desktop/Bot/.venv/pyvenv.cfg'
Fatal Python error: init_import_site: Failed to import the site module
Python runtime state: initialized
Traceback (most recent call last):
  File "/Library/Developer/CommandLineTools/Library/Frameworks/Python3.framework/Versions/3.9/lib/python3.9/site.py", line 621, in <module>
    main()
  File "/Library/Developer/CommandLineTools/Library/Frameworks/Python3.framework/Versions/3.9/lib/python3.9/site.py", line 604, in main
    known_paths = venv(known_paths)
  File "/Library/Developer/CommandLineTools/Library/Frameworks/Python3.framework/Versions/3.9/lib/python3.9/site.py", line 522, in venv
    with open(virtual_conf, encoding='utf-8') as f:
PermissionError: [Errno 1] Operation not permitted: '/Users/zumrudsahverdieva/Desktop/Bot/.venv/pyvenv.cfg'
Fatal Python error: init_import_site: Failed to import the site module
Python runtime state: initialized
Traceback (most recent call last):
  File "/Library/Developer/CommandLineTools/Library/Frameworks/Python3.framework/Versions/3.9/lib/python3.9/site.py", line 621, in <module>
    main()
  File "/Library/Developer/CommandLineTools/Library/Frameworks/Python3.framework/Versions/3.9/lib/python3.9/site.py", line 604, in main
    known_paths = venv(known_paths)
  File "/Library/Developer/CommandLineTools/Library/Frameworks/Python3.framework/Versions/3.9/lib/python3.9/site.py", line 522, in venv
    with open(virtual_conf, encoding='utf-8') as f:
PermissionError: [Errno 1] Operation not permitted: '/Users/zumrudsahverdieva/Desktop/Bot/.venv/pyvenv.cfg'
Fatal Python error: init_import_site: Failed to import the site module
Python runtime state: initialized
Traceback (most recent call last):
  File "/Library/Developer/CommandLineTools/Library/Frameworks/Python3.framework/Versions/3.9/lib/python3.9/site.py", line 621, in <module>
    main()
  File "/Library/Developer/CommandLineTools/Library/Frameworks/Python3.framework/Versions/3.9/lib/python3.9/site.py", line 604, in main
    known_paths = venv(known_paths)
  File "/Library/Developer/CommandLineTools/Library/Frameworks/Python3.framework/Versions/3.9/lib/python3.9/site.py", line 522, in venv
    with open(virtual_conf, encoding='utf-8') as f:
PermissionError: [Errno 1] Operation not permitted: '/Users/zumrudsahverdieva/Desktop/Bot/.venv/pyvenv.cfg'
Fatal Python error: init_import_site: Failed to import the site module
Python runtime state: initialized
Traceback (most recent call last):
  File "/Library/Developer/CommandLineTools/Library/Frameworks/Python3.framework/Versions/3.9/lib/python3.9/site.py", line 621, in <module>
    main()
  File "/Library/Developer/CommandLineTools/Library/Frameworks/Python3.framework/Versions/3.9/lib/python3.9/site.py", line 604, in main
    known_paths = venv(known_paths)
  File "/Library/Developer/CommandLineTools/Library/Frameworks/Python3.framework/Versions/3.9/lib/python3.9/site.py", line 522, in venv
    with open(virtual_conf, encoding='utf-8') as f:
PermissionError: [Errno 1] Operation not permitted: '/Users/zumrudsahverdieva/Desktop/Bot/.venv/pyvenv.cfg'
Fatal Python error: init_import_site: Failed to import the site module
Python runtime state: initialized
Traceback (most recent call last):
  File "/Library/Developer/CommandLineTools/Library/Frameworks/Python3.framework/Versions/3.9/lib/python3.9/site.py", line 621, in <module>
    main()
  File "/Library/Developer/CommandLineTools/Library/Frameworks/Python3.framework/Versions/3.9/lib/python3.9/site.py", line 604, in main
    known_paths = venv(known_paths)
  File "/Library/Developer/CommandLineTools/Library/Frameworks/Python3.framework/Versions/3.9/lib/python3.9/site.py", line 522, in venv
    with open(virtual_conf, encoding='utf-8') as f:
PermissionError: [Errno 1] Operation not permitted: '/Users/zumrudsahverdieva/Desktop/Bot/.venv/pyvenv.cfg'
Fatal Python error: init_import_site: Failed to import the site module
Python runtime state: initialized
Traceback (most recent call last):
  File "/Library/Developer/CommandLineTools/Library/Frameworks/Python3.framework/Versions/3.9/lib/python3.9/site.py", line 621, in <module>
    main()
  File "/Library/Developer/CommandLineTools/Library/Frameworks/Python3.framework/Versions/3.9/lib/python3.9/site.py", line 604, in main
    known_paths = venv(known_paths)
  File "/Library/Developer/CommandLineTools/Library/Frameworks/Python3.framework/Versions/3.9/lib/python3.9/site.py", line 522, in venv
    with open(virtual_conf, encoding='utf-8') as f:
PermissionError: [Errno 1] Operation not permitted: '/Users/zumrudsahverdieva/Desktop/Bot/.venv/pyvenv.cfg'
Fatal Python error: init_import_site: Failed to import the site module
Python runtime state: initialized
Traceback (most recent call last):
  File "/Library/Developer/CommandLineTools/Library/Frameworks/Python3.framework/Versions/3.9/lib/python3.9/site.py", line 621, in <module>
    main()
  File "/Library/Developer/CommandLineTools/Library/Frameworks/Python3.framework/Versions/3.9/lib/python3.9/site.py", line 604, in main
    known_paths = venv(known_paths)
  File "/Library/Developer/CommandLineTools/Library/Frameworks/Python3.framework/Versions/3.9/lib/python3.9/site.py", line 522, in venv
    with open(virtual_conf, encoding='utf-8') as f:
PermissionError: [Errno 1] Operation not permitted: '/Users/zumrudsahverdieva/Desktop/Bot/.venv/pyvenv.cfg'
Fatal Python error: init_import_site: Failed to import the site module
Python runtime state: initialized
Traceback (most recent call last):
  File "/Library/Developer/CommandLineTools/Library/Frameworks/Python3.framework/Versions/3.9/lib/python3.9/site.py", line 621, in <module>
    main()
  File "/Library/Developer/CommandLineTools/Library/Frameworks/Python3.framework/Versions/3.9/lib/python3.9/site.py", line 604, in main
    known_paths = venv(known_paths)
  File "/Library/Developer/CommandLineTools/Library/Frameworks/Python3.framework/Versions/3.9/lib/python3.9/site.py", line 522, in venv
    with open(virtual_conf, encoding='utf-8') as f:
PermissionError: [Errno 1] Operation not permitted: '/Users/zumrudsahverdieva/Desktop/Bot/.venv/pyvenv.cfg'
Fatal Python error: init_import_site: Failed to import the site module
Python runtime state: initialized
Traceback (most recent call last):
  File "/Library/Developer/CommandLineTools/Library/Frameworks/Python3.framework/Versions/3.9/lib/python3.9/site.py", line 621, in <module>
    main()
  File "/Library/Developer/CommandLineTools/Library/Frameworks/Python3.framework/Versions/3.9/lib/python3.9/site.py", line 604, in main
    known_paths = venv(known_paths)
  File "/Library/Developer/CommandLineTools/Library/Frameworks/Python3.framework/Versions/3.9/lib/python3.9/site.py", line 522, in venv
    with open(virtual_conf, encoding='utf-8') as f:
PermissionError: [Errno 1] Operation not permitted: '/Users/zumrudsahverdieva/Desktop/Bot/.venv/pyvenv.cfg'
Fatal Python error: init_import_site: Failed to import the site module
Python runtime state: initialized
Traceback (most recent call last):
  File "/Library/Developer/CommandLineTools/Library/Frameworks/Python3.framework/Versions/3.9/lib/python3.9/site.py", line 621, in <module>
    main()
  File "/Library/Developer/CommandLineTools/Library/Frameworks/Python3.framework/Versions/3.9/lib/python3.9/site.py", line 604, in main
    known_paths = venv(known_paths)
  File "/Library/Developer/CommandLineTools/Library/Frameworks/Python3.framework/Versions/3.9/lib/python3.9/site.py", line 522, in venv
    with open(virtual_conf, encoding='utf-8') as f:
PermissionError: [Errno 1] Operation not permitted: '/Users/zumrudsahverdieva/Desktop/Bot/.venv/pyvenv.cfg'
Fatal Python error: init_import_site: Failed to import the site module
Python runtime state: initialized
Traceback (most recent call last):
  File "/Library/Developer/CommandLineTools/Library/Frameworks/Python3.framework/Versions/3.9/lib/python3.9/site.py", line 621, in <module>
    main()
  File "/Library/Developer/CommandLineTools/Library/Frameworks/Python3.framework/Versions/3.9/lib/python3.9/site.py", line 604, in main
    known_paths = venv(known_paths)
  File "/Library/Developer/CommandLineTools/Library/Frameworks/Python3.framework/Versions/3.9/lib/python3.9/site.py", line 522, in venv
    with open(virtual_conf, encoding='utf-8') as f:
PermissionError: [Errno 1] Operation not permitted: '/Users/zumrudsahverdieva/Desktop/Bot/.venv/pyvenv.cfg'
Fatal Python error: init_import_site: Failed to import the site module
Python runtime state: initialized
Traceback (most recent call last):
  File "/Library/Developer/CommandLineTools/Library/Frameworks/Python3.framework/Versions/3.9/lib/python3.9/site.py", line 621, in <module>
    main()
  File "/Library/Developer/CommandLineTools/Library/Frameworks/Python3.framework/Versions/3.9/lib/python3.9/site.py", line 604, in main
    known_paths = venv(known_paths)
  File "/Library/Developer/CommandLineTools/Library/Frameworks/Python3.framework/Versions/3.9/lib/python3.9/site.py", line 522, in venv
    with open(virtual_conf, encoding='utf-8') as f:
PermissionError: [Errno 1] Operation not permitted: '/Users/zumrudsahverdieva/Desktop/Bot/.venv/pyvenv.cfg'
Fatal Python error: init_import_site: Failed to import the site module
Python runtime state: initialized
Traceback (most recent call last):
  File "/Library/Developer/CommandLineTools/Library/Frameworks/Python3.framework/Versions/3.9/lib/python3.9/site.py", line 621, in <module>
    main()
  File "/Library/Developer/CommandLineTools/Library/Frameworks/Python3.framework/Versions/3.9/lib/python3.9/site.py", line 604, in main
    known_paths = venv(known_paths)
  File "/Library/Developer/CommandLineTools/Library/Frameworks/Python3.framework/Versions/3.9/lib/python3.9/site.py", line 522, in venv
    with open(virtual_conf, encoding='utf-8') as f:
PermissionError: [Errno 1] Operation not permitted: '/Users/zumrudsahverdieva/Desktop/Bot/.venv/pyvenv.cfg'
Fatal Python error: init_import_site: Failed to import the site module
Python runtime state: initialized
Traceback (most recent call last):
  File "/Library/Developer/CommandLineTools/Library/Frameworks/Python3.framework/Versions/3.9/lib/python3.9/site.py", line 621, in <module>
    main()
  File "/Library/Developer/CommandLineTools/Library/Frameworks/Python3.framework/Versions/3.9/lib/python3.9/site.py", line 604, in main
    known_paths = venv(known_paths)
  File "/Library/Developer/CommandLineTools/Library/Frameworks/Python3.framework/Versions/3.9/lib/python3.9/site.py", line 522, in venv
    with open(virtual_conf, encoding='utf-8') as f:
PermissionError: [Errno 1] Operation not permitted: '/Users/zumrudsahverdieva/Desktop/Bot/.venv/pyvenv.cfg'
Fatal Python error: init_import_site: Failed to import the site module
Python runtime state: initialized
Traceback (most recent call last):
  File "/Library/Developer/CommandLineTools/Library/Frameworks/Python3.framework/Versions/3.9/lib/python3.9/site.py", line 621, in <module>
    main()
  File "/Library/Developer/CommandLineTools/Library/Frameworks/Python3.framework/Versions/3.9/lib/python3.9/site.py", line 604, in main
    known_paths = venv(known_paths)
  File "/Library/Developer/CommandLineTools/Library/Frameworks/Python3.framework/Versions/3.9/lib/python3.9/site.py", line 522, in venv
    with open(virtual_conf, encoding='utf-8') as f:
PermissionError: [Errno 1] Operation not permitted: '/Users/zumrudsahverdieva/Desktop/Bot/.venv/pyvenv.cfg'
Fatal Python error: init_import_site: Failed to import the site module
Python runtime state: initialized
Traceback (most recent call last):
  File "/Library/Developer/CommandLineTools/Library/Frameworks/Python3.framework/Versions/3.9/lib/python3.9/site.py", line 621, in <module>
    main()
  File "/Library/Developer/CommandLineTools/Library/Frameworks/Python3.framework/Versions/3.9/lib/python3.9/site.py", line 604, in main
    known_paths = venv(known_paths)
  File "/Library/Developer/CommandLineTools/Library/Frameworks/Python3.framework/Versions/3.9/lib/python3.9/site.py", line 522, in venv
    with open(virtual_conf, encoding='utf-8') as f:
PermissionError: [Errno 1] Operation not permitted: '/Users/zumrudsahverdieva/Desktop/Bot/.venv/pyvenv.cfg'
Fatal Python error: init_import_site: Failed to import the site module
Python runtime state: initialized
Traceback (most recent call last):
  File "/Library/Developer/CommandLineTools/Library/Frameworks/Python3.framework/Versions/3.9/lib/python3.9/site.py", line 621, in <module>
    main()
  File "/Library/Developer/CommandLineTools/Library/Frameworks/Python3.framework/Versions/3.9/lib/python3.9/site.py", line 604, in main
    known_paths = venv(known_paths)
  File "/Library/Developer/CommandLineTools/Library/Frameworks/Python3.framework/Versions/3.9/lib/python3.9/site.py", line 522, in venv
    with open(virtual_conf, encoding='utf-8') as f:
PermissionError: [Errno 1] Operation not permitted: '/Users/zumrudsahverdieva/Desktop/Bot/.venv/pyvenv.cfg'
Fatal Python error: init_import_site: Failed to import the site module
Python runtime state: initialized
Traceback (most recent call last):
  File "/Library/Developer/CommandLineTools/Library/Frameworks/Python3.framework/Versions/3.9/lib/python3.9/site.py", line 621, in <module>
    main()
  File "/Library/Developer/CommandLineTools/Library/Frameworks/Python3.framework/Versions/3.9/lib/python3.9/site.py", line 604, in main
    known_paths = venv(known_paths)
  File "/Library/Developer/CommandLineTools/Library/Frameworks/Python3.framework/Versions/3.9/lib/python3.9/site.py", line 522, in venv
    with open(virtual_conf, encoding='utf-8') as f:
PermissionError: [Errno 1] Operation not permitted: '/Users/zumrudsahverdieva/Desktop/Bot/.venv/pyvenv.cfg'
Fatal Python error: init_import_site: Failed to import the site module
Python runtime state: initialized
Traceback (most recent call last):
  File "/Library/Developer/CommandLineTools/Library/Frameworks/Python3.framework/Versions/3.9/lib/python3.9/site.py", line 621, in <module>
    main()
  File "/Library/Developer/CommandLineTools/Library/Frameworks/Python3.framework/Versions/3.9/lib/python3.9/site.py", line 604, in main
    known_paths = venv(known_paths)
  File "/Library/Developer/CommandLineTools/Library/Frameworks/Python3.framework/Versions/3.9/lib/python3.9/site.py", line 522, in venv
    with open(virtual_conf, encoding='utf-8') as f:
PermissionError: [Errno 1] Operation not permitted: '/Users/zumrudsahverdieva/Desktop/Bot/.venv/pyvenv.cfg'
Fatal Python error: init_import_site: Failed to import the site module
Python runtime state: initialized
Traceback (most recent call last):
  File "/Library/Developer/CommandLineTools/Library/Frameworks/Python3.framework/Versions/3.9/lib/python3.9/site.py", line 621, in <module>
    main()
  File "/Library/Developer/CommandLineTools/Library/Frameworks/Python3.framework/Versions/3.9/lib/python3.9/site.py", line 604, in main
    known_paths = venv(known_paths)
  File "/Library/Developer/CommandLineTools/Library/Frameworks/Python3.framework/Versions/3.9/lib/python3.9/site.py", line 522, in venv
    with open(virtual_conf, encoding='utf-8') as f:
PermissionError: [Errno 1] Operation not permitted: '/Users/zumrudsahverdieva/Desktop/Bot/.venv/pyvenv.cfg'
Fatal Python error: init_import_site: Failed to import the site module
Python runtime state: initialized
Traceback (most recent call last):
  File "/Library/Developer/CommandLineTools/Library/Frameworks/Python3.framework/Versions/3.9/lib/python3.9/site.py", line 621, in <module>
    main()
  File "/Library/Developer/CommandLineTools/Library/Frameworks/Python3.framework/Versions/3.9/lib/python3.9/site.py", line 604, in main
    known_paths = venv(known_paths)
  File "/Library/Developer/CommandLineTools/Library/Frameworks/Python3.framework/Versions/3.9/lib/python3.9/site.py", line 522, in venv
    with open(virtual_conf, encoding='utf-8') as f:
PermissionError: [Errno 1] Operation not permitted: '/Users/zumrudsahverdieva/Desktop/Bot/.venv/pyvenv.cfg'
Fatal Python error: init_import_site: Failed to import the site module
Python runtime state: initialized
Traceback (most recent call last):
  File "/Library/Developer/CommandLineTools/Library/Frameworks/Python3.framework/Versions/3.9/lib/python3.9/site.py", line 621, in <module>
    main()
  File "/Library/Developer/CommandLineTools/Library/Frameworks/Python3.framework/Versions/3.9/lib/python3.9/site.py", line 604, in main
    known_paths = venv(known_paths)
  File "/Library/Developer/CommandLineTools/Library/Frameworks/Python3.framework/Versions/3.9/lib/python3.9/site.py", line 522, in venv
    with open(virtual_conf, encoding='utf-8') as f:
PermissionError: [Errno 1] Operation not permitted: '/Users/zumrudsahverdieva/Desktop/Bot/.venv/pyvenv.cfg'
Fatal Python error: init_import_site: Failed to import the site module
Python runtime state: initialized
Traceback (most recent call last):
  File "/Library/Developer/CommandLineTools/Library/Frameworks/Python3.framework/Versions/3.9/lib/python3.9/site.py", line 621, in <module>
    main()
  File "/Library/Developer/CommandLineTools/Library/Frameworks/Python3.framework/Versions/3.9/lib/python3.9/site.py", line 604, in main
    known_paths = venv(known_paths)
  File "/Library/Developer/CommandLineTools/Library/Frameworks/Python3.framework/Versions/3.9/lib/python3.9/site.py", line 522, in venv
    with open(virtual_conf, encoding='utf-8') as f:
PermissionError: [Errno 1] Operation not permitted: '/Users/zumrudsahverdieva/Desktop/Bot/.venv/pyvenv.cfg'
Fatal Python error: init_import_site: Failed to import the site module
Python runtime state: initialized
Traceback (most recent call last):
  File "/Library/Developer/CommandLineTools/Library/Frameworks/Python3.framework/Versions/3.9/lib/python3.9/site.py", line 621, in <module>
    main()
  File "/Library/Developer/CommandLineTools/Library/Frameworks/Python3.framework/Versions/3.9/lib/python3.9/site.py", line 604, in main
    known_paths = venv(known_paths)
  File "/Library/Developer/CommandLineTools/Library/Frameworks/Python3.framework/Versions/3.9/lib/python3.9/site.py", line 522, in venv
    with open(virtual_conf, encoding='utf-8') as f:
PermissionError: [Errno 1] Operation not permitted: '/Users/zumrudsahverdieva/Desktop/Bot/.venv/pyvenv.cfg'
Fatal Python error: init_import_site: Failed to import the site module
Python runtime state: initialized
Traceback (most recent call last):
  File "/Library/Developer/CommandLineTools/Library/Frameworks/Python3.framework/Versions/3.9/lib/python3.9/site.py", line 621, in <module>
    main()
  File "/Library/Developer/CommandLineTools/Library/Frameworks/Python3.framework/Versions/3.9/lib/python3.9/site.py", line 604, in main
    known_paths = venv(known_paths)
  File "/Library/Developer/CommandLineTools/Library/Frameworks/Python3.framework/Versions/3.9/lib/python3.9/site.py", line 522, in venv
    with open(virtual_conf, encoding='utf-8') as f:
PermissionError: [Errno 1] Operation not permitted: '/Users/zumrudsahverdieva/Desktop/Bot/.venv/pyvenv.cfg'
Fatal Python error: init_import_site: Failed to import the site module
Python runtime state: initialized
Traceback (most recent call last):
  File "/Library/Developer/CommandLineTools/Library/Frameworks/Python3.framework/Versions/3.9/lib/python3.9/site.py", line 621, in <module>
    main()
  File "/Library/Developer/CommandLineTools/Library/Frameworks/Python3.framework/Versions/3.9/lib/python3.9/site.py", line 604, in main
    known_paths = venv(known_paths)
  File "/Library/Developer/CommandLineTools/Library/Frameworks/Python3.framework/Versions/3.9/lib/python3.9/site.py", line 522, in venv
    with open(virtual_conf, encoding='utf-8') as f:
PermissionError: [Errno 1] Operation not permitted: '/Users/zumrudsahverdieva/Desktop/Bot/.venv/pyvenv.cfg'
Fatal Python error: init_import_site: Failed to import the site module
Python runtime state: initialized
Traceback (most recent call last):
  File "/Library/Developer/CommandLineTools/Library/Frameworks/Python3.framework/Versions/3.9/lib/python3.9/site.py", line 621, in <module>
    main()
  File "/Library/Developer/CommandLineTools/Library/Frameworks/Python3.framework/Versions/3.9/lib/python3.9/site.py", line 604, in main
    known_paths = venv(known_paths)
  File "/Library/Developer/CommandLineTools/Library/Frameworks/Python3.framework/Versions/3.9/lib/python3.9/site.py", line 522, in venv
    with open(virtual_conf, encoding='utf-8') as f:
PermissionError: [Errno 1] Operation not permitted: '/Users/zumrudsahverdieva/Desktop/Bot/.venv/pyvenv.cfg'
Fatal Python error: init_import_site: Failed to import the site module
Python runtime state: initialized
Traceback (most recent call last):
  File "/Library/Developer/CommandLineTools/Library/Frameworks/Python3.framework/Versions/3.9/lib/python3.9/site.py", line 621, in <module>
    main()
  File "/Library/Developer/CommandLineTools/Library/Frameworks/Python3.framework/Versions/3.9/lib/python3.9/site.py", line 604, in main
    known_paths = venv(known_paths)
  File "/Library/Developer/CommandLineTools/Library/Frameworks/Python3.framework/Versions/3.9/lib/python3.9/site.py", line 522, in venv
    with open(virtual_conf, encoding='utf-8') as f:
PermissionError: [Errno 1] Operation not permitted: '/Users/zumrudsahverdieva/Desktop/Bot/.venv/pyvenv.cfg'
Fatal Python error: init_import_site: Failed to import the site module
Python runtime state: initialized
Traceback (most recent call last):
  File "/Library/Developer/CommandLineTools/Library/Frameworks/Python3.framework/Versions/3.9/lib/python3.9/site.py", line 621, in <module>
    main()
  File "/Library/Developer/CommandLineTools/Library/Frameworks/Python3.framework/Versions/3.9/lib/python3.9/site.py", line 604, in main
    known_paths = venv(known_paths)
  File "/Library/Developer/CommandLineTools/Library/Frameworks/Python3.framework/Versions/3.9/lib/python3.9/site.py", line 522, in venv
    with open(virtual_conf, encoding='utf-8') as f:
PermissionError: [Errno 1] Operation not permitted: '/Users/zumrudsahverdieva/Desktop/Bot/.venv/pyvenv.cfg'
Fatal Python error: init_import_site: Failed to import the site module
Python runtime state: initialized
Traceback (most recent call last):
  File "/Library/Developer/CommandLineTools/Library/Frameworks/Python3.framework/Versions/3.9/lib/python3.9/site.py", line 621, in <module>
    main()
  File "/Library/Developer/CommandLineTools/Library/Frameworks/Python3.framework/Versions/3.9/lib/python3.9/site.py", line 604, in main
    known_paths = venv(known_paths)
  File "/Library/Developer/CommandLineTools/Library/Frameworks/Python3.framework/Versions/3.9/lib/python3.9/site.py", line 522, in venv
    with open(virtual_conf, encoding='utf-8') as f:
PermissionError: [Errno 1] Operation not permitted: '/Users/zumrudsahverdieva/Desktop/Bot/.venv/pyvenv.cfg'
Fatal Python error: init_import_site: Failed to import the site module
Python runtime state: initialized
Traceback (most recent call last):
  File "/Library/Developer/CommandLineTools/Library/Frameworks/Python3.framework/Versions/3.9/lib/python3.9/site.py", line 621, in <module>
    main()
  File "/Library/Developer/CommandLineTools/Library/Frameworks/Python3.framework/Versions/3.9/lib/python3.9/site.py", line 604, in main
    known_paths = venv(known_paths)
  File "/Library/Developer/CommandLineTools/Library/Frameworks/Python3.framework/Versions/3.9/lib/python3.9/site.py", line 522, in venv
    with open(virtual_conf, encoding='utf-8') as f:
PermissionError: [Errno 1] Operation not permitted: '/Users/zumrudsahverdieva/Desktop/Bot/.venv/pyvenv.cfg'
Fatal Python error: init_import_site: Failed to import the site module
Python runtime state: initialized
Traceback (most recent call last):
  File "/Library/Developer/CommandLineTools/Library/Frameworks/Python3.framework/Versions/3.9/lib/python3.9/site.py", line 621, in <module>
    main()
  File "/Library/Developer/CommandLineTools/Library/Frameworks/Python3.framework/Versions/3.9/lib/python3.9/site.py", line 604, in main
    known_paths = venv(known_paths)
  File "/Library/Developer/CommandLineTools/Library/Frameworks/Python3.framework/Versions/3.9/lib/python3.9/site.py", line 522, in venv
    with open(virtual_conf, encoding='utf-8') as f:
PermissionError: [Errno 1] Operation not permitted: '/Users/zumrudsahverdieva/Desktop/Bot/.venv/pyvenv.cfg'
Fatal Python error: init_import_site: Failed to import the site module
Python runtime state: initialized
Traceback (most recent call last):
  File "/Library/Developer/CommandLineTools/Library/Frameworks/Python3.framework/Versions/3.9/lib/python3.9/site.py", line 621, in <module>
    main()
  File "/Library/Developer/CommandLineTools/Library/Frameworks/Python3.framework/Versions/3.9/lib/python3.9/site.py", line 604, in main
    known_paths = venv(known_paths)
  File "/Library/Developer/CommandLineTools/Library/Frameworks/Python3.framework/Versions/3.9/lib/python3.9/site.py", line 522, in venv
    with open(virtual_conf, encoding='utf-8') as f:
PermissionError: [Errno 1] Operation not permitted: '/Users/zumrudsahverdieva/Desktop/Bot/.venv/pyvenv.cfg'
Fatal Python error: init_import_site: Failed to import the site module
Python runtime state: initialized
Traceback (most recent call last):
  File "/Library/Developer/CommandLineTools/Library/Frameworks/Python3.framework/Versions/3.9/lib/python3.9/site.py", line 621, in <module>
    main()
  File "/Library/Developer/CommandLineTools/Library/Frameworks/Python3.framework/Versions/3.9/lib/python3.9/site.py", line 604, in main
    known_paths = venv(known_paths)
  File "/Library/Developer/CommandLineTools/Library/Frameworks/Python3.framework/Versions/3.9/lib/python3.9/site.py", line 522, in venv
    with open(virtual_conf, encoding='utf-8') as f:
PermissionError: [Errno 1] Operation not permitted: '/Users/zumrudsahverdieva/Desktop/Bot/.venv/pyvenv.cfg'
Fatal Python error: init_import_site: Failed to import the site module
Python runtime state: initialized
Traceback (most recent call last):
  File "/Library/Developer/CommandLineTools/Library/Frameworks/Python3.framework/Versions/3.9/lib/python3.9/site.py", line 621, in <module>
    main()
  File "/Library/Developer/CommandLineTools/Library/Frameworks/Python3.framework/Versions/3.9/lib/python3.9/site.py", line 604, in main
    known_paths = venv(known_paths)
  File "/Library/Developer/CommandLineTools/Library/Frameworks/Python3.framework/Versions/3.9/lib/python3.9/site.py", line 522, in venv
    with open(virtual_conf, encoding='utf-8') as f:
PermissionError: [Errno 1] Operation not permitted: '/Users/zumrudsahverdieva/Desktop/Bot/.venv/pyvenv.cfg'
Fatal Python error: init_import_site: Failed to import the site module
Python runtime state: initialized
Traceback (most recent call last):
  File "/Library/Developer/CommandLineTools/Library/Frameworks/Python3.framework/Versions/3.9/lib/python3.9/site.py", line 621, in <module>
    main()
  File "/Library/Developer/CommandLineTools/Library/Frameworks/Python3.framework/Versions/3.9/lib/python3.9/site.py", line 604, in main
    known_paths = venv(known_paths)
  File "/Library/Developer/CommandLineTools/Library/Frameworks/Python3.framework/Versions/3.9/lib/python3.9/site.py", line 522, in venv
    with open(virtual_conf, encoding='utf-8') as f:
PermissionError: [Errno 1] Operation not permitted: '/Users/zumrudsahverdieva/Desktop/Bot/.venv/pyvenv.cfg'
Fatal Python error: init_import_site: Failed to import the site module
Python runtime state: initialized
Traceback (most recent call last):
  File "/Library/Developer/CommandLineTools/Library/Frameworks/Python3.framework/Versions/3.9/lib/python3.9/site.py", line 621, in <module>
    main()
  File "/Library/Developer/CommandLineTools/Library/Frameworks/Python3.framework/Versions/3.9/lib/python3.9/site.py", line 604, in main
    known_paths = venv(known_paths)
  File "/Library/Developer/CommandLineTools/Library/Frameworks/Python3.framework/Versions/3.9/lib/python3.9/site.py", line 522, in venv
    with open(virtual_conf, encoding='utf-8') as f:
PermissionError: [Errno 1] Operation not permitted: '/Users/zumrudsahverdieva/Desktop/Bot/.venv/pyvenv.cfg'
Fatal Python error: init_import_site: Failed to import the site module
Python runtime state: initialized
Traceback (most recent call last):
  File "/Library/Developer/CommandLineTools/Library/Frameworks/Python3.framework/Versions/3.9/lib/python3.9/site.py", line 621, in <module>
    main()
  File "/Library/Developer/CommandLineTools/Library/Frameworks/Python3.framework/Versions/3.9/lib/python3.9/site.py", line 604, in main
    known_paths = venv(known_paths)
  File "/Library/Developer/CommandLineTools/Library/Frameworks/Python3.framework/Versions/3.9/lib/python3.9/site.py", line 522, in venv
    with open(virtual_conf, encoding='utf-8') as f:
PermissionError: [Errno 1] Operation not permitted: '/Users/zumrudsahverdieva/Desktop/Bot/.venv/pyvenv.cfg'
Fatal Python error: init_import_site: Failed to import the site module
Python runtime state: initialized
Traceback (most recent call last):
  File "/Library/Developer/CommandLineTools/Library/Frameworks/Python3.framework/Versions/3.9/lib/python3.9/site.py", line 621, in <module>
    main()
  File "/Library/Developer/CommandLineTools/Library/Frameworks/Python3.framework/Versions/3.9/lib/python3.9/site.py", line 604, in main
    known_paths = venv(known_paths)
  File "/Library/Developer/CommandLineTools/Library/Frameworks/Python3.framework/Versions/3.9/lib/python3.9/site.py", line 522, in venv
    with open(virtual_conf, encoding='utf-8') as f:
PermissionError: [Errno 1] Operation not permitted: '/Users/zumrudsahverdieva/Desktop/Bot/.venv/pyvenv.cfg'
Fatal Python error: init_import_site: Failed to import the site module
Python runtime state: initialized
Traceback (most recent call last):
  File "/Library/Developer/CommandLineTools/Library/Frameworks/Python3.framework/Versions/3.9/lib/python3.9/site.py", line 621, in <module>
    main()
  File "/Library/Developer/CommandLineTools/Library/Frameworks/Python3.framework/Versions/3.9/lib/python3.9/site.py", line 604, in main
    known_paths = venv(known_paths)
  File "/Library/Developer/CommandLineTools/Library/Frameworks/Python3.framework/Versions/3.9/lib/python3.9/site.py", line 522, in venv
    with open(virtual_conf, encoding='utf-8') as f:
PermissionError: [Errno 1] Operation not permitted: '/Users/zumrudsahverdieva/Desktop/Bot/.venv/pyvenv.cfg'
Fatal Python error: init_import_site: Failed to import the site module
Python runtime state: initialized
Traceback (most recent call last):
  File "/Library/Developer/CommandLineTools/Library/Frameworks/Python3.framework/Versions/3.9/lib/python3.9/site.py", line 621, in <module>
    main()
  File "/Library/Developer/CommandLineTools/Library/Frameworks/Python3.framework/Versions/3.9/lib/python3.9/site.py", line 604, in main
    known_paths = venv(known_paths)
  File "/Library/Developer/CommandLineTools/Library/Frameworks/Python3.framework/Versions/3.9/lib/python3.9/site.py", line 522, in venv
    with open(virtual_conf, encoding='utf-8') as f:
PermissionError: [Errno 1] Operation not permitted: '/Users/zumrudsahverdieva/Desktop/Bot/.venv/pyvenv.cfg'
Fatal Python error: init_import_site: Failed to import the site module
Python runtime state: initialized
Traceback (most recent call last):
  File "/Library/Developer/CommandLineTools/Library/Frameworks/Python3.framework/Versions/3.9/lib/python3.9/site.py", line 621, in <module>
    main()
  File "/Library/Developer/CommandLineTools/Library/Frameworks/Python3.framework/Versions/3.9/lib/python3.9/site.py", line 604, in main
    known_paths = venv(known_paths)
  File "/Library/Developer/CommandLineTools/Library/Frameworks/Python3.framework/Versions/3.9/lib/python3.9/site.py", line 522, in venv
    with open(virtual_conf, encoding='utf-8') as f:
PermissionError: [Errno 1] Operation not permitted: '/Users/zumrudsahverdieva/Desktop/Bot/.venv/pyvenv.cfg'
Fatal Python error: init_import_site: Failed to import the site module
Python runtime state: initialized
Traceback (most recent call last):
  File "/Library/Developer/CommandLineTools/Library/Frameworks/Python3.framework/Versions/3.9/lib/python3.9/site.py", line 621, in <module>
    main()
  File "/Library/Developer/CommandLineTools/Library/Frameworks/Python3.framework/Versions/3.9/lib/python3.9/site.py", line 604, in main
    known_paths = venv(known_paths)
  File "/Library/Developer/CommandLineTools/Library/Frameworks/Python3.framework/Versions/3.9/lib/python3.9/site.py", line 522, in venv
    with open(virtual_conf, encoding='utf-8') as f:
PermissionError: [Errno 1] Operation not permitted: '/Users/zumrudsahverdieva/Desktop/Bot/.venv/pyvenv.cfg'
Fatal Python error: init_import_site: Failed to import the site module
Python runtime state: initialized
Traceback (most recent call last):
  File "/Library/Developer/CommandLineTools/Library/Frameworks/Python3.framework/Versions/3.9/lib/python3.9/site.py", line 621, in <module>
    main()
  File "/Library/Developer/CommandLineTools/Library/Frameworks/Python3.framework/Versions/3.9/lib/python3.9/site.py", line 604, in main
    known_paths = venv(known_paths)
  File "/Library/Developer/CommandLineTools/Library/Frameworks/Python3.framework/Versions/3.9/lib/python3.9/site.py", line 522, in venv
    with open(virtual_conf, encoding='utf-8') as f:
PermissionError: [Errno 1] Operation not permitted: '/Users/zumrudsahverdieva/Desktop/Bot/.venv/pyvenv.cfg'
Fatal Python error: init_import_site: Failed to import the site module
Python runtime state: initialized
Traceback (most recent call last):
  File "/Library/Developer/CommandLineTools/Library/Frameworks/Python3.framework/Versions/3.9/lib/python3.9/site.py", line 621, in <module>
    main()
  File "/Library/Developer/CommandLineTools/Library/Frameworks/Python3.framework/Versions/3.9/lib/python3.9/site.py", line 604, in main
    known_paths = venv(known_paths)
  File "/Library/Developer/CommandLineTools/Library/Frameworks/Python3.framework/Versions/3.9/lib/python3.9/site.py", line 522, in venv
    with open(virtual_conf, encoding='utf-8') as f:
PermissionError: [Errno 1] Operation not permitted: '/Users/zumrudsahverdieva/Desktop/Bot/.venv/pyvenv.cfg'
Fatal Python error: init_import_site: Failed to import the site module
Python runtime state: initialized
Traceback (most recent call last):
  File "/Library/Developer/CommandLineTools/Library/Frameworks/Python3.framework/Versions/3.9/lib/python3.9/site.py", line 621, in <module>
    main()
  File "/Library/Developer/CommandLineTools/Library/Frameworks/Python3.framework/Versions/3.9/lib/python3.9/site.py", line 604, in main
    known_paths = venv(known_paths)
  File "/Library/Developer/CommandLineTools/Library/Frameworks/Python3.framework/Versions/3.9/lib/python3.9/site.py", line 522, in venv
    with open(virtual_conf, encoding='utf-8') as f:
PermissionError: [Errno 1] Operation not permitted: '/Users/zumrudsahverdieva/Desktop/Bot/.venv/pyvenv.cfg'
Fatal Python error: init_import_site: Failed to import the site module
Python runtime state: initialized
Traceback (most recent call last):
  File "/Library/Developer/CommandLineTools/Library/Frameworks/Python3.framework/Versions/3.9/lib/python3.9/site.py", line 621, in <module>
    main()
  File "/Library/Developer/CommandLineTools/Library/Frameworks/Python3.framework/Versions/3.9/lib/python3.9/site.py", line 604, in main
    known_paths = venv(known_paths)
  File "/Library/Developer/CommandLineTools/Library/Frameworks/Python3.framework/Versions/3.9/lib/python3.9/site.py", line 522, in venv
    with open(virtual_conf, encoding='utf-8') as f:
PermissionError: [Errno 1] Operation not permitted: '/Users/zumrudsahverdieva/Desktop/Bot/.venv/pyvenv.cfg'
Fatal Python error: init_import_site: Failed to import the site module
Python runtime state: initialized
Traceback (most recent call last):
  File "/Library/Developer/CommandLineTools/Library/Frameworks/Python3.framework/Versions/3.9/lib/python3.9/site.py", line 621, in <module>
    main()
  File "/Library/Developer/CommandLineTools/Library/Frameworks/Python3.framework/Versions/3.9/lib/python3.9/site.py", line 604, in main
    known_paths = venv(known_paths)
  File "/Library/Developer/CommandLineTools/Library/Frameworks/Python3.framework/Versions/3.9/lib/python3.9/site.py", line 522, in venv
    with open(virtual_conf, encoding='utf-8') as f:
PermissionError: [Errno 1] Operation not permitted: '/Users/zumrudsahverdieva/Desktop/Bot/.venv/pyvenv.cfg'
Fatal Python error: init_import_site: Failed to import the site module
Python runtime state: initialized
Traceback (most recent call last):
  File "/Library/Developer/CommandLineTools/Library/Frameworks/Python3.framework/Versions/3.9/lib/python3.9/site.py", line 621, in <module>
    main()
  File "/Library/Developer/CommandLineTools/Library/Frameworks/Python3.framework/Versions/3.9/lib/python3.9/site.py", line 604, in main
    known_paths = venv(known_paths)
  File "/Library/Developer/CommandLineTools/Library/Frameworks/Python3.framework/Versions/3.9/lib/python3.9/site.py", line 522, in venv
    with open(virtual_conf, encoding='utf-8') as f:
PermissionError: [Errno 1] Operation not permitted: '/Users/zumrudsahverdieva/Desktop/Bot/.venv/pyvenv.cfg'
Fatal Python error: init_import_site: Failed to import the site module
Python runtime state: initialized
Traceback (most recent call last):
  File "/Library/Developer/CommandLineTools/Library/Frameworks/Python3.framework/Versions/3.9/lib/python3.9/site.py", line 621, in <module>
    main()
  File "/Library/Developer/CommandLineTools/Library/Frameworks/Python3.framework/Versions/3.9/lib/python3.9/site.py", line 604, in main
    known_paths = venv(known_paths)
  File "/Library/Developer/CommandLineTools/Library/Frameworks/Python3.framework/Versions/3.9/lib/python3.9/site.py", line 522, in venv
    with open(virtual_conf, encoding='utf-8') as f:
PermissionError: [Errno 1] Operation not permitted: '/Users/zumrudsahverdieva/Desktop/Bot/.venv/pyvenv.cfg'
Fatal Python error: init_import_site: Failed to import the site module
Python runtime state: initialized
Traceback (most recent call last):
  File "/Library/Developer/CommandLineTools/Library/Frameworks/Python3.framework/Versions/3.9/lib/python3.9/site.py", line 621, in <module>
    main()
  File "/Library/Developer/CommandLineTools/Library/Frameworks/Python3.framework/Versions/3.9/lib/python3.9/site.py", line 604, in main
    known_paths = venv(known_paths)
  File "/Library/Developer/CommandLineTools/Library/Frameworks/Python3.framework/Versions/3.9/lib/python3.9/site.py", line 522, in venv
    with open(virtual_conf, encoding='utf-8') as f:
PermissionError: [Errno 1] Operation not permitted: '/Users/zumrudsahverdieva/Desktop/Bot/.venv/pyvenv.cfg'
Fatal Python error: init_import_site: Failed to import the site module
Python runtime state: initialized
Traceback (most recent call last):
  File "/Library/Developer/CommandLineTools/Library/Frameworks/Python3.framework/Versions/3.9/lib/python3.9/site.py", line 621, in <module>
    main()
  File "/Library/Developer/CommandLineTools/Library/Frameworks/Python3.framework/Versions/3.9/lib/python3.9/site.py", line 604, in main
    known_paths = venv(known_paths)
  File "/Library/Developer/CommandLineTools/Library/Frameworks/Python3.framework/Versions/3.9/lib/python3.9/site.py", line 522, in venv
    with open(virtual_conf, encoding='utf-8') as f:
PermissionError: [Errno 1] Operation not permitted: '/Users/zumrudsahverdieva/Desktop/Bot/.venv/pyvenv.cfg'
Fatal Python error: init_import_site: Failed to import the site module
Python runtime state: initialized
Traceback (most recent call last):
  File "/Library/Developer/CommandLineTools/Library/Frameworks/Python3.framework/Versions/3.9/lib/python3.9/site.py", line 621, in <module>
    main()
  File "/Library/Developer/CommandLineTools/Library/Frameworks/Python3.framework/Versions/3.9/lib/python3.9/site.py", line 604, in main
    known_paths = venv(known_paths)
  File "/Library/Developer/CommandLineTools/Library/Frameworks/Python3.framework/Versions/3.9/lib/python3.9/site.py", line 522, in venv
    with open(virtual_conf, encoding='utf-8') as f:
PermissionError: [Errno 1] Operation not permitted: '/Users/zumrudsahverdieva/Desktop/Bot/.venv/pyvenv.cfg'
Fatal Python error: init_import_site: Failed to import the site module
Python runtime state: initialized
Traceback (most recent call last):
  File "/Library/Developer/CommandLineTools/Library/Frameworks/Python3.framework/Versions/3.9/lib/python3.9/site.py", line 621, in <module>
    main()
  File "/Library/Developer/CommandLineTools/Library/Frameworks/Python3.framework/Versions/3.9/lib/python3.9/site.py", line 604, in main
    known_paths = venv(known_paths)
  File "/Library/Developer/CommandLineTools/Library/Frameworks/Python3.framework/Versions/3.9/lib/python3.9/site.py", line 522, in venv
    with open(virtual_conf, encoding='utf-8') as f:
PermissionError: [Errno 1] Operation not permitted: '/Users/zumrudsahverdieva/Desktop/Bot/.venv/pyvenv.cfg'
Fatal Python error: init_import_site: Failed to import the site module
Python runtime state: initialized
Traceback (most recent call last):
  File "/Library/Developer/CommandLineTools/Library/Frameworks/Python3.framework/Versions/3.9/lib/python3.9/site.py", line 621, in <module>
    main()
  File "/Library/Developer/CommandLineTools/Library/Frameworks/Python3.framework/Versions/3.9/lib/python3.9/site.py", line 604, in main
    known_paths = venv(known_paths)
  File "/Library/Developer/CommandLineTools/Library/Frameworks/Python3.framework/Versions/3.9/lib/python3.9/site.py", line 522, in venv
    with open(virtual_conf, encoding='utf-8') as f:
PermissionError: [Errno 1] Operation not permitted: '/Users/zumrudsahverdieva/Desktop/Bot/.venv/pyvenv.cfg'
Fatal Python error: init_import_site: Failed to import the site module
Python runtime state: initialized
Traceback (most recent call last):
  File "/Library/Developer/CommandLineTools/Library/Frameworks/Python3.framework/Versions/3.9/lib/python3.9/site.py", line 621, in <module>
    main()
  File "/Library/Developer/CommandLineTools/Library/Frameworks/Python3.framework/Versions/3.9/lib/python3.9/site.py", line 604, in main
    known_paths = venv(known_paths)
  File "/Library/Developer/CommandLineTools/Library/Frameworks/Python3.framework/Versions/3.9/lib/python3.9/site.py", line 522, in venv
    with open(virtual_conf, encoding='utf-8') as f:
PermissionError: [Errno 1] Operation not permitted: '/Users/zumrudsahverdieva/Desktop/Bot/.venv/pyvenv.cfg'
Fatal Python error: init_import_site: Failed to import the site module
Python runtime state: initialized
Traceback (most recent call last):
  File "/Library/Developer/CommandLineTools/Library/Frameworks/Python3.framework/Versions/3.9/lib/python3.9/site.py", line 621, in <module>
    main()
  File "/Library/Developer/CommandLineTools/Library/Frameworks/Python3.framework/Versions/3.9/lib/python3.9/site.py", line 604, in main
    known_paths = venv(known_paths)
  File "/Library/Developer/CommandLineTools/Library/Frameworks/Python3.framework/Versions/3.9/lib/python3.9/site.py", line 522, in venv
    with open(virtual_conf, encoding='utf-8') as f:
PermissionError: [Errno 1] Operation not permitted: '/Users/zumrudsahverdieva/Desktop/Bot/.venv/pyvenv.cfg'
Fatal Python error: init_import_site: Failed to import the site module
Python runtime state: initialized
Traceback (most recent call last):
  File "/Library/Developer/CommandLineTools/Library/Frameworks/Python3.framework/Versions/3.9/lib/python3.9/site.py", line 621, in <module>
    main()
  File "/Library/Developer/CommandLineTools/Library/Frameworks/Python3.framework/Versions/3.9/lib/python3.9/site.py", line 604, in main
    known_paths = venv(known_paths)
  File "/Library/Developer/CommandLineTools/Library/Frameworks/Python3.framework/Versions/3.9/lib/python3.9/site.py", line 522, in venv
    with open(virtual_conf, encoding='utf-8') as f:
PermissionError: [Errno 1] Operation not permitted: '/Users/zumrudsahverdieva/Desktop/Bot/.venv/pyvenv.cfg'
Fatal Python error: init_import_site: Failed to import the site module
Python runtime state: initialized
Traceback (most recent call last):
  File "/Library/Developer/CommandLineTools/Library/Frameworks/Python3.framework/Versions/3.9/lib/python3.9/site.py", line 621, in <module>
    main()
  File "/Library/Developer/CommandLineTools/Library/Frameworks/Python3.framework/Versions/3.9/lib/python3.9/site.py", line 604, in main
    known_paths = venv(known_paths)
  File "/Library/Developer/CommandLineTools/Library/Frameworks/Python3.framework/Versions/3.9/lib/python3.9/site.py", line 522, in venv
    with open(virtual_conf, encoding='utf-8') as f:
PermissionError: [Errno 1] Operation not permitted: '/Users/zumrudsahverdieva/Desktop/Bot/.venv/pyvenv.cfg'
Fatal Python error: init_import_site: Failed to import the site module
Python runtime state: initialized
Traceback (most recent call last):
  File "/Library/Developer/CommandLineTools/Library/Frameworks/Python3.framework/Versions/3.9/lib/python3.9/site.py", line 621, in <module>
    main()
  File "/Library/Developer/CommandLineTools/Library/Frameworks/Python3.framework/Versions/3.9/lib/python3.9/site.py", line 604, in main
    known_paths = venv(known_paths)
  File "/Library/Developer/CommandLineTools/Library/Frameworks/Python3.framework/Versions/3.9/lib/python3.9/site.py", line 522, in venv
    with open(virtual_conf, encoding='utf-8') as f:
PermissionError: [Errno 1] Operation not permitted: '/Users/zumrudsahverdieva/Desktop/Bot/.venv/pyvenv.cfg'
Fatal Python error: init_import_site: Failed to import the site module
Python runtime state: initialized
Traceback (most recent call last):
  File "/Library/Developer/CommandLineTools/Library/Frameworks/Python3.framework/Versions/3.9/lib/python3.9/site.py", line 621, in <module>
    main()
  File "/Library/Developer/CommandLineTools/Library/Frameworks/Python3.framework/Versions/3.9/lib/python3.9/site.py", line 604, in main
    known_paths = venv(known_paths)
  File "/Library/Developer/CommandLineTools/Library/Frameworks/Python3.framework/Versions/3.9/lib/python3.9/site.py", line 522, in venv
    with open(virtual_conf, encoding='utf-8') as f:
PermissionError: [Errno 1] Operation not permitted: '/Users/zumrudsahverdieva/Desktop/Bot/.venv/pyvenv.cfg'
Fatal Python error: init_import_site: Failed to import the site module
Python runtime state: initialized
Traceback (most recent call last):
  File "/Library/Developer/CommandLineTools/Library/Frameworks/Python3.framework/Versions/3.9/lib/python3.9/site.py", line 621, in <module>
    main()
  File "/Library/Developer/CommandLineTools/Library/Frameworks/Python3.framework/Versions/3.9/lib/python3.9/site.py", line 604, in main
    known_paths = venv(known_paths)
  File "/Library/Developer/CommandLineTools/Library/Frameworks/Python3.framework/Versions/3.9/lib/python3.9/site.py", line 522, in venv
    with open(virtual_conf, encoding='utf-8') as f:
PermissionError: [Errno 1] Operation not permitted: '/Users/zumrudsahverdieva/Desktop/Bot/.venv/pyvenv.cfg'
Fatal Python error: init_import_site: Failed to import the site module
Python runtime state: initialized
Traceback (most recent call last):
  File "/Library/Developer/CommandLineTools/Library/Frameworks/Python3.framework/Versions/3.9/lib/python3.9/site.py", line 621, in <module>
    main()
  File "/Library/Developer/CommandLineTools/Library/Frameworks/Python3.framework/Versions/3.9/lib/python3.9/site.py", line 604, in main
    known_paths = venv(known_paths)
  File "/Library/Developer/CommandLineTools/Library/Frameworks/Python3.framework/Versions/3.9/lib/python3.9/site.py", line 522, in venv
    with open(virtual_conf, encoding='utf-8') as f:
PermissionError: [Errno 1] Operation not permitted: '/Users/zumrudsahverdieva/Desktop/Bot/.venv/pyvenv.cfg'
Fatal Python error: init_import_site: Failed to import the site module
Python runtime state: initialized
Traceback (most recent call last):
  File "/Library/Developer/CommandLineTools/Library/Frameworks/Python3.framework/Versions/3.9/lib/python3.9/site.py", line 621, in <module>
    main()
  File "/Library/Developer/CommandLineTools/Library/Frameworks/Python3.framework/Versions/3.9/lib/python3.9/site.py", line 604, in main
    known_paths = venv(known_paths)
  File "/Library/Developer/CommandLineTools/Library/Frameworks/Python3.framework/Versions/3.9/lib/python3.9/site.py", line 522, in venv
    with open(virtual_conf, encoding='utf-8') as f:
PermissionError: [Errno 1] Operation not permitted: '/Users/zumrudsahverdieva/Desktop/Bot/.venv/pyvenv.cfg'
Fatal Python error: init_import_site: Failed to import the site module
Python runtime state: initialized
Traceback (most recent call last):
  File "/Library/Developer/CommandLineTools/Library/Frameworks/Python3.framework/Versions/3.9/lib/python3.9/site.py", line 621, in <module>
    main()
  File "/Library/Developer/CommandLineTools/Library/Frameworks/Python3.framework/Versions/3.9/lib/python3.9/site.py", line 604, in main
    known_paths = venv(known_paths)
  File "/Library/Developer/CommandLineTools/Library/Frameworks/Python3.framework/Versions/3.9/lib/python3.9/site.py", line 522, in venv
    with open(virtual_conf, encoding='utf-8') as f:
PermissionError: [Errno 1] Operation not permitted: '/Users/zumrudsahverdieva/Desktop/Bot/.venv/pyvenv.cfg'
Fatal Python error: init_import_site: Failed to import the site module
Python runtime state: initialized
Traceback (most recent call last):
  File "/Library/Developer/CommandLineTools/Library/Frameworks/Python3.framework/Versions/3.9/lib/python3.9/site.py", line 621, in <module>
    main()
  File "/Library/Developer/CommandLineTools/Library/Frameworks/Python3.framework/Versions/3.9/lib/python3.9/site.py", line 604, in main
    known_paths = venv(known_paths)
  File "/Library/Developer/CommandLineTools/Library/Frameworks/Python3.framework/Versions/3.9/lib/python3.9/site.py", line 522, in venv
    with open(virtual_conf, encoding='utf-8') as f:
PermissionError: [Errno 1] Operation not permitted: '/Users/zumrudsahverdieva/Desktop/Bot/.venv/pyvenv.cfg'
Fatal Python error: init_import_site: Failed to import the site module
Python runtime state: initialized
Traceback (most recent call last):
  File "/Library/Developer/CommandLineTools/Library/Frameworks/Python3.framework/Versions/3.9/lib/python3.9/site.py", line 621, in <module>
    main()
  File "/Library/Developer/CommandLineTools/Library/Frameworks/Python3.framework/Versions/3.9/lib/python3.9/site.py", line 604, in main
    known_paths = venv(known_paths)
  File "/Library/Developer/CommandLineTools/Library/Frameworks/Python3.framework/Versions/3.9/lib/python3.9/site.py", line 522, in venv
    with open(virtual_conf, encoding='utf-8') as f:
PermissionError: [Errno 1] Operation not permitted: '/Users/zumrudsahverdieva/Desktop/Bot/.venv/pyvenv.cfg'
Fatal Python error: init_import_site: Failed to import the site module
Python runtime state: initialized
Traceback (most recent call last):
  File "/Library/Developer/CommandLineTools/Library/Frameworks/Python3.framework/Versions/3.9/lib/python3.9/site.py", line 621, in <module>
    main()
  File "/Library/Developer/CommandLineTools/Library/Frameworks/Python3.framework/Versions/3.9/lib/python3.9/site.py", line 604, in main
    known_paths = venv(known_paths)
  File "/Library/Developer/CommandLineTools/Library/Frameworks/Python3.framework/Versions/3.9/lib/python3.9/site.py", line 522, in venv
    with open(virtual_conf, encoding='utf-8') as f:
PermissionError: [Errno 1] Operation not permitted: '/Users/zumrudsahverdieva/Desktop/Bot/.venv/pyvenv.cfg'
Fatal Python error: init_import_site: Failed to import the site module
Python runtime state: initialized
Traceback (most recent call last):
  File "/Library/Developer/CommandLineTools/Library/Frameworks/Python3.framework/Versions/3.9/lib/python3.9/site.py", line 621, in <module>
    main()
  File "/Library/Developer/CommandLineTools/Library/Frameworks/Python3.framework/Versions/3.9/lib/python3.9/site.py", line 604, in main
    known_paths = venv(known_paths)
  File "/Library/Developer/CommandLineTools/Library/Frameworks/Python3.framework/Versions/3.9/lib/python3.9/site.py", line 522, in venv
    with open(virtual_conf, encoding='utf-8') as f:
PermissionError: [Errno 1] Operation not permitted: '/Users/zumrudsahverdieva/Desktop/Bot/.venv/pyvenv.cfg'
Fatal Python error: init_import_site: Failed to import the site module
Python runtime state: initialized
Traceback (most recent call last):
  File "/Library/Developer/CommandLineTools/Library/Frameworks/Python3.framework/Versions/3.9/lib/python3.9/site.py", line 621, in <module>
    main()
  File "/Library/Developer/CommandLineTools/Library/Frameworks/Python3.framework/Versions/3.9/lib/python3.9/site.py", line 604, in main
    known_paths = venv(known_paths)
  File "/Library/Developer/CommandLineTools/Library/Frameworks/Python3.framework/Versions/3.9/lib/python3.9/site.py", line 522, in venv
    with open(virtual_conf, encoding='utf-8') as f:
PermissionError: [Errno 1] Operation not permitted: '/Users/zumrudsahverdieva/Desktop/Bot/.venv/pyvenv.cfg'
Fatal Python error: init_import_site: Failed to import the site module
Python runtime state: initialized
Traceback (most recent call last):
  File "/Library/Developer/CommandLineTools/Library/Frameworks/Python3.framework/Versions/3.9/lib/python3.9/site.py", line 621, in <module>
    main()
  File "/Library/Developer/CommandLineTools/Library/Frameworks/Python3.framework/Versions/3.9/lib/python3.9/site.py", line 604, in main
    known_paths = venv(known_paths)
  File "/Library/Developer/CommandLineTools/Library/Frameworks/Python3.framework/Versions/3.9/lib/python3.9/site.py", line 522, in venv
    with open(virtual_conf, encoding='utf-8') as f:
PermissionError: [Errno 1] Operation not permitted: '/Users/zumrudsahverdieva/Desktop/Bot/.venv/pyvenv.cfg'
Fatal Python error: init_import_site: Failed to import the site module
Python runtime state: initialized
Traceback (most recent call last):
  File "/Library/Developer/CommandLineTools/Library/Frameworks/Python3.framework/Versions/3.9/lib/python3.9/site.py", line 621, in <module>
    main()
  File "/Library/Developer/CommandLineTools/Library/Frameworks/Python3.framework/Versions/3.9/lib/python3.9/site.py", line 604, in main
    known_paths = venv(known_paths)
  File "/Library/Developer/CommandLineTools/Library/Frameworks/Python3.framework/Versions/3.9/lib/python3.9/site.py", line 522, in venv
    with open(virtual_conf, encoding='utf-8') as f:
PermissionError: [Errno 1] Operation not permitted: '/Users/zumrudsahverdieva/Desktop/Bot/.venv/pyvenv.cfg'
Fatal Python error: init_import_site: Failed to import the site module
Python runtime state: initialized
Traceback (most recent call last):
  File "/Library/Developer/CommandLineTools/Library/Frameworks/Python3.framework/Versions/3.9/lib/python3.9/site.py", line 621, in <module>
    main()
  File "/Library/Developer/CommandLineTools/Library/Frameworks/Python3.framework/Versions/3.9/lib/python3.9/site.py", line 604, in main
    known_paths = venv(known_paths)
  File "/Library/Developer/CommandLineTools/Library/Frameworks/Python3.framework/Versions/3.9/lib/python3.9/site.py", line 522, in venv
    with open(virtual_conf, encoding='utf-8') as f:
PermissionError: [Errno 1] Operation not permitted: '/Users/zumrudsahverdieva/Desktop/Bot/.venv/pyvenv.cfg'
Fatal Python error: init_import_site: Failed to import the site module
Python runtime state: initialized
Traceback (most recent call last):
  File "/Library/Developer/CommandLineTools/Library/Frameworks/Python3.framework/Versions/3.9/lib/python3.9/site.py", line 621, in <module>
    main()
  File "/Library/Developer/CommandLineTools/Library/Frameworks/Python3.framework/Versions/3.9/lib/python3.9/site.py", line 604, in main
    known_paths = venv(known_paths)
  File "/Library/Developer/CommandLineTools/Library/Frameworks/Python3.framework/Versions/3.9/lib/python3.9/site.py", line 522, in venv
    with open(virtual_conf, encoding='utf-8') as f:
PermissionError: [Errno 1] Operation not permitted: '/Users/zumrudsahverdieva/Desktop/Bot/.venv/pyvenv.cfg'
Fatal Python error: init_import_site: Failed to import the site module
Python runtime state: initialized
Traceback (most recent call last):
  File "/Library/Developer/CommandLineTools/Library/Frameworks/Python3.framework/Versions/3.9/lib/python3.9/site.py", line 621, in <module>
    main()
  File "/Library/Developer/CommandLineTools/Library/Frameworks/Python3.framework/Versions/3.9/lib/python3.9/site.py", line 604, in main
    known_paths = venv(known_paths)
  File "/Library/Developer/CommandLineTools/Library/Frameworks/Python3.framework/Versions/3.9/lib/python3.9/site.py", line 522, in venv
    with open(virtual_conf, encoding='utf-8') as f:
PermissionError: [Errno 1] Operation not permitted: '/Users/zumrudsahverdieva/Desktop/Bot/.venv/pyvenv.cfg'
Fatal Python error: init_import_site: Failed to import the site module
Python runtime state: initialized
Traceback (most recent call last):
  File "/Library/Developer/CommandLineTools/Library/Frameworks/Python3.framework/Versions/3.9/lib/python3.9/site.py", line 621, in <module>
    main()
  File "/Library/Developer/CommandLineTools/Library/Frameworks/Python3.framework/Versions/3.9/lib/python3.9/site.py", line 604, in main
    known_paths = venv(known_paths)
  File "/Library/Developer/CommandLineTools/Library/Frameworks/Python3.framework/Versions/3.9/lib/python3.9/site.py", line 522, in venv
    with open(virtual_conf, encoding='utf-8') as f:
PermissionError: [Errno 1] Operation not permitted: '/Users/zumrudsahverdieva/Desktop/Bot/.venv/pyvenv.cfg'
Fatal Python error: init_import_site: Failed to import the site module
Python runtime state: initialized
Traceback (most recent call last):
  File "/Library/Developer/CommandLineTools/Library/Frameworks/Python3.framework/Versions/3.9/lib/python3.9/site.py", line 621, in <module>
    main()
  File "/Library/Developer/CommandLineTools/Library/Frameworks/Python3.framework/Versions/3.9/lib/python3.9/site.py", line 604, in main
    known_paths = venv(known_paths)
  File "/Library/Developer/CommandLineTools/Library/Frameworks/Python3.framework/Versions/3.9/lib/python3.9/site.py", line 522, in venv
    with open(virtual_conf, encoding='utf-8') as f:
PermissionError: [Errno 1] Operation not permitted: '/Users/zumrudsahverdieva/Desktop/Bot/.venv/pyvenv.cfg'
Fatal Python error: init_import_site: Failed to import the site module
Python runtime state: initialized
Traceback (most recent call last):
  File "/Library/Developer/CommandLineTools/Library/Frameworks/Python3.framework/Versions/3.9/lib/python3.9/site.py", line 621, in <module>
    main()
  File "/Library/Developer/CommandLineTools/Library/Frameworks/Python3.framework/Versions/3.9/lib/python3.9/site.py", line 604, in main
    known_paths = venv(known_paths)
  File "/Library/Developer/CommandLineTools/Library/Frameworks/Python3.framework/Versions/3.9/lib/python3.9/site.py", line 522, in venv
    with open(virtual_conf, encoding='utf-8') as f:
PermissionError: [Errno 1] Operation not permitted: '/Users/zumrudsahverdieva/Desktop/Bot/.venv/pyvenv.cfg'
Fatal Python error: init_import_site: Failed to import the site module
Python runtime state: initialized
Traceback (most recent call last):
  File "/Library/Developer/CommandLineTools/Library/Frameworks/Python3.framework/Versions/3.9/lib/python3.9/site.py", line 621, in <module>
    main()
  File "/Library/Developer/CommandLineTools/Library/Frameworks/Python3.framework/Versions/3.9/lib/python3.9/site.py", line 604, in main
    known_paths = venv(known_paths)
  File "/Library/Developer/CommandLineTools/Library/Frameworks/Python3.framework/Versions/3.9/lib/python3.9/site.py", line 522, in venv
    with open(virtual_conf, encoding='utf-8') as f:
PermissionError: [Errno 1] Operation not permitted: '/Users/zumrudsahverdieva/Desktop/Bot/.venv/pyvenv.cfg'
Fatal Python error: init_import_site: Failed to import the site module
Python runtime state: initialized
Traceback (most recent call last):
  File "/Library/Developer/CommandLineTools/Library/Frameworks/Python3.framework/Versions/3.9/lib/python3.9/site.py", line 621, in <module>
    main()
  File "/Library/Developer/CommandLineTools/Library/Frameworks/Python3.framework/Versions/3.9/lib/python3.9/site.py", line 604, in main
    known_paths = venv(known_paths)
  File "/Library/Developer/CommandLineTools/Library/Frameworks/Python3.framework/Versions/3.9/lib/python3.9/site.py", line 522, in venv
    with open(virtual_conf, encoding='utf-8') as f:
PermissionError: [Errno 1] Operation not permitted: '/Users/zumrudsahverdieva/Desktop/Bot/.venv/pyvenv.cfg'
Fatal Python error: init_import_site: Failed to import the site module
Python runtime state: initialized
Traceback (most recent call last):
  File "/Library/Developer/CommandLineTools/Library/Frameworks/Python3.framework/Versions/3.9/lib/python3.9/site.py", line 621, in <module>
    main()
  File "/Library/Developer/CommandLineTools/Library/Frameworks/Python3.framework/Versions/3.9/lib/python3.9/site.py", line 604, in main
    known_paths = venv(known_paths)
  File "/Library/Developer/CommandLineTools/Library/Frameworks/Python3.framework/Versions/3.9/lib/python3.9/site.py", line 522, in venv
    with open(virtual_conf, encoding='utf-8') as f:
PermissionError: [Errno 1] Operation not permitted: '/Users/zumrudsahverdieva/Desktop/Bot/.venv/pyvenv.cfg'
Fatal Python error: init_import_site: Failed to import the site module
Python runtime state: initialized
Traceback (most recent call last):
  File "/Library/Developer/CommandLineTools/Library/Frameworks/Python3.framework/Versions/3.9/lib/python3.9/site.py", line 621, in <module>
    main()
  File "/Library/Developer/CommandLineTools/Library/Frameworks/Python3.framework/Versions/3.9/lib/python3.9/site.py", line 604, in main
    known_paths = venv(known_paths)
  File "/Library/Developer/CommandLineTools/Library/Frameworks/Python3.framework/Versions/3.9/lib/python3.9/site.py", line 522, in venv
    with open(virtual_conf, encoding='utf-8') as f:
PermissionError: [Errno 1] Operation not permitted: '/Users/zumrudsahverdieva/Desktop/Bot/.venv/pyvenv.cfg'
Fatal Python error: init_import_site: Failed to import the site module
Python runtime state: initialized
Traceback (most recent call last):
  File "/Library/Developer/CommandLineTools/Library/Frameworks/Python3.framework/Versions/3.9/lib/python3.9/site.py", line 621, in <module>
    main()
  File "/Library/Developer/CommandLineTools/Library/Frameworks/Python3.framework/Versions/3.9/lib/python3.9/site.py", line 604, in main
    known_paths = venv(known_paths)
  File "/Library/Developer/CommandLineTools/Library/Frameworks/Python3.framework/Versions/3.9/lib/python3.9/site.py", line 522, in venv
    with open(virtual_conf, encoding='utf-8') as f:
PermissionError: [Errno 1] Operation not permitted: '/Users/zumrudsahverdieva/Desktop/Bot/.venv/pyvenv.cfg'
Fatal Python error: init_import_site: Failed to import the site module
Python runtime state: initialized
Traceback (most recent call last):
  File "/Library/Developer/CommandLineTools/Library/Frameworks/Python3.framework/Versions/3.9/lib/python3.9/site.py", line 621, in <module>
    main()
  File "/Library/Developer/CommandLineTools/Library/Frameworks/Python3.framework/Versions/3.9/lib/python3.9/site.py", line 604, in main
    known_paths = venv(known_paths)
  File "/Library/Developer/CommandLineTools/Library/Frameworks/Python3.framework/Versions/3.9/lib/python3.9/site.py", line 522, in venv
    with open(virtual_conf, encoding='utf-8') as f:
PermissionError: [Errno 1] Operation not permitted: '/Users/zumrudsahverdieva/Desktop/Bot/.venv/pyvenv.cfg'
Fatal Python error: init_import_site: Failed to import the site module
Python runtime state: initialized
Traceback (most recent call last):
  File "/Library/Developer/CommandLineTools/Library/Frameworks/Python3.framework/Versions/3.9/lib/python3.9/site.py", line 621, in <module>
    main()
  File "/Library/Developer/CommandLineTools/Library/Frameworks/Python3.framework/Versions/3.9/lib/python3.9/site.py", line 604, in main
    known_paths = venv(known_paths)
  File "/Library/Developer/CommandLineTools/Library/Frameworks/Python3.framework/Versions/3.9/lib/python3.9/site.py", line 522, in venv
    with open(virtual_conf, encoding='utf-8') as f:
PermissionError: [Errno 1] Operation not permitted: '/Users/zumrudsahverdieva/Desktop/Bot/.venv/pyvenv.cfg'
Fatal Python error: init_import_site: Failed to import the site module
Python runtime state: initialized
Traceback (most recent call last):
  File "/Library/Developer/CommandLineTools/Library/Frameworks/Python3.framework/Versions/3.9/lib/python3.9/site.py", line 621, in <module>
    main()
  File "/Library/Developer/CommandLineTools/Library/Frameworks/Python3.framework/Versions/3.9/lib/python3.9/site.py", line 604, in main
    known_paths = venv(known_paths)
  File "/Library/Developer/CommandLineTools/Library/Frameworks/Python3.framework/Versions/3.9/lib/python3.9/site.py", line 522, in venv
    with open(virtual_conf, encoding='utf-8') as f:
PermissionError: [Errno 1] Operation not permitted: '/Users/zumrudsahverdieva/Desktop/Bot/.venv/pyvenv.cfg'
Fatal Python error: init_import_site: Failed to import the site module
Python runtime state: initialized
Traceback (most recent call last):
  File "/Library/Developer/CommandLineTools/Library/Frameworks/Python3.framework/Versions/3.9/lib/python3.9/site.py", line 621, in <module>
    main()
  File "/Library/Developer/CommandLineTools/Library/Frameworks/Python3.framework/Versions/3.9/lib/python3.9/site.py", line 604, in main
    known_paths = venv(known_paths)
  File "/Library/Developer/CommandLineTools/Library/Frameworks/Python3.framework/Versions/3.9/lib/python3.9/site.py", line 522, in venv
    with open(virtual_conf, encoding='utf-8') as f:
PermissionError: [Errno 1] Operation not permitted: '/Users/zumrudsahverdieva/Desktop/Bot/.venv/pyvenv.cfg'
Fatal Python error: init_import_site: Failed to import the site module
Python runtime state: initialized
Traceback (most recent call last):
  File "/Library/Developer/CommandLineTools/Library/Frameworks/Python3.framework/Versions/3.9/lib/python3.9/site.py", line 621, in <module>
    main()
  File "/Library/Developer/CommandLineTools/Library/Frameworks/Python3.framework/Versions/3.9/lib/python3.9/site.py", line 604, in main
    known_paths = venv(known_paths)
  File "/Library/Developer/CommandLineTools/Library/Frameworks/Python3.framework/Versions/3.9/lib/python3.9/site.py", line 522, in venv
    with open(virtual_conf, encoding='utf-8') as f:
PermissionError: [Errno 1] Operation not permitted: '/Users/zumrudsahverdieva/Desktop/Bot/.venv/pyvenv.cfg'
Fatal Python error: init_import_site: Failed to import the site module
Python runtime state: initialized
Traceback (most recent call last):
  File "/Library/Developer/CommandLineTools/Library/Frameworks/Python3.framework/Versions/3.9/lib/python3.9/site.py", line 621, in <module>
    main()
  File "/Library/Developer/CommandLineTools/Library/Frameworks/Python3.framework/Versions/3.9/lib/python3.9/site.py", line 604, in main
    known_paths = venv(known_paths)
  File "/Library/Developer/CommandLineTools/Library/Frameworks/Python3.framework/Versions/3.9/lib/python3.9/site.py", line 522, in venv
    with open(virtual_conf, encoding='utf-8') as f:
PermissionError: [Errno 1] Operation not permitted: '/Users/zumrudsahverdieva/Desktop/Bot/.venv/pyvenv.cfg'
Fatal Python error: init_import_site: Failed to import the site module
Python runtime state: initialized
Traceback (most recent call last):
  File "/Library/Developer/CommandLineTools/Library/Frameworks/Python3.framework/Versions/3.9/lib/python3.9/site.py", line 621, in <module>
    main()
  File "/Library/Developer/CommandLineTools/Library/Frameworks/Python3.framework/Versions/3.9/lib/python3.9/site.py", line 604, in main
    known_paths = venv(known_paths)
  File "/Library/Developer/CommandLineTools/Library/Frameworks/Python3.framework/Versions/3.9/lib/python3.9/site.py", line 522, in venv
    with open(virtual_conf, encoding='utf-8') as f:
PermissionError: [Errno 1] Operation not permitted: '/Users/zumrudsahverdieva/Desktop/Bot/.venv/pyvenv.cfg'
Fatal Python error: init_import_site: Failed to import the site module
Python runtime state: initialized
Traceback (most recent call last):
  File "/Library/Developer/CommandLineTools/Library/Frameworks/Python3.framework/Versions/3.9/lib/python3.9/site.py", line 621, in <module>
    main()
  File "/Library/Developer/CommandLineTools/Library/Frameworks/Python3.framework/Versions/3.9/lib/python3.9/site.py", line 604, in main
    known_paths = venv(known_paths)
  File "/Library/Developer/CommandLineTools/Library/Frameworks/Python3.framework/Versions/3.9/lib/python3.9/site.py", line 522, in venv
    with open(virtual_conf, encoding='utf-8') as f:
PermissionError: [Errno 1] Operation not permitted: '/Users/zumrudsahverdieva/Desktop/Bot/.venv/pyvenv.cfg'
Fatal Python error: init_import_site: Failed to import the site module
Python runtime state: initialized
Traceback (most recent call last):
  File "/Library/Developer/CommandLineTools/Library/Frameworks/Python3.framework/Versions/3.9/lib/python3.9/site.py", line 621, in <module>
    main()
  File "/Library/Developer/CommandLineTools/Library/Frameworks/Python3.framework/Versions/3.9/lib/python3.9/site.py", line 604, in main
    known_paths = venv(known_paths)
  File "/Library/Developer/CommandLineTools/Library/Frameworks/Python3.framework/Versions/3.9/lib/python3.9/site.py", line 522, in venv
    with open(virtual_conf, encoding='utf-8') as f:
PermissionError: [Errno 1] Operation not permitted: '/Users/zumrudsahverdieva/Desktop/Bot/.venv/pyvenv.cfg'
Fatal Python error: init_import_site: Failed to import the site module
Python runtime state: initialized
Traceback (most recent call last):
  File "/Library/Developer/CommandLineTools/Library/Frameworks/Python3.framework/Versions/3.9/lib/python3.9/site.py", line 621, in <module>
    main()
  File "/Library/Developer/CommandLineTools/Library/Frameworks/Python3.framework/Versions/3.9/lib/python3.9/site.py", line 604, in main
    known_paths = venv(known_paths)
  File "/Library/Developer/CommandLineTools/Library/Frameworks/Python3.framework/Versions/3.9/lib/python3.9/site.py", line 522, in venv
    with open(virtual_conf, encoding='utf-8') as f:
PermissionError: [Errno 1] Operation not permitted: '/Users/zumrudsahverdieva/Desktop/Bot/.venv/pyvenv.cfg'
Fatal Python error: init_import_site: Failed to import the site module
Python runtime state: initialized
Traceback (most recent call last):
  File "/Library/Developer/CommandLineTools/Library/Frameworks/Python3.framework/Versions/3.9/lib/python3.9/site.py", line 621, in <module>
    main()
  File "/Library/Developer/CommandLineTools/Library/Frameworks/Python3.framework/Versions/3.9/lib/python3.9/site.py", line 604, in main
    known_paths = venv(known_paths)
  File "/Library/Developer/CommandLineTools/Library/Frameworks/Python3.framework/Versions/3.9/lib/python3.9/site.py", line 522, in venv
    with open(virtual_conf, encoding='utf-8') as f:
PermissionError: [Errno 1] Operation not permitted: '/Users/zumrudsahverdieva/Desktop/Bot/.venv/pyvenv.cfg'
Fatal Python error: init_import_site: Failed to import the site module
Python runtime state: initialized
Traceback (most recent call last):
  File "/Library/Developer/CommandLineTools/Library/Frameworks/Python3.framework/Versions/3.9/lib/python3.9/site.py", line 621, in <module>
    main()
  File "/Library/Developer/CommandLineTools/Library/Frameworks/Python3.framework/Versions/3.9/lib/python3.9/site.py", line 604, in main
    known_paths = venv(known_paths)
  File "/Library/Developer/CommandLineTools/Library/Frameworks/Python3.framework/Versions/3.9/lib/python3.9/site.py", line 522, in venv
    with open(virtual_conf, encoding='utf-8') as f:
PermissionError: [Errno 1] Operation not permitted: '/Users/zumrudsahverdieva/Desktop/Bot/.venv/pyvenv.cfg'
Fatal Python error: init_import_site: Failed to import the site module
Python runtime state: initialized
Traceback (most recent call last):
  File "/Library/Developer/CommandLineTools/Library/Frameworks/Python3.framework/Versions/3.9/lib/python3.9/site.py", line 621, in <module>
    main()
  File "/Library/Developer/CommandLineTools/Library/Frameworks/Python3.framework/Versions/3.9/lib/python3.9/site.py", line 604, in main
    known_paths = venv(known_paths)
  File "/Library/Developer/CommandLineTools/Library/Frameworks/Python3.framework/Versions/3.9/lib/python3.9/site.py", line 522, in venv
    with open(virtual_conf, encoding='utf-8') as f:
PermissionError: [Errno 1] Operation not permitted: '/Users/zumrudsahverdieva/Desktop/Bot/.venv/pyvenv.cfg'
Fatal Python error: init_import_site: Failed to import the site module
Python runtime state: initialized
Traceback (most recent call last):
  File "/Library/Developer/CommandLineTools/Library/Frameworks/Python3.framework/Versions/3.9/lib/python3.9/site.py", line 621, in <module>
    main()
  File "/Library/Developer/CommandLineTools/Library/Frameworks/Python3.framework/Versions/3.9/lib/python3.9/site.py", line 604, in main
    known_paths = venv(known_paths)
  File "/Library/Developer/CommandLineTools/Library/Frameworks/Python3.framework/Versions/3.9/lib/python3.9/site.py", line 522, in venv
    with open(virtual_conf, encoding='utf-8') as f:
PermissionError: [Errno 1] Operation not permitted: '/Users/zumrudsahverdieva/Desktop/Bot/.venv/pyvenv.cfg'
Fatal Python error: init_import_site: Failed to import the site module
Python runtime state: initialized
Traceback (most recent call last):
  File "/Library/Developer/CommandLineTools/Library/Frameworks/Python3.framework/Versions/3.9/lib/python3.9/site.py", line 621, in <module>
    main()
  File "/Library/Developer/CommandLineTools/Library/Frameworks/Python3.framework/Versions/3.9/lib/python3.9/site.py", line 604, in main
    known_paths = venv(known_paths)
  File "/Library/Developer/CommandLineTools/Library/Frameworks/Python3.framework/Versions/3.9/lib/python3.9/site.py", line 522, in venv
    with open(virtual_conf, encoding='utf-8') as f:
PermissionError: [Errno 1] Operation not permitted: '/Users/zumrudsahverdieva/Desktop/Bot/.venv/pyvenv.cfg'
Fatal Python error: init_import_site: Failed to import the site module
Python runtime state: initialized
Traceback (most recent call last):
  File "/Library/Developer/CommandLineTools/Library/Frameworks/Python3.framework/Versions/3.9/lib/python3.9/site.py", line 621, in <module>
    main()
  File "/Library/Developer/CommandLineTools/Library/Frameworks/Python3.framework/Versions/3.9/lib/python3.9/site.py", line 604, in main
    known_paths = venv(known_paths)
  File "/Library/Developer/CommandLineTools/Library/Frameworks/Python3.framework/Versions/3.9/lib/python3.9/site.py", line 522, in venv
    with open(virtual_conf, encoding='utf-8') as f:
PermissionError: [Errno 1] Operation not permitted: '/Users/zumrudsahverdieva/Desktop/Bot/.venv/pyvenv.cfg'
Fatal Python error: init_import_site: Failed to import the site module
Python runtime state: initialized
Traceback (most recent call last):
  File "/Library/Developer/CommandLineTools/Library/Frameworks/Python3.framework/Versions/3.9/lib/python3.9/site.py", line 621, in <module>
    main()
  File "/Library/Developer/CommandLineTools/Library/Frameworks/Python3.framework/Versions/3.9/lib/python3.9/site.py", line 604, in main
    known_paths = venv(known_paths)
  File "/Library/Developer/CommandLineTools/Library/Frameworks/Python3.framework/Versions/3.9/lib/python3.9/site.py", line 522, in venv
    with open(virtual_conf, encoding='utf-8') as f:
PermissionError: [Errno 1] Operation not permitted: '/Users/zumrudsahverdieva/Desktop/Bot/.venv/pyvenv.cfg'
Fatal Python error: init_import_site: Failed to import the site module
Python runtime state: initialized
Traceback (most recent call last):
  File "/Library/Developer/CommandLineTools/Library/Frameworks/Python3.framework/Versions/3.9/lib/python3.9/site.py", line 621, in <module>
    main()
  File "/Library/Developer/CommandLineTools/Library/Frameworks/Python3.framework/Versions/3.9/lib/python3.9/site.py", line 604, in main
    known_paths = venv(known_paths)
  File "/Library/Developer/CommandLineTools/Library/Frameworks/Python3.framework/Versions/3.9/lib/python3.9/site.py", line 522, in venv
    with open(virtual_conf, encoding='utf-8') as f:
PermissionError: [Errno 1] Operation not permitted: '/Users/zumrudsahverdieva/Desktop/Bot/.venv/pyvenv.cfg'
Fatal Python error: init_import_site: Failed to import the site module
Python runtime state: initialized
Traceback (most recent call last):
  File "/Library/Developer/CommandLineTools/Library/Frameworks/Python3.framework/Versions/3.9/lib/python3.9/site.py", line 621, in <module>
    main()
  File "/Library/Developer/CommandLineTools/Library/Frameworks/Python3.framework/Versions/3.9/lib/python3.9/site.py", line 604, in main
    known_paths = venv(known_paths)
  File "/Library/Developer/CommandLineTools/Library/Frameworks/Python3.framework/Versions/3.9/lib/python3.9/site.py", line 522, in venv
    with open(virtual_conf, encoding='utf-8') as f:
PermissionError: [Errno 1] Operation not permitted: '/Users/zumrudsahverdieva/Desktop/Bot/.venv/pyvenv.cfg'
Fatal Python error: init_import_site: Failed to import the site module
Python runtime state: initialized
Traceback (most recent call last):
  File "/Library/Developer/CommandLineTools/Library/Frameworks/Python3.framework/Versions/3.9/lib/python3.9/site.py", line 621, in <module>
    main()
  File "/Library/Developer/CommandLineTools/Library/Frameworks/Python3.framework/Versions/3.9/lib/python3.9/site.py", line 604, in main
    known_paths = venv(known_paths)
  File "/Library/Developer/CommandLineTools/Library/Frameworks/Python3.framework/Versions/3.9/lib/python3.9/site.py", line 522, in venv
    with open(virtual_conf, encoding='utf-8') as f:
PermissionError: [Errno 1] Operation not permitted: '/Users/zumrudsahverdieva/Desktop/Bot/.venv/pyvenv.cfg'
Fatal Python error: init_import_site: Failed to import the site module
Python runtime state: initialized
Traceback (most recent call last):
  File "/Library/Developer/CommandLineTools/Library/Frameworks/Python3.framework/Versions/3.9/lib/python3.9/site.py", line 621, in <module>
    main()
  File "/Library/Developer/CommandLineTools/Library/Frameworks/Python3.framework/Versions/3.9/lib/python3.9/site.py", line 604, in main
    known_paths = venv(known_paths)
  File "/Library/Developer/CommandLineTools/Library/Frameworks/Python3.framework/Versions/3.9/lib/python3.9/site.py", line 522, in venv
    with open(virtual_conf, encoding='utf-8') as f:
PermissionError: [Errno 1] Operation not permitted: '/Users/zumrudsahverdieva/Desktop/Bot/.venv/pyvenv.cfg'
Fatal Python error: init_import_site: Failed to import the site module
Python runtime state: initialized
Traceback (most recent call last):
  File "/Library/Developer/CommandLineTools/Library/Frameworks/Python3.framework/Versions/3.9/lib/python3.9/site.py", line 621, in <module>
    main()
  File "/Library/Developer/CommandLineTools/Library/Frameworks/Python3.framework/Versions/3.9/lib/python3.9/site.py", line 604, in main
    known_paths = venv(known_paths)
  File "/Library/Developer/CommandLineTools/Library/Frameworks/Python3.framework/Versions/3.9/lib/python3.9/site.py", line 522, in venv
    with open(virtual_conf, encoding='utf-8') as f:
PermissionError: [Errno 1] Operation not permitted: '/Users/zumrudsahverdieva/Desktop/Bot/.venv/pyvenv.cfg'
Fatal Python error: init_import_site: Failed to import the site module
Python runtime state: initialized
Traceback (most recent call last):
  File "/Library/Developer/CommandLineTools/Library/Frameworks/Python3.framework/Versions/3.9/lib/python3.9/site.py", line 621, in <module>
    main()
  File "/Library/Developer/CommandLineTools/Library/Frameworks/Python3.framework/Versions/3.9/lib/python3.9/site.py", line 604, in main
    known_paths = venv(known_paths)
  File "/Library/Developer/CommandLineTools/Library/Frameworks/Python3.framework/Versions/3.9/lib/python3.9/site.py", line 522, in venv
    with open(virtual_conf, encoding='utf-8') as f:
PermissionError: [Errno 1] Operation not permitted: '/Users/zumrudsahverdieva/Desktop/Bot/.venv/pyvenv.cfg'
Fatal Python error: init_import_site: Failed to import the site module
Python runtime state: initialized
Traceback (most recent call last):
  File "/Library/Developer/CommandLineTools/Library/Frameworks/Python3.framework/Versions/3.9/lib/python3.9/site.py", line 621, in <module>
    main()
  File "/Library/Developer/CommandLineTools/Library/Frameworks/Python3.framework/Versions/3.9/lib/python3.9/site.py", line 604, in main
    known_paths = venv(known_paths)
  File "/Library/Developer/CommandLineTools/Library/Frameworks/Python3.framework/Versions/3.9/lib/python3.9/site.py", line 522, in venv
    with open(virtual_conf, encoding='utf-8') as f:
PermissionError: [Errno 1] Operation not permitted: '/Users/zumrudsahverdieva/Desktop/Bot/.venv/pyvenv.cfg'
Fatal Python error: init_import_site: Failed to import the site module
Python runtime state: initialized
Traceback (most recent call last):
  File "/Library/Developer/CommandLineTools/Library/Frameworks/Python3.framework/Versions/3.9/lib/python3.9/site.py", line 621, in <module>
    main()
  File "/Library/Developer/CommandLineTools/Library/Frameworks/Python3.framework/Versions/3.9/lib/python3.9/site.py", line 604, in main
    known_paths = venv(known_paths)
  File "/Library/Developer/CommandLineTools/Library/Frameworks/Python3.framework/Versions/3.9/lib/python3.9/site.py", line 522, in venv
    with open(virtual_conf, encoding='utf-8') as f:
PermissionError: [Errno 1] Operation not permitted: '/Users/zumrudsahverdieva/Desktop/Bot/.venv/pyvenv.cfg'
Fatal Python error: init_import_site: Failed to import the site module
Python runtime state: initialized
Traceback (most recent call last):
  File "/Library/Developer/CommandLineTools/Library/Frameworks/Python3.framework/Versions/3.9/lib/python3.9/site.py", line 621, in <module>
    main()
  File "/Library/Developer/CommandLineTools/Library/Frameworks/Python3.framework/Versions/3.9/lib/python3.9/site.py", line 604, in main
    known_paths = venv(known_paths)
  File "/Library/Developer/CommandLineTools/Library/Frameworks/Python3.framework/Versions/3.9/lib/python3.9/site.py", line 522, in venv
    with open(virtual_conf, encoding='utf-8') as f:
PermissionError: [Errno 1] Operation not permitted: '/Users/zumrudsahverdieva/Desktop/Bot/.venv/pyvenv.cfg'
Fatal Python error: init_import_site: Failed to import the site module
Python runtime state: initialized
Traceback (most recent call last):
  File "/Library/Developer/CommandLineTools/Library/Frameworks/Python3.framework/Versions/3.9/lib/python3.9/site.py", line 621, in <module>
    main()
  File "/Library/Developer/CommandLineTools/Library/Frameworks/Python3.framework/Versions/3.9/lib/python3.9/site.py", line 604, in main
    known_paths = venv(known_paths)
  File "/Library/Developer/CommandLineTools/Library/Frameworks/Python3.framework/Versions/3.9/lib/python3.9/site.py", line 522, in venv
    with open(virtual_conf, encoding='utf-8') as f:
PermissionError: [Errno 1] Operation not permitted: '/Users/zumrudsahverdieva/Desktop/Bot/.venv/pyvenv.cfg'
Fatal Python error: init_import_site: Failed to import the site module
Python runtime state: initialized
Traceback (most recent call last):
  File "/Library/Developer/CommandLineTools/Library/Frameworks/Python3.framework/Versions/3.9/lib/python3.9/site.py", line 621, in <module>
    main()
  File "/Library/Developer/CommandLineTools/Library/Frameworks/Python3.framework/Versions/3.9/lib/python3.9/site.py", line 604, in main
    known_paths = venv(known_paths)
  File "/Library/Developer/CommandLineTools/Library/Frameworks/Python3.framework/Versions/3.9/lib/python3.9/site.py", line 522, in venv
    with open(virtual_conf, encoding='utf-8') as f:
PermissionError: [Errno 1] Operation not permitted: '/Users/zumrudsahverdieva/Desktop/Bot/.venv/pyvenv.cfg'
Fatal Python error: init_import_site: Failed to import the site module
Python runtime state: initialized
Traceback (most recent call last):
  File "/Library/Developer/CommandLineTools/Library/Frameworks/Python3.framework/Versions/3.9/lib/python3.9/site.py", line 621, in <module>
    main()
  File "/Library/Developer/CommandLineTools/Library/Frameworks/Python3.framework/Versions/3.9/lib/python3.9/site.py", line 604, in main
    known_paths = venv(known_paths)
  File "/Library/Developer/CommandLineTools/Library/Frameworks/Python3.framework/Versions/3.9/lib/python3.9/site.py", line 522, in venv
    with open(virtual_conf, encoding='utf-8') as f:
PermissionError: [Errno 1] Operation not permitted: '/Users/zumrudsahverdieva/Desktop/Bot/.venv/pyvenv.cfg'
Fatal Python error: init_import_site: Failed to import the site module
Python runtime state: initialized
Traceback (most recent call last):
  File "/Library/Developer/CommandLineTools/Library/Frameworks/Python3.framework/Versions/3.9/lib/python3.9/site.py", line 621, in <module>
    main()
  File "/Library/Developer/CommandLineTools/Library/Frameworks/Python3.framework/Versions/3.9/lib/python3.9/site.py", line 604, in main
    known_paths = venv(known_paths)
  File "/Library/Developer/CommandLineTools/Library/Frameworks/Python3.framework/Versions/3.9/lib/python3.9/site.py", line 522, in venv
    with open(virtual_conf, encoding='utf-8') as f:
PermissionError: [Errno 1] Operation not permitted: '/Users/zumrudsahverdieva/Desktop/Bot/.venv/pyvenv.cfg'
Fatal Python error: init_import_site: Failed to import the site module
Python runtime state: initialized
Traceback (most recent call last):
  File "/Library/Developer/CommandLineTools/Library/Frameworks/Python3.framework/Versions/3.9/lib/python3.9/site.py", line 621, in <module>
    main()
  File "/Library/Developer/CommandLineTools/Library/Frameworks/Python3.framework/Versions/3.9/lib/python3.9/site.py", line 604, in main
    known_paths = venv(known_paths)
  File "/Library/Developer/CommandLineTools/Library/Frameworks/Python3.framework/Versions/3.9/lib/python3.9/site.py", line 522, in venv
    with open(virtual_conf, encoding='utf-8') as f:
PermissionError: [Errno 1] Operation not permitted: '/Users/zumrudsahverdieva/Desktop/Bot/.venv/pyvenv.cfg'
Fatal Python error: init_import_site: Failed to import the site module
Python runtime state: initialized
Traceback (most recent call last):
  File "/Library/Developer/CommandLineTools/Library/Frameworks/Python3.framework/Versions/3.9/lib/python3.9/site.py", line 621, in <module>
    main()
  File "/Library/Developer/CommandLineTools/Library/Frameworks/Python3.framework/Versions/3.9/lib/python3.9/site.py", line 604, in main
    known_paths = venv(known_paths)
  File "/Library/Developer/CommandLineTools/Library/Frameworks/Python3.framework/Versions/3.9/lib/python3.9/site.py", line 522, in venv
    with open(virtual_conf, encoding='utf-8') as f:
PermissionError: [Errno 1] Operation not permitted: '/Users/zumrudsahverdieva/Desktop/Bot/.venv/pyvenv.cfg'
Fatal Python error: init_import_site: Failed to import the site module
Python runtime state: initialized
Traceback (most recent call last):
  File "/Library/Developer/CommandLineTools/Library/Frameworks/Python3.framework/Versions/3.9/lib/python3.9/site.py", line 621, in <module>
    main()
  File "/Library/Developer/CommandLineTools/Library/Frameworks/Python3.framework/Versions/3.9/lib/python3.9/site.py", line 604, in main
    known_paths = venv(known_paths)
  File "/Library/Developer/CommandLineTools/Library/Frameworks/Python3.framework/Versions/3.9/lib/python3.9/site.py", line 522, in venv
    with open(virtual_conf, encoding='utf-8') as f:
PermissionError: [Errno 1] Operation not permitted: '/Users/zumrudsahverdieva/Desktop/Bot/.venv/pyvenv.cfg'
Fatal Python error: init_import_site: Failed to import the site module
Python runtime state: initialized
Traceback (most recent call last):
  File "/Library/Developer/CommandLineTools/Library/Frameworks/Python3.framework/Versions/3.9/lib/python3.9/site.py", line 621, in <module>
    main()
  File "/Library/Developer/CommandLineTools/Library/Frameworks/Python3.framework/Versions/3.9/lib/python3.9/site.py", line 604, in main
    known_paths = venv(known_paths)
  File "/Library/Developer/CommandLineTools/Library/Frameworks/Python3.framework/Versions/3.9/lib/python3.9/site.py", line 522, in venv
    with open(virtual_conf, encoding='utf-8') as f:
PermissionError: [Errno 1] Operation not permitted: '/Users/zumrudsahverdieva/Desktop/Bot/.venv/pyvenv.cfg'
Fatal Python error: init_import_site: Failed to import the site module
Python runtime state: initialized
Traceback (most recent call last):
  File "/Library/Developer/CommandLineTools/Library/Frameworks/Python3.framework/Versions/3.9/lib/python3.9/site.py", line 621, in <module>
    main()
  File "/Library/Developer/CommandLineTools/Library/Frameworks/Python3.framework/Versions/3.9/lib/python3.9/site.py", line 604, in main
    known_paths = venv(known_paths)
  File "/Library/Developer/CommandLineTools/Library/Frameworks/Python3.framework/Versions/3.9/lib/python3.9/site.py", line 522, in venv
    with open(virtual_conf, encoding='utf-8') as f:
PermissionError: [Errno 1] Operation not permitted: '/Users/zumrudsahverdieva/Desktop/Bot/.venv/pyvenv.cfg'
Fatal Python error: init_import_site: Failed to import the site module
Python runtime state: initialized
Traceback (most recent call last):
  File "/Library/Developer/CommandLineTools/Library/Frameworks/Python3.framework/Versions/3.9/lib/python3.9/site.py", line 621, in <module>
    main()
  File "/Library/Developer/CommandLineTools/Library/Frameworks/Python3.framework/Versions/3.9/lib/python3.9/site.py", line 604, in main
    known_paths = venv(known_paths)
  File "/Library/Developer/CommandLineTools/Library/Frameworks/Python3.framework/Versions/3.9/lib/python3.9/site.py", line 522, in venv
    with open(virtual_conf, encoding='utf-8') as f:
PermissionError: [Errno 1] Operation not permitted: '/Users/zumrudsahverdieva/Desktop/Bot/.venv/pyvenv.cfg'
Fatal Python error: init_import_site: Failed to import the site module
Python runtime state: initialized
Traceback (most recent call last):
  File "/Library/Developer/CommandLineTools/Library/Frameworks/Python3.framework/Versions/3.9/lib/python3.9/site.py", line 621, in <module>
    main()
  File "/Library/Developer/CommandLineTools/Library/Frameworks/Python3.framework/Versions/3.9/lib/python3.9/site.py", line 604, in main
    known_paths = venv(known_paths)
  File "/Library/Developer/CommandLineTools/Library/Frameworks/Python3.framework/Versions/3.9/lib/python3.9/site.py", line 522, in venv
    with open(virtual_conf, encoding='utf-8') as f:
PermissionError: [Errno 1] Operation not permitted: '/Users/zumrudsahverdieva/Desktop/Bot/.venv/pyvenv.cfg'
Fatal Python error: init_import_site: Failed to import the site module
Python runtime state: initialized
Traceback (most recent call last):
  File "/Library/Developer/CommandLineTools/Library/Frameworks/Python3.framework/Versions/3.9/lib/python3.9/site.py", line 621, in <module>
    main()
  File "/Library/Developer/CommandLineTools/Library/Frameworks/Python3.framework/Versions/3.9/lib/python3.9/site.py", line 604, in main
    known_paths = venv(known_paths)
  File "/Library/Developer/CommandLineTools/Library/Frameworks/Python3.framework/Versions/3.9/lib/python3.9/site.py", line 522, in venv
    with open(virtual_conf, encoding='utf-8') as f:
PermissionError: [Errno 1] Operation not permitted: '/Users/zumrudsahverdieva/Desktop/Bot/.venv/pyvenv.cfg'
Fatal Python error: init_import_site: Failed to import the site module
Python runtime state: initialized
Traceback (most recent call last):
  File "/Library/Developer/CommandLineTools/Library/Frameworks/Python3.framework/Versions/3.9/lib/python3.9/site.py", line 621, in <module>
    main()
  File "/Library/Developer/CommandLineTools/Library/Frameworks/Python3.framework/Versions/3.9/lib/python3.9/site.py", line 604, in main
    known_paths = venv(known_paths)
  File "/Library/Developer/CommandLineTools/Library/Frameworks/Python3.framework/Versions/3.9/lib/python3.9/site.py", line 522, in venv
    with open(virtual_conf, encoding='utf-8') as f:
PermissionError: [Errno 1] Operation not permitted: '/Users/zumrudsahverdieva/Desktop/Bot/.venv/pyvenv.cfg'
Fatal Python error: init_import_site: Failed to import the site module
Python runtime state: initialized
Traceback (most recent call last):
  File "/Library/Developer/CommandLineTools/Library/Frameworks/Python3.framework/Versions/3.9/lib/python3.9/site.py", line 621, in <module>
    main()
  File "/Library/Developer/CommandLineTools/Library/Frameworks/Python3.framework/Versions/3.9/lib/python3.9/site.py", line 604, in main
    known_paths = venv(known_paths)
  File "/Library/Developer/CommandLineTools/Library/Frameworks/Python3.framework/Versions/3.9/lib/python3.9/site.py", line 522, in venv
    with open(virtual_conf, encoding='utf-8') as f:
PermissionError: [Errno 1] Operation not permitted: '/Users/zumrudsahverdieva/Desktop/Bot/.venv/pyvenv.cfg'
Fatal Python error: init_import_site: Failed to import the site module
Python runtime state: initialized
Traceback (most recent call last):
  File "/Library/Developer/CommandLineTools/Library/Frameworks/Python3.framework/Versions/3.9/lib/python3.9/site.py", line 621, in <module>
    main()
  File "/Library/Developer/CommandLineTools/Library/Frameworks/Python3.framework/Versions/3.9/lib/python3.9/site.py", line 604, in main
    known_paths = venv(known_paths)
  File "/Library/Developer/CommandLineTools/Library/Frameworks/Python3.framework/Versions/3.9/lib/python3.9/site.py", line 522, in venv
    with open(virtual_conf, encoding='utf-8') as f:
PermissionError: [Errno 1] Operation not permitted: '/Users/zumrudsahverdieva/Desktop/Bot/.venv/pyvenv.cfg'
Fatal Python error: init_import_site: Failed to import the site module
Python runtime state: initialized
Traceback (most recent call last):
  File "/Library/Developer/CommandLineTools/Library/Frameworks/Python3.framework/Versions/3.9/lib/python3.9/site.py", line 621, in <module>
    main()
  File "/Library/Developer/CommandLineTools/Library/Frameworks/Python3.framework/Versions/3.9/lib/python3.9/site.py", line 604, in main
    known_paths = venv(known_paths)
  File "/Library/Developer/CommandLineTools/Library/Frameworks/Python3.framework/Versions/3.9/lib/python3.9/site.py", line 522, in venv
    with open(virtual_conf, encoding='utf-8') as f:
PermissionError: [Errno 1] Operation not permitted: '/Users/zumrudsahverdieva/Desktop/Bot/.venv/pyvenv.cfg'
Fatal Python error: init_import_site: Failed to import the site module
Python runtime state: initialized
Traceback (most recent call last):
  File "/Library/Developer/CommandLineTools/Library/Frameworks/Python3.framework/Versions/3.9/lib/python3.9/site.py", line 621, in <module>
    main()
  File "/Library/Developer/CommandLineTools/Library/Frameworks/Python3.framework/Versions/3.9/lib/python3.9/site.py", line 604, in main
    known_paths = venv(known_paths)
  File "/Library/Developer/CommandLineTools/Library/Frameworks/Python3.framework/Versions/3.9/lib/python3.9/site.py", line 522, in venv
    with open(virtual_conf, encoding='utf-8') as f:
PermissionError: [Errno 1] Operation not permitted: '/Users/zumrudsahverdieva/Desktop/Bot/.venv/pyvenv.cfg'
Fatal Python error: init_import_site: Failed to import the site module
Python runtime state: initialized
Traceback (most recent call last):
  File "/Library/Developer/CommandLineTools/Library/Frameworks/Python3.framework/Versions/3.9/lib/python3.9/site.py", line 621, in <module>
    main()
  File "/Library/Developer/CommandLineTools/Library/Frameworks/Python3.framework/Versions/3.9/lib/python3.9/site.py", line 604, in main
    known_paths = venv(known_paths)
  File "/Library/Developer/CommandLineTools/Library/Frameworks/Python3.framework/Versions/3.9/lib/python3.9/site.py", line 522, in venv
    with open(virtual_conf, encoding='utf-8') as f:
PermissionError: [Errno 1] Operation not permitted: '/Users/zumrudsahverdieva/Desktop/Bot/.venv/pyvenv.cfg'
Fatal Python error: init_import_site: Failed to import the site module
Python runtime state: initialized
Traceback (most recent call last):
  File "/Library/Developer/CommandLineTools/Library/Frameworks/Python3.framework/Versions/3.9/lib/python3.9/site.py", line 621, in <module>
    main()
  File "/Library/Developer/CommandLineTools/Library/Frameworks/Python3.framework/Versions/3.9/lib/python3.9/site.py", line 604, in main
    known_paths = venv(known_paths)
  File "/Library/Developer/CommandLineTools/Library/Frameworks/Python3.framework/Versions/3.9/lib/python3.9/site.py", line 522, in venv
    with open(virtual_conf, encoding='utf-8') as f:
PermissionError: [Errno 1] Operation not permitted: '/Users/zumrudsahverdieva/Desktop/Bot/.venv/pyvenv.cfg'
Fatal Python error: init_import_site: Failed to import the site module
Python runtime state: initialized
Traceback (most recent call last):
  File "/Library/Developer/CommandLineTools/Library/Frameworks/Python3.framework/Versions/3.9/lib/python3.9/site.py", line 621, in <module>
    main()
  File "/Library/Developer/CommandLineTools/Library/Frameworks/Python3.framework/Versions/3.9/lib/python3.9/site.py", line 604, in main
    known_paths = venv(known_paths)
  File "/Library/Developer/CommandLineTools/Library/Frameworks/Python3.framework/Versions/3.9/lib/python3.9/site.py", line 522, in venv
    with open(virtual_conf, encoding='utf-8') as f:
PermissionError: [Errno 1] Operation not permitted: '/Users/zumrudsahverdieva/Desktop/Bot/.venv/pyvenv.cfg'
Fatal Python error: init_import_site: Failed to import the site module
Python runtime state: initialized
Traceback (most recent call last):
  File "/Library/Developer/CommandLineTools/Library/Frameworks/Python3.framework/Versions/3.9/lib/python3.9/site.py", line 621, in <module>
    main()
  File "/Library/Developer/CommandLineTools/Library/Frameworks/Python3.framework/Versions/3.9/lib/python3.9/site.py", line 604, in main
    known_paths = venv(known_paths)
  File "/Library/Developer/CommandLineTools/Library/Frameworks/Python3.framework/Versions/3.9/lib/python3.9/site.py", line 522, in venv
    with open(virtual_conf, encoding='utf-8') as f:
PermissionError: [Errno 1] Operation not permitted: '/Users/zumrudsahverdieva/Desktop/Bot/.venv/pyvenv.cfg'
Fatal Python error: init_import_site: Failed to import the site module
Python runtime state: initialized
Traceback (most recent call last):
  File "/Library/Developer/CommandLineTools/Library/Frameworks/Python3.framework/Versions/3.9/lib/python3.9/site.py", line 621, in <module>
    main()
  File "/Library/Developer/CommandLineTools/Library/Frameworks/Python3.framework/Versions/3.9/lib/python3.9/site.py", line 604, in main
    known_paths = venv(known_paths)
  File "/Library/Developer/CommandLineTools/Library/Frameworks/Python3.framework/Versions/3.9/lib/python3.9/site.py", line 522, in venv
    with open(virtual_conf, encoding='utf-8') as f:
PermissionError: [Errno 1] Operation not permitted: '/Users/zumrudsahverdieva/Desktop/Bot/.venv/pyvenv.cfg'
Fatal Python error: init_import_site: Failed to import the site module
Python runtime state: initialized
Traceback (most recent call last):
  File "/Library/Developer/CommandLineTools/Library/Frameworks/Python3.framework/Versions/3.9/lib/python3.9/site.py", line 621, in <module>
    main()
  File "/Library/Developer/CommandLineTools/Library/Frameworks/Python3.framework/Versions/3.9/lib/python3.9/site.py", line 604, in main
    known_paths = venv(known_paths)
  File "/Library/Developer/CommandLineTools/Library/Frameworks/Python3.framework/Versions/3.9/lib/python3.9/site.py", line 522, in venv
    with open(virtual_conf, encoding='utf-8') as f:
PermissionError: [Errno 1] Operation not permitted: '/Users/zumrudsahverdieva/Desktop/Bot/.venv/pyvenv.cfg'
Fatal Python error: init_import_site: Failed to import the site module
Python runtime state: initialized
Traceback (most recent call last):
  File "/Library/Developer/CommandLineTools/Library/Frameworks/Python3.framework/Versions/3.9/lib/python3.9/site.py", line 621, in <module>
    main()
  File "/Library/Developer/CommandLineTools/Library/Frameworks/Python3.framework/Versions/3.9/lib/python3.9/site.py", line 604, in main
    known_paths = venv(known_paths)
  File "/Library/Developer/CommandLineTools/Library/Frameworks/Python3.framework/Versions/3.9/lib/python3.9/site.py", line 522, in venv
    with open(virtual_conf, encoding='utf-8') as f:
PermissionError: [Errno 1] Operation not permitted: '/Users/zumrudsahverdieva/Desktop/Bot/.venv/pyvenv.cfg'
Fatal Python error: init_import_site: Failed to import the site module
Python runtime state: initialized
Traceback (most recent call last):
  File "/Library/Developer/CommandLineTools/Library/Frameworks/Python3.framework/Versions/3.9/lib/python3.9/site.py", line 621, in <module>
    main()
  File "/Library/Developer/CommandLineTools/Library/Frameworks/Python3.framework/Versions/3.9/lib/python3.9/site.py", line 604, in main
    known_paths = venv(known_paths)
  File "/Library/Developer/CommandLineTools/Library/Frameworks/Python3.framework/Versions/3.9/lib/python3.9/site.py", line 522, in venv
    with open(virtual_conf, encoding='utf-8') as f:
PermissionError: [Errno 1] Operation not permitted: '/Users/zumrudsahverdieva/Desktop/Bot/.venv/pyvenv.cfg'
Fatal Python error: init_import_site: Failed to import the site module
Python runtime state: initialized
Traceback (most recent call last):
  File "/Library/Developer/CommandLineTools/Library/Frameworks/Python3.framework/Versions/3.9/lib/python3.9/site.py", line 621, in <module>
    main()
  File "/Library/Developer/CommandLineTools/Library/Frameworks/Python3.framework/Versions/3.9/lib/python3.9/site.py", line 604, in main
    known_paths = venv(known_paths)
  File "/Library/Developer/CommandLineTools/Library/Frameworks/Python3.framework/Versions/3.9/lib/python3.9/site.py", line 522, in venv
    with open(virtual_conf, encoding='utf-8') as f:
PermissionError: [Errno 1] Operation not permitted: '/Users/zumrudsahverdieva/Desktop/Bot/.venv/pyvenv.cfg'
Fatal Python error: init_import_site: Failed to import the site module
Python runtime state: initialized
Traceback (most recent call last):
  File "/Library/Developer/CommandLineTools/Library/Frameworks/Python3.framework/Versions/3.9/lib/python3.9/site.py", line 621, in <module>
    main()
  File "/Library/Developer/CommandLineTools/Library/Frameworks/Python3.framework/Versions/3.9/lib/python3.9/site.py", line 604, in main
    known_paths = venv(known_paths)
  File "/Library/Developer/CommandLineTools/Library/Frameworks/Python3.framework/Versions/3.9/lib/python3.9/site.py", line 522, in venv
    with open(virtual_conf, encoding='utf-8') as f:
PermissionError: [Errno 1] Operation not permitted: '/Users/zumrudsahverdieva/Desktop/Bot/.venv/pyvenv.cfg'
Fatal Python error: init_import_site: Failed to import the site module
Python runtime state: initialized
Traceback (most recent call last):
  File "/Library/Developer/CommandLineTools/Library/Frameworks/Python3.framework/Versions/3.9/lib/python3.9/site.py", line 621, in <module>
    main()
  File "/Library/Developer/CommandLineTools/Library/Frameworks/Python3.framework/Versions/3.9/lib/python3.9/site.py", line 604, in main
    known_paths = venv(known_paths)
  File "/Library/Developer/CommandLineTools/Library/Frameworks/Python3.framework/Versions/3.9/lib/python3.9/site.py", line 522, in venv
    with open(virtual_conf, encoding='utf-8') as f:
PermissionError: [Errno 1] Operation not permitted: '/Users/zumrudsahverdieva/Desktop/Bot/.venv/pyvenv.cfg'
2026-04-01 20:27:22,461 - httpx - INFO - HTTP Request: POST https://api.telegram.org/bot8756837734:AAH1IvNHQToW1Lq0gd4Mai0IDC_qAVsFQgM/getMe "HTTP/1.1 200 OK"
2026-04-01 20:27:22,556 - httpx - INFO - HTTP Request: POST https://api.telegram.org/bot8756837734:AAH1IvNHQToW1Lq0gd4Mai0IDC_qAVsFQgM/deleteWebhook "HTTP/1.1 200 OK"
2026-04-01 20:27:22,559 - telegram.ext.Application - INFO - Application started
2026-04-01 20:27:32,972 - httpx - INFO - HTTP Request: POST https://api.telegram.org/bot8756837734:AAH1IvNHQToW1Lq0gd4Mai0IDC_qAVsFQgM/getUpdates "HTTP/1.1 200 OK"
2026-04-01 20:27:43,083 - httpx - INFO - HTTP Request: POST https://api.telegram.org/bot8756837734:AAH1IvNHQToW1Lq0gd4Mai0IDC_qAVsFQgM/getUpdates "HTTP/1.1 200 OK"
2026-04-01 20:27:53,188 - httpx - INFO - HTTP Request: POST https://api.telegram.org/bot8756837734:AAH1IvNHQToW1Lq0gd4Mai0IDC_qAVsFQgM/getUpdates "HTTP/1.1 200 OK"
2026-04-01 20:28:03,313 - httpx - INFO - HTTP Request: POST https://api.telegram.org/bot8756837734:AAH1IvNHQToW1Lq0gd4Mai0IDC_qAVsFQgM/getUpdates "HTTP/1.1 200 OK"
2026-04-01 20:28:13,513 - httpx - INFO - HTTP Request: POST https://api.telegram.org/bot8756837734:AAH1IvNHQToW1Lq0gd4Mai0IDC_qAVsFQgM/getUpdates "HTTP/1.1 200 OK"
2026-04-01 20:28:23,654 - httpx - INFO - HTTP Request: POST https://api.telegram.org/bot8756837734:AAH1IvNHQToW1Lq0gd4Mai0IDC_qAVsFQgM/getUpdates "HTTP/1.1 200 OK"
2026-04-01 20:28:33,796 - httpx - INFO - HTTP Request: POST https://api.telegram.org/bot8756837734:AAH1IvNHQToW1Lq0gd4Mai0IDC_qAVsFQgM/getUpdates "HTTP/1.1 200 OK"
2026-04-01 20:28:43,938 - httpx - INFO - HTTP Request: POST https://api.telegram.org/bot8756837734:AAH1IvNHQToW1Lq0gd4Mai0IDC_qAVsFQgM/getUpdates "HTTP/1.1 200 OK"
2026-04-01 20:29:09,424 - httpx - INFO - HTTP Request: POST https://api.telegram.org/bot8756837734:AAH1IvNHQToW1Lq0gd4Mai0IDC_qAVsFQgM/getUpdates "HTTP/1.1 200 OK"
2026-04-01 20:29:19,529 - httpx - INFO - HTTP Request: POST https://api.telegram.org/bot8756837734:AAH1IvNHQToW1Lq0gd4Mai0IDC_qAVsFQgM/getUpdates "HTTP/1.1 200 OK"
2026-04-01 20:29:29,636 - httpx - INFO - HTTP Request: POST https://api.telegram.org/bot8756837734:AAH1IvNHQToW1Lq0gd4Mai0IDC_qAVsFQgM/getUpdates "HTTP/1.1 200 OK"
2026-04-01 20:29:39,744 - httpx - INFO - HTTP Request: POST https://api.telegram.org/bot8756837734:AAH1IvNHQToW1Lq0gd4Mai0IDC_qAVsFQgM/getUpdates "HTTP/1.1 200 OK"
2026-04-01 20:29:49,853 - httpx - INFO - HTTP Request: POST https://api.telegram.org/bot8756837734:AAH1IvNHQToW1Lq0gd4Mai0IDC_qAVsFQgM/getUpdates "HTTP/1.1 200 OK"
2026-04-01 20:29:59,965 - httpx - INFO - HTTP Request: POST https://api.telegram.org/bot8756837734:AAH1IvNHQToW1Lq0gd4Mai0IDC_qAVsFQgM/getUpdates "HTTP/1.1 200 OK"
2026-04-01 20:30:10,074 - httpx - INFO - HTTP Request: POST https://api.telegram.org/bot8756837734:AAH1IvNHQToW1Lq0gd4Mai0IDC_qAVsFQgM/getUpdates "HTTP/1.1 200 OK"
2026-04-01 20:30:20,182 - httpx - INFO - HTTP Request: POST https://api.telegram.org/bot8756837734:AAH1IvNHQToW1Lq0gd4Mai0IDC_qAVsFQgM/getUpdates "HTTP/1.1 200 OK"
2026-04-01 20:30:30,285 - httpx - INFO - HTTP Request: POST https://api.telegram.org/bot8756837734:AAH1IvNHQToW1Lq0gd4Mai0IDC_qAVsFQgM/getUpdates "HTTP/1.1 200 OK"
2026-04-01 20:30:40,389 - httpx - INFO - HTTP Request: POST https://api.telegram.org/bot8756837734:AAH1IvNHQToW1Lq0gd4Mai0IDC_qAVsFQgM/getUpdates "HTTP/1.1 200 OK"
2026-04-01 20:30:50,492 - httpx - INFO - HTTP Request: POST https://api.telegram.org/bot8756837734:AAH1IvNHQToW1Lq0gd4Mai0IDC_qAVsFQgM/getUpdates "HTTP/1.1 200 OK"
2026-04-01 20:31:00,597 - httpx - INFO - HTTP Request: POST https://api.telegram.org/bot8756837734:AAH1IvNHQToW1Lq0gd4Mai0IDC_qAVsFQgM/getUpdates "HTTP/1.1 200 OK"
2026-04-01 20:31:10,702 - httpx - INFO - HTTP Request: POST https://api.telegram.org/bot8756837734:AAH1IvNHQToW1Lq0gd4Mai0IDC_qAVsFQgM/getUpdates "HTTP/1.1 200 OK"
2026-04-01 20:31:20,806 - httpx - INFO - HTTP Request: POST https://api.telegram.org/bot8756837734:AAH1IvNHQToW1Lq0gd4Mai0IDC_qAVsFQgM/getUpdates "HTTP/1.1 200 OK"
2026-04-01 20:31:30,913 - httpx - INFO - HTTP Request: POST https://api.telegram.org/bot8756837734:AAH1IvNHQToW1Lq0gd4Mai0IDC_qAVsFQgM/getUpdates "HTTP/1.1 200 OK"
2026-04-01 20:31:56,566 - httpx - INFO - HTTP Request: POST https://api.telegram.org/bot8756837734:AAH1IvNHQToW1Lq0gd4Mai0IDC_qAVsFQgM/getUpdates "HTTP/1.1 200 OK"
2026-04-01 20:32:06,666 - httpx - INFO - HTTP Request: POST https://api.telegram.org/bot8756837734:AAH1IvNHQToW1Lq0gd4Mai0IDC_qAVsFQgM/getUpdates "HTTP/1.1 200 OK"
2026-04-01 20:32:16,818 - httpx - INFO - HTTP Request: POST https://api.telegram.org/bot8756837734:AAH1IvNHQToW1Lq0gd4Mai0IDC_qAVsFQgM/getUpdates "HTTP/1.1 200 OK"
2026-04-01 20:32:26,916 - httpx - INFO - HTTP Request: POST https://api.telegram.org/bot8756837734:AAH1IvNHQToW1Lq0gd4Mai0IDC_qAVsFQgM/getUpdates "HTTP/1.1 200 OK"
2026-04-01 20:32:37,012 - httpx - INFO - HTTP Request: POST https://api.telegram.org/bot8756837734:AAH1IvNHQToW1Lq0gd4Mai0IDC_qAVsFQgM/getUpdates "HTTP/1.1 200 OK"
2026-04-01 20:32:47,110 - httpx - INFO - HTTP Request: POST https://api.telegram.org/bot8756837734:AAH1IvNHQToW1Lq0gd4Mai0IDC_qAVsFQgM/getUpdates "HTTP/1.1 200 OK"
2026-04-01 20:32:57,208 - httpx - INFO - HTTP Request: POST https://api.telegram.org/bot8756837734:AAH1IvNHQToW1Lq0gd4Mai0IDC_qAVsFQgM/getUpdates "HTTP/1.1 200 OK"
2026-04-01 20:33:07,304 - httpx - INFO - HTTP Request: POST https://api.telegram.org/bot8756837734:AAH1IvNHQToW1Lq0gd4Mai0IDC_qAVsFQgM/getUpdates "HTTP/1.1 200 OK"
2026-04-01 20:33:17,403 - httpx - INFO - HTTP Request: POST https://api.telegram.org/bot8756837734:AAH1IvNHQToW1Lq0gd4Mai0IDC_qAVsFQgM/getUpdates "HTTP/1.1 200 OK"
2026-04-01 20:33:27,502 - httpx - INFO - HTTP Request: POST https://api.telegram.org/bot8756837734:AAH1IvNHQToW1Lq0gd4Mai0IDC_qAVsFQgM/getUpdates "HTTP/1.1 200 OK"
2026-04-01 20:33:37,600 - httpx - INFO - HTTP Request: POST https://api.telegram.org/bot8756837734:AAH1IvNHQToW1Lq0gd4Mai0IDC_qAVsFQgM/getUpdates "HTTP/1.1 200 OK"
2026-04-01 20:33:47,697 - httpx - INFO - HTTP Request: POST https://api.telegram.org/bot8756837734:AAH1IvNHQToW1Lq0gd4Mai0IDC_qAVsFQgM/getUpdates "HTTP/1.1 200 OK"
2026-04-01 20:33:57,794 - httpx - INFO - HTTP Request: POST https://api.telegram.org/bot8756837734:AAH1IvNHQToW1Lq0gd4Mai0IDC_qAVsFQgM/getUpdates "HTTP/1.1 200 OK"
2026-04-01 20:34:07,922 - httpx - INFO - HTTP Request: POST https://api.telegram.org/bot8756837734:AAH1IvNHQToW1Lq0gd4Mai0IDC_qAVsFQgM/getUpdates "HTTP/1.1 200 OK"
2026-04-01 20:34:18,017 - httpx - INFO - HTTP Request: POST https://api.telegram.org/bot8756837734:AAH1IvNHQToW1Lq0gd4Mai0IDC_qAVsFQgM/getUpdates "HTTP/1.1 200 OK"
2026-04-01 20:34:28,118 - httpx - INFO - HTTP Request: POST https://api.telegram.org/bot8756837734:AAH1IvNHQToW1Lq0gd4Mai0IDC_qAVsFQgM/getUpdates "HTTP/1.1 200 OK"
2026-04-01 20:34:38,213 - httpx - INFO - HTTP Request: POST https://api.telegram.org/bot8756837734:AAH1IvNHQToW1Lq0gd4Mai0IDC_qAVsFQgM/getUpdates "HTTP/1.1 200 OK"
2026-04-01 20:34:48,309 - httpx - INFO - HTTP Request: POST https://api.telegram.org/bot8756837734:AAH1IvNHQToW1Lq0gd4Mai0IDC_qAVsFQgM/getUpdates "HTTP/1.1 200 OK"
2026-04-01 20:34:58,408 - httpx - INFO - HTTP Request: POST https://api.telegram.org/bot8756837734:AAH1IvNHQToW1Lq0gd4Mai0IDC_qAVsFQgM/getUpdates "HTTP/1.1 200 OK"
2026-04-01 20:35:08,507 - httpx - INFO - HTTP Request: POST https://api.telegram.org/bot8756837734:AAH1IvNHQToW1Lq0gd4Mai0IDC_qAVsFQgM/getUpdates "HTTP/1.1 200 OK"
2026-04-01 20:35:18,610 - httpx - INFO - HTTP Request: POST https://api.telegram.org/bot8756837734:AAH1IvNHQToW1Lq0gd4Mai0IDC_qAVsFQgM/getUpdates "HTTP/1.1 200 OK"
2026-04-01 20:35:28,710 - httpx - INFO - HTTP Request: POST https://api.telegram.org/bot8756837734:AAH1IvNHQToW1Lq0gd4Mai0IDC_qAVsFQgM/getUpdates "HTTP/1.1 200 OK"
2026-04-01 20:35:38,809 - httpx - INFO - HTTP Request: POST https://api.telegram.org/bot8756837734:AAH1IvNHQToW1Lq0gd4Mai0IDC_qAVsFQgM/getUpdates "HTTP/1.1 200 OK"
2026-04-01 20:35:48,908 - httpx - INFO - HTTP Request: POST https://api.telegram.org/bot8756837734:AAH1IvNHQToW1Lq0gd4Mai0IDC_qAVsFQgM/getUpdates "HTTP/1.1 200 OK"
2026-04-01 20:35:59,005 - httpx - INFO - HTTP Request: POST https://api.telegram.org/bot8756837734:AAH1IvNHQToW1Lq0gd4Mai0IDC_qAVsFQgM/getUpdates "HTTP/1.1 200 OK"
2026-04-01 20:36:09,100 - httpx - INFO - HTTP Request: POST https://api.telegram.org/bot8756837734:AAH1IvNHQToW1Lq0gd4Mai0IDC_qAVsFQgM/getUpdates "HTTP/1.1 200 OK"
2026-04-01 20:36:19,199 - httpx - INFO - HTTP Request: POST https://api.telegram.org/bot8756837734:AAH1IvNHQToW1Lq0gd4Mai0IDC_qAVsFQgM/getUpdates "HTTP/1.1 200 OK"
2026-04-01 20:36:29,298 - httpx - INFO - HTTP Request: POST https://api.telegram.org/bot8756837734:AAH1IvNHQToW1Lq0gd4Mai0IDC_qAVsFQgM/getUpdates "HTTP/1.1 200 OK"
2026-04-01 20:36:39,396 - httpx - INFO - HTTP Request: POST https://api.telegram.org/bot8756837734:AAH1IvNHQToW1Lq0gd4Mai0IDC_qAVsFQgM/getUpdates "HTTP/1.1 200 OK"
2026-04-01 20:36:49,496 - httpx - INFO - HTTP Request: POST https://api.telegram.org/bot8756837734:AAH1IvNHQToW1Lq0gd4Mai0IDC_qAVsFQgM/getUpdates "HTTP/1.1 200 OK"
2026-04-01 20:36:59,597 - httpx - INFO - HTTP Request: POST https://api.telegram.org/bot8756837734:AAH1IvNHQToW1Lq0gd4Mai0IDC_qAVsFQgM/getUpdates "HTTP/1.1 200 OK"
2026-04-01 20:37:09,696 - httpx - INFO - HTTP Request: POST https://api.telegram.org/bot8756837734:AAH1IvNHQToW1Lq0gd4Mai0IDC_qAVsFQgM/getUpdates "HTTP/1.1 200 OK"
2026-04-01 20:37:19,797 - httpx - INFO - HTTP Request: POST https://api.telegram.org/bot8756837734:AAH1IvNHQToW1Lq0gd4Mai0IDC_qAVsFQgM/getUpdates "HTTP/1.1 200 OK"
2026-04-01 20:37:29,894 - httpx - INFO - HTTP Request: POST https://api.telegram.org/bot8756837734:AAH1IvNHQToW1Lq0gd4Mai0IDC_qAVsFQgM/getUpdates "HTTP/1.1 200 OK"
2026-04-01 20:37:39,994 - httpx - INFO - HTTP Request: POST https://api.telegram.org/bot8756837734:AAH1IvNHQToW1Lq0gd4Mai0IDC_qAVsFQgM/getUpdates "HTTP/1.1 200 OK"
2026-04-01 20:37:50,091 - httpx - INFO - HTTP Request: POST https://api.telegram.org/bot8756837734:AAH1IvNHQToW1Lq0gd4Mai0IDC_qAVsFQgM/getUpdates "HTTP/1.1 200 OK"
2026-04-01 20:38:00,188 - httpx - INFO - HTTP Request: POST https://api.telegram.org/bot8756837734:AAH1IvNHQToW1Lq0gd4Mai0IDC_qAVsFQgM/getUpdates "HTTP/1.1 200 OK"
2026-04-01 20:50:57,145 - httpx - INFO - HTTP Request: POST https://api.telegram.org/bot8756837734:AAH1IvNHQToW1Lq0gd4Mai0IDC_qAVsFQgM/getUpdates "HTTP/1.1 200 OK"
2026-04-01 20:51:07,249 - httpx - INFO - HTTP Request: POST https://api.telegram.org/bot8756837734:AAH1IvNHQToW1Lq0gd4Mai0IDC_qAVsFQgM/getUpdates "HTTP/1.1 200 OK"
2026-04-01 21:06:31,325 - httpx - INFO - HTTP Request: POST https://api.telegram.org/bot8756837734:AAH1IvNHQToW1Lq0gd4Mai0IDC_qAVsFQgM/getUpdates "HTTP/1.1 200 OK"
2026-04-01 21:06:41,623 - httpx - INFO - HTTP Request: POST https://api.telegram.org/bot8756837734:AAH1IvNHQToW1Lq0gd4Mai0IDC_qAVsFQgM/getUpdates "HTTP/1.1 200 OK"
2026-04-01 21:06:51,712 - httpx - INFO - HTTP Request: POST https://api.telegram.org/bot8756837734:AAH1IvNHQToW1Lq0gd4Mai0IDC_qAVsFQgM/getUpdates "HTTP/1.1 200 OK"
2026-04-01 21:21:57,328 - httpx - INFO - HTTP Request: POST https://api.telegram.org/bot8756837734:AAH1IvNHQToW1Lq0gd4Mai0IDC_qAVsFQgM/getUpdates "HTTP/1.1 200 OK"
2026-04-01 21:22:07,419 - httpx - INFO - HTTP Request: POST https://api.telegram.org/bot8756837734:AAH1IvNHQToW1Lq0gd4Mai0IDC_qAVsFQgM/getUpdates "HTTP/1.1 200 OK"
2026-04-01 21:22:17,582 - httpx - INFO - HTTP Request: POST https://api.telegram.org/bot8756837734:AAH1IvNHQToW1Lq0gd4Mai0IDC_qAVsFQgM/getUpdates "HTTP/1.1 200 OK"
2026-04-01 21:22:27,670 - httpx - INFO - HTTP Request: POST https://api.telegram.org/bot8756837734:AAH1IvNHQToW1Lq0gd4Mai0IDC_qAVsFQgM/getUpdates "HTTP/1.1 200 OK"
2026-04-01 21:22:37,758 - httpx - INFO - HTTP Request: POST https://api.telegram.org/bot8756837734:AAH1IvNHQToW1Lq0gd4Mai0IDC_qAVsFQgM/getUpdates "HTTP/1.1 200 OK"
2026-04-01 21:22:47,847 - httpx - INFO - HTTP Request: POST https://api.telegram.org/bot8756837734:AAH1IvNHQToW1Lq0gd4Mai0IDC_qAVsFQgM/getUpdates "HTTP/1.1 200 OK"
2026-04-01 21:22:57,933 - httpx - INFO - HTTP Request: POST https://api.telegram.org/bot8756837734:AAH1IvNHQToW1Lq0gd4Mai0IDC_qAVsFQgM/getUpdates "HTTP/1.1 200 OK"
2026-04-01 21:38:08,106 - httpx - INFO - HTTP Request: POST https://api.telegram.org/bot8756837734:AAH1IvNHQToW1Lq0gd4Mai0IDC_qAVsFQgM/getUpdates "HTTP/1.1 200 OK"
2026-04-01 21:38:18,629 - httpx - INFO - HTTP Request: POST https://api.telegram.org/bot8756837734:AAH1IvNHQToW1Lq0gd4Mai0IDC_qAVsFQgM/getUpdates "HTTP/1.1 200 OK"
2026-04-01 21:38:29,055 - httpx - INFO - HTTP Request: POST https://api.telegram.org/bot8756837734:AAH1IvNHQToW1Lq0gd4Mai0IDC_qAVsFQgM/getUpdates "HTTP/1.1 200 OK"
2026-04-01 21:38:39,143 - httpx - INFO - HTTP Request: POST https://api.telegram.org/bot8756837734:AAH1IvNHQToW1Lq0gd4Mai0IDC_qAVsFQgM/getUpdates "HTTP/1.1 200 OK"
2026-04-01 21:38:49,229 - httpx - INFO - HTTP Request: POST https://api.telegram.org/bot8756837734:AAH1IvNHQToW1Lq0gd4Mai0IDC_qAVsFQgM/getUpdates "HTTP/1.1 200 OK"
2026-04-01 21:53:59,396 - httpx - INFO - HTTP Request: POST https://api.telegram.org/bot8756837734:AAH1IvNHQToW1Lq0gd4Mai0IDC_qAVsFQgM/getUpdates "HTTP/1.1 200 OK"
2026-04-01 21:54:09,825 - httpx - INFO - HTTP Request: POST https://api.telegram.org/bot8756837734:AAH1IvNHQToW1Lq0gd4Mai0IDC_qAVsFQgM/getUpdates "HTTP/1.1 200 OK"
2026-04-01 21:54:19,917 - httpx - INFO - HTTP Request: POST https://api.telegram.org/bot8756837734:AAH1IvNHQToW1Lq0gd4Mai0IDC_qAVsFQgM/getUpdates "HTTP/1.1 200 OK"
2026-04-01 21:54:30,090 - httpx - INFO - HTTP Request: POST https://api.telegram.org/bot8756837734:AAH1IvNHQToW1Lq0gd4Mai0IDC_qAVsFQgM/getUpdates "HTTP/1.1 200 OK"
2026-04-01 22:09:40,273 - httpx - INFO - HTTP Request: POST https://api.telegram.org/bot8756837734:AAH1IvNHQToW1Lq0gd4Mai0IDC_qAVsFQgM/getUpdates "HTTP/1.1 200 OK"
2026-04-01 22:09:50,689 - httpx - INFO - HTTP Request: POST https://api.telegram.org/bot8756837734:AAH1IvNHQToW1Lq0gd4Mai0IDC_qAVsFQgM/getUpdates "HTTP/1.1 200 OK"
2026-04-01 22:10:00,877 - httpx - INFO - HTTP Request: POST https://api.telegram.org/bot8756837734:AAH1IvNHQToW1Lq0gd4Mai0IDC_qAVsFQgM/getUpdates "HTTP/1.1 200 OK"
2026-04-01 22:10:10,966 - httpx - INFO - HTTP Request: POST https://api.telegram.org/bot8756837734:AAH1IvNHQToW1Lq0gd4Mai0IDC_qAVsFQgM/getUpdates "HTTP/1.1 200 OK"
2026-04-01 22:10:21,054 - httpx - INFO - HTTP Request: POST https://api.telegram.org/bot8756837734:AAH1IvNHQToW1Lq0gd4Mai0IDC_qAVsFQgM/getUpdates "HTTP/1.1 200 OK"
2026-04-01 22:25:31,227 - httpx - INFO - HTTP Request: POST https://api.telegram.org/bot8756837734:AAH1IvNHQToW1Lq0gd4Mai0IDC_qAVsFQgM/getUpdates "HTTP/1.1 200 OK"
2026-04-01 22:25:41,639 - httpx - INFO - HTTP Request: POST https://api.telegram.org/bot8756837734:AAH1IvNHQToW1Lq0gd4Mai0IDC_qAVsFQgM/getUpdates "HTTP/1.1 200 OK"
2026-04-01 22:25:51,727 - httpx - INFO - HTTP Request: POST https://api.telegram.org/bot8756837734:AAH1IvNHQToW1Lq0gd4Mai0IDC_qAVsFQgM/getUpdates "HTTP/1.1 200 OK"
2026-04-01 22:26:01,818 - httpx - INFO - HTTP Request: POST https://api.telegram.org/bot8756837734:AAH1IvNHQToW1Lq0gd4Mai0IDC_qAVsFQgM/getUpdates "HTTP/1.1 200 OK"
2026-04-01 22:26:11,907 - httpx - INFO - HTTP Request: POST https://api.telegram.org/bot8756837734:AAH1IvNHQToW1Lq0gd4Mai0IDC_qAVsFQgM/getUpdates "HTTP/1.1 200 OK"
2026-04-01 22:26:21,999 - httpx - INFO - HTTP Request: POST https://api.telegram.org/bot8756837734:AAH1IvNHQToW1Lq0gd4Mai0IDC_qAVsFQgM/getUpdates "HTTP/1.1 200 OK"
2026-04-01 22:39:24,425 - httpx - INFO - HTTP Request: POST https://api.telegram.org/bot8756837734:AAH1IvNHQToW1Lq0gd4Mai0IDC_qAVsFQgM/getUpdates "HTTP/1.1 200 OK"
2026-04-01 22:39:34,519 - httpx - INFO - HTTP Request: POST https://api.telegram.org/bot8756837734:AAH1IvNHQToW1Lq0gd4Mai0IDC_qAVsFQgM/getUpdates "HTTP/1.1 200 OK"
2026-04-01 22:39:44,640 - httpx - INFO - HTTP Request: POST https://api.telegram.org/bot8756837734:AAH1IvNHQToW1Lq0gd4Mai0IDC_qAVsFQgM/getUpdates "HTTP/1.1 200 OK"
2026-04-01 22:47:50,339 - httpx - INFO - HTTP Request: POST https://api.telegram.org/bot8756837734:AAH1IvNHQToW1Lq0gd4Mai0IDC_qAVsFQgM/getUpdates "HTTP/1.1 200 OK"
2026-04-01 22:48:00,567 - httpx - INFO - HTTP Request: POST https://api.telegram.org/bot8756837734:AAH1IvNHQToW1Lq0gd4Mai0IDC_qAVsFQgM/getUpdates "HTTP/1.1 200 OK"
2026-04-01 22:48:10,661 - httpx - INFO - HTTP Request: POST https://api.telegram.org/bot8756837734:AAH1IvNHQToW1Lq0gd4Mai0IDC_qAVsFQgM/getUpdates "HTTP/1.1 200 OK"
2026-04-01 22:51:59,524 - httpx - INFO - HTTP Request: POST https://api.telegram.org/bot8756837734:AAH1IvNHQToW1Lq0gd4Mai0IDC_qAVsFQgM/getUpdates "HTTP/1.1 200 OK"
2026-04-01 22:52:09,663 - httpx - INFO - HTTP Request: POST https://api.telegram.org/bot8756837734:AAH1IvNHQToW1Lq0gd4Mai0IDC_qAVsFQgM/getUpdates "HTTP/1.1 200 OK"
2026-04-01 22:52:19,755 - httpx - INFO - HTTP Request: POST https://api.telegram.org/bot8756837734:AAH1IvNHQToW1Lq0gd4Mai0IDC_qAVsFQgM/getUpdates "HTTP/1.1 200 OK"
2026-04-01 23:07:29,928 - httpx - INFO - HTTP Request: POST https://api.telegram.org/bot8756837734:AAH1IvNHQToW1Lq0gd4Mai0IDC_qAVsFQgM/getUpdates "HTTP/1.1 200 OK"
2026-04-01 23:07:40,354 - httpx - INFO - HTTP Request: POST https://api.telegram.org/bot8756837734:AAH1IvNHQToW1Lq0gd4Mai0IDC_qAVsFQgM/getUpdates "HTTP/1.1 200 OK"
2026-04-01 23:07:50,547 - httpx - INFO - HTTP Request: POST https://api.telegram.org/bot8756837734:AAH1IvNHQToW1Lq0gd4Mai0IDC_qAVsFQgM/getUpdates "HTTP/1.1 200 OK"
2026-04-01 23:08:00,641 - httpx - INFO - HTTP Request: POST https://api.telegram.org/bot8756837734:AAH1IvNHQToW1Lq0gd4Mai0IDC_qAVsFQgM/getUpdates "HTTP/1.1 200 OK"
2026-04-01 23:08:10,733 - httpx - INFO - HTTP Request: POST https://api.telegram.org/bot8756837734:AAH1IvNHQToW1Lq0gd4Mai0IDC_qAVsFQgM/getUpdates "HTTP/1.1 200 OK"
2026-04-01 23:12:48,453 - httpx - INFO - HTTP Request: POST https://api.telegram.org/bot8756837734:AAH1IvNHQToW1Lq0gd4Mai0IDC_qAVsFQgM/getUpdates "HTTP/1.1 200 OK"
2026-04-01 23:12:58,589 - httpx - INFO - HTTP Request: POST https://api.telegram.org/bot8756837734:AAH1IvNHQToW1Lq0gd4Mai0IDC_qAVsFQgM/getUpdates "HTTP/1.1 200 OK"
2026-04-01 23:13:08,727 - httpx - INFO - HTTP Request: POST https://api.telegram.org/bot8756837734:AAH1IvNHQToW1Lq0gd4Mai0IDC_qAVsFQgM/getUpdates "HTTP/1.1 200 OK"
2026-04-01 23:17:45,973 - httpx - INFO - HTTP Request: POST https://api.telegram.org/bot8756837734:AAH1IvNHQToW1Lq0gd4Mai0IDC_qAVsFQgM/getUpdates "HTTP/1.1 200 OK"
2026-04-01 23:17:56,064 - httpx - INFO - HTTP Request: POST https://api.telegram.org/bot8756837734:AAH1IvNHQToW1Lq0gd4Mai0IDC_qAVsFQgM/getUpdates "HTTP/1.1 200 OK"
2026-04-01 23:18:06,160 - httpx - INFO - HTTP Request: POST https://api.telegram.org/bot8756837734:AAH1IvNHQToW1Lq0gd4Mai0IDC_qAVsFQgM/getUpdates "HTTP/1.1 200 OK"
2026-04-01 23:22:44,513 - httpx - INFO - HTTP Request: POST https://api.telegram.org/bot8756837734:AAH1IvNHQToW1Lq0gd4Mai0IDC_qAVsFQgM/getUpdates "HTTP/1.1 200 OK"
2026-04-01 23:22:54,664 - httpx - INFO - HTTP Request: POST https://api.telegram.org/bot8756837734:AAH1IvNHQToW1Lq0gd4Mai0IDC_qAVsFQgM/getUpdates "HTTP/1.1 200 OK"
2026-04-01 23:23:04,759 - httpx - INFO - HTTP Request: POST https://api.telegram.org/bot8756837734:AAH1IvNHQToW1Lq0gd4Mai0IDC_qAVsFQgM/getUpdates "HTTP/1.1 200 OK"
2026-04-01 23:27:42,820 - httpx - INFO - HTTP Request: POST https://api.telegram.org/bot8756837734:AAH1IvNHQToW1Lq0gd4Mai0IDC_qAVsFQgM/getUpdates "HTTP/1.1 200 OK"
2026-04-01 23:27:52,924 - httpx - INFO - HTTP Request: POST https://api.telegram.org/bot8756837734:AAH1IvNHQToW1Lq0gd4Mai0IDC_qAVsFQgM/getUpdates "HTTP/1.1 200 OK"
2026-04-01 23:28:03,015 - httpx - INFO - HTTP Request: POST https://api.telegram.org/bot8756837734:AAH1IvNHQToW1Lq0gd4Mai0IDC_qAVsFQgM/getUpdates "HTTP/1.1 200 OK"
2026-04-01 23:28:13,108 - httpx - INFO - HTTP Request: POST https://api.telegram.org/bot8756837734:AAH1IvNHQToW1Lq0gd4Mai0IDC_qAVsFQgM/getUpdates "HTTP/1.1 200 OK"
2026-04-01 23:32:51,578 - httpx - INFO - HTTP Request: POST https://api.telegram.org/bot8756837734:AAH1IvNHQToW1Lq0gd4Mai0IDC_qAVsFQgM/getUpdates "HTTP/1.1 200 OK"
2026-04-01 23:33:01,666 - httpx - INFO - HTTP Request: POST https://api.telegram.org/bot8756837734:AAH1IvNHQToW1Lq0gd4Mai0IDC_qAVsFQgM/getUpdates "HTTP/1.1 200 OK"
2026-04-01 23:33:11,754 - httpx - INFO - HTTP Request: POST https://api.telegram.org/bot8756837734:AAH1IvNHQToW1Lq0gd4Mai0IDC_qAVsFQgM/getUpdates "HTTP/1.1 200 OK"
2026-04-01 23:37:49,899 - httpx - INFO - HTTP Request: POST https://api.telegram.org/bot8756837734:AAH1IvNHQToW1Lq0gd4Mai0IDC_qAVsFQgM/getUpdates "HTTP/1.1 200 OK"
2026-04-01 23:37:59,988 - httpx - INFO - HTTP Request: POST https://api.telegram.org/bot8756837734:AAH1IvNHQToW1Lq0gd4Mai0IDC_qAVsFQgM/getUpdates "HTTP/1.1 200 OK"
2026-04-01 23:38:10,077 - httpx - INFO - HTTP Request: POST https://api.telegram.org/bot8756837734:AAH1IvNHQToW1Lq0gd4Mai0IDC_qAVsFQgM/getUpdates "HTTP/1.1 200 OK"
2026-04-01 23:40:24,388 - httpx - INFO - HTTP Request: POST https://api.telegram.org/bot8756837734:AAH1IvNHQToW1Lq0gd4Mai0IDC_qAVsFQgM/getUpdates "HTTP/1.1 200 OK"
2026-04-01 23:40:34,479 - httpx - INFO - HTTP Request: POST https://api.telegram.org/bot8756837734:AAH1IvNHQToW1Lq0gd4Mai0IDC_qAVsFQgM/getUpdates "HTTP/1.1 200 OK"
2026-04-01 23:40:44,570 - httpx - INFO - HTTP Request: POST https://api.telegram.org/bot8756837734:AAH1IvNHQToW1Lq0gd4Mai0IDC_qAVsFQgM/getUpdates "HTTP/1.1 200 OK"
2026-04-01 23:42:46,503 - httpx - INFO - HTTP Request: POST https://api.telegram.org/bot8756837734:AAH1IvNHQToW1Lq0gd4Mai0IDC_qAVsFQgM/getUpdates "HTTP/1.1 200 OK"
2026-04-01 23:42:56,595 - httpx - INFO - HTTP Request: POST https://api.telegram.org/bot8756837734:AAH1IvNHQToW1Lq0gd4Mai0IDC_qAVsFQgM/getUpdates "HTTP/1.1 200 OK"
2026-04-01 23:43:06,782 - httpx - INFO - HTTP Request: POST https://api.telegram.org/bot8756837734:AAH1IvNHQToW1Lq0gd4Mai0IDC_qAVsFQgM/getUpdates "HTTP/1.1 200 OK"
2026-04-01 23:58:59,461 - httpx - INFO - HTTP Request: POST https://api.telegram.org/bot8756837734:AAH1IvNHQToW1Lq0gd4Mai0IDC_qAVsFQgM/getUpdates "HTTP/1.1 200 OK"
2026-04-01 23:59:09,550 - httpx - INFO - HTTP Request: POST https://api.telegram.org/bot8756837734:AAH1IvNHQToW1Lq0gd4Mai0IDC_qAVsFQgM/getUpdates "HTTP/1.1 200 OK"
2026-04-01 23:59:19,639 - httpx - INFO - HTTP Request: POST https://api.telegram.org/bot8756837734:AAH1IvNHQToW1Lq0gd4Mai0IDC_qAVsFQgM/getUpdates "HTTP/1.1 200 OK"
2026-04-02 00:15:42,363 - httpx - INFO - HTTP Request: POST https://api.telegram.org/bot8756837734:AAH1IvNHQToW1Lq0gd4Mai0IDC_qAVsFQgM/getUpdates "HTTP/1.1 200 OK"
2026-04-02 00:15:52,535 - httpx - INFO - HTTP Request: POST https://api.telegram.org/bot8756837734:AAH1IvNHQToW1Lq0gd4Mai0IDC_qAVsFQgM/getUpdates "HTTP/1.1 200 OK"
2026-04-02 00:16:02,625 - httpx - INFO - HTTP Request: POST https://api.telegram.org/bot8756837734:AAH1IvNHQToW1Lq0gd4Mai0IDC_qAVsFQgM/getUpdates "HTTP/1.1 200 OK"
2026-04-02 00:16:12,713 - httpx - INFO - HTTP Request: POST https://api.telegram.org/bot8756837734:AAH1IvNHQToW1Lq0gd4Mai0IDC_qAVsFQgM/getUpdates "HTTP/1.1 200 OK"
2026-04-02 00:16:22,881 - httpx - INFO - HTTP Request: POST https://api.telegram.org/bot8756837734:AAH1IvNHQToW1Lq0gd4Mai0IDC_qAVsFQgM/getUpdates "HTTP/1.1 200 OK"
2026-04-02 00:32:20,431 - httpx - INFO - HTTP Request: POST https://api.telegram.org/bot8756837734:AAH1IvNHQToW1Lq0gd4Mai0IDC_qAVsFQgM/getUpdates "HTTP/1.1 200 OK"
2026-04-02 00:32:30,567 - httpx - INFO - HTTP Request: POST https://api.telegram.org/bot8756837734:AAH1IvNHQToW1Lq0gd4Mai0IDC_qAVsFQgM/getUpdates "HTTP/1.1 200 OK"
2026-04-02 00:32:40,659 - httpx - INFO - HTTP Request: POST https://api.telegram.org/bot8756837734:AAH1IvNHQToW1Lq0gd4Mai0IDC_qAVsFQgM/getUpdates "HTTP/1.1 200 OK"
2026-04-02 00:49:34,549 - httpx - INFO - HTTP Request: POST https://api.telegram.org/bot8756837734:AAH1IvNHQToW1Lq0gd4Mai0IDC_qAVsFQgM/getUpdates "HTTP/1.1 200 OK"
2026-04-02 00:49:44,724 - httpx - INFO - HTTP Request: POST https://api.telegram.org/bot8756837734:AAH1IvNHQToW1Lq0gd4Mai0IDC_qAVsFQgM/getUpdates "HTTP/1.1 200 OK"
2026-04-02 00:49:54,820 - httpx - INFO - HTTP Request: POST https://api.telegram.org/bot8756837734:AAH1IvNHQToW1Lq0gd4Mai0IDC_qAVsFQgM/getUpdates "HTTP/1.1 200 OK"
2026-04-02 00:50:04,987 - httpx - INFO - HTTP Request: POST https://api.telegram.org/bot8756837734:AAH1IvNHQToW1Lq0gd4Mai0IDC_qAVsFQgM/getUpdates "HTTP/1.1 200 OK"
2026-04-02 01:06:40,628 - httpx - INFO - HTTP Request: POST https://api.telegram.org/bot8756837734:AAH1IvNHQToW1Lq0gd4Mai0IDC_qAVsFQgM/getUpdates "HTTP/1.1 200 OK"
2026-04-02 01:06:50,721 - httpx - INFO - HTTP Request: POST https://api.telegram.org/bot8756837734:AAH1IvNHQToW1Lq0gd4Mai0IDC_qAVsFQgM/getUpdates "HTTP/1.1 200 OK"
2026-04-02 01:07:00,906 - httpx - INFO - HTTP Request: POST https://api.telegram.org/bot8756837734:AAH1IvNHQToW1Lq0gd4Mai0IDC_qAVsFQgM/getUpdates "HTTP/1.1 200 OK"
2026-04-02 01:24:30,852 - httpx - INFO - HTTP Request: POST https://api.telegram.org/bot8756837734:AAH1IvNHQToW1Lq0gd4Mai0IDC_qAVsFQgM/getUpdates "HTTP/1.1 200 OK"
2026-04-02 01:24:41,070 - httpx - INFO - HTTP Request: POST https://api.telegram.org/bot8756837734:AAH1IvNHQToW1Lq0gd4Mai0IDC_qAVsFQgM/getUpdates "HTTP/1.1 200 OK"
2026-04-02 01:24:51,200 - httpx - INFO - HTTP Request: POST https://api.telegram.org/bot8756837734:AAH1IvNHQToW1Lq0gd4Mai0IDC_qAVsFQgM/getUpdates "HTTP/1.1 200 OK"
2026-04-02 01:25:01,288 - httpx - INFO - HTTP Request: POST https://api.telegram.org/bot8756837734:AAH1IvNHQToW1Lq0gd4Mai0IDC_qAVsFQgM/getUpdates "HTTP/1.1 200 OK"
2026-04-02 01:42:08,010 - httpx - INFO - HTTP Request: POST https://api.telegram.org/bot8756837734:AAH1IvNHQToW1Lq0gd4Mai0IDC_qAVsFQgM/getUpdates "HTTP/1.1 200 OK"
2026-04-02 01:42:18,126 - httpx - INFO - HTTP Request: POST https://api.telegram.org/bot8756837734:AAH1IvNHQToW1Lq0gd4Mai0IDC_qAVsFQgM/getUpdates "HTTP/1.1 200 OK"
2026-04-02 01:42:28,225 - httpx - INFO - HTTP Request: POST https://api.telegram.org/bot8756837734:AAH1IvNHQToW1Lq0gd4Mai0IDC_qAVsFQgM/getUpdates "HTTP/1.1 200 OK"
2026-04-02 01:42:38,316 - httpx - INFO - HTTP Request: POST https://api.telegram.org/bot8756837734:AAH1IvNHQToW1Lq0gd4Mai0IDC_qAVsFQgM/getUpdates "HTTP/1.1 200 OK"
2026-04-02 01:57:48,492 - httpx - INFO - HTTP Request: POST https://api.telegram.org/bot8756837734:AAH1IvNHQToW1Lq0gd4Mai0IDC_qAVsFQgM/getUpdates "HTTP/1.1 200 OK"
2026-04-02 01:57:58,924 - httpx - INFO - HTTP Request: POST https://api.telegram.org/bot8756837734:AAH1IvNHQToW1Lq0gd4Mai0IDC_qAVsFQgM/getUpdates "HTTP/1.1 200 OK"
2026-04-02 01:58:09,017 - httpx - INFO - HTTP Request: POST https://api.telegram.org/bot8756837734:AAH1IvNHQToW1Lq0gd4Mai0IDC_qAVsFQgM/getUpdates "HTTP/1.1 200 OK"
2026-04-02 01:58:19,111 - httpx - INFO - HTTP Request: POST https://api.telegram.org/bot8756837734:AAH1IvNHQToW1Lq0gd4Mai0IDC_qAVsFQgM/getUpdates "HTTP/1.1 200 OK"
2026-04-02 01:58:29,212 - httpx - INFO - HTTP Request: POST https://api.telegram.org/bot8756837734:AAH1IvNHQToW1Lq0gd4Mai0IDC_qAVsFQgM/getUpdates "HTTP/1.1 200 OK"
2026-04-02 01:58:58,420 - httpx - INFO - HTTP Request: POST https://api.telegram.org/bot8756837734:AAH1IvNHQToW1Lq0gd4Mai0IDC_qAVsFQgM/getUpdates "HTTP/1.1 200 OK"
2026-04-02 01:59:08,514 - httpx - INFO - HTTP Request: POST https://api.telegram.org/bot8756837734:AAH1IvNHQToW1Lq0gd4Mai0IDC_qAVsFQgM/getUpdates "HTTP/1.1 200 OK"
2026-04-02 01:59:18,676 - httpx - INFO - HTTP Request: POST https://api.telegram.org/bot8756837734:AAH1IvNHQToW1Lq0gd4Mai0IDC_qAVsFQgM/getUpdates "HTTP/1.1 200 OK"
2026-04-02 01:59:28,809 - httpx - INFO - HTTP Request: POST https://api.telegram.org/bot8756837734:AAH1IvNHQToW1Lq0gd4Mai0IDC_qAVsFQgM/getUpdates "HTTP/1.1 200 OK"
2026-04-02 02:15:09,770 - httpx - INFO - HTTP Request: POST https://api.telegram.org/bot8756837734:AAH1IvNHQToW1Lq0gd4Mai0IDC_qAVsFQgM/getUpdates "HTTP/1.1 200 OK"
2026-04-02 02:15:19,908 - httpx - INFO - HTTP Request: POST https://api.telegram.org/bot8756837734:AAH1IvNHQToW1Lq0gd4Mai0IDC_qAVsFQgM/getUpdates "HTTP/1.1 200 OK"
2026-04-02 02:15:29,993 - httpx - INFO - HTTP Request: POST https://api.telegram.org/bot8756837734:AAH1IvNHQToW1Lq0gd4Mai0IDC_qAVsFQgM/getUpdates "HTTP/1.1 200 OK"
2026-04-02 02:31:53,642 - httpx - INFO - HTTP Request: POST https://api.telegram.org/bot8756837734:AAH1IvNHQToW1Lq0gd4Mai0IDC_qAVsFQgM/getUpdates "HTTP/1.1 200 OK"
2026-04-02 02:32:03,732 - httpx - INFO - HTTP Request: POST https://api.telegram.org/bot8756837734:AAH1IvNHQToW1Lq0gd4Mai0IDC_qAVsFQgM/getUpdates "HTTP/1.1 200 OK"
2026-04-02 02:32:13,821 - httpx - INFO - HTTP Request: POST https://api.telegram.org/bot8756837734:AAH1IvNHQToW1Lq0gd4Mai0IDC_qAVsFQgM/getUpdates "HTTP/1.1 200 OK"
2026-04-02 02:47:45,054 - httpx - INFO - HTTP Request: POST https://api.telegram.org/bot8756837734:AAH1IvNHQToW1Lq0gd4Mai0IDC_qAVsFQgM/getUpdates "HTTP/1.1 200 OK"
2026-04-02 02:47:55,192 - httpx - INFO - HTTP Request: POST https://api.telegram.org/bot8756837734:AAH1IvNHQToW1Lq0gd4Mai0IDC_qAVsFQgM/getUpdates "HTTP/1.1 200 OK"
2026-04-02 02:48:05,278 - httpx - INFO - HTTP Request: POST https://api.telegram.org/bot8756837734:AAH1IvNHQToW1Lq0gd4Mai0IDC_qAVsFQgM/getUpdates "HTTP/1.1 200 OK"
2026-04-02 02:48:15,368 - httpx - INFO - HTTP Request: POST https://api.telegram.org/bot8756837734:AAH1IvNHQToW1Lq0gd4Mai0IDC_qAVsFQgM/getUpdates "HTTP/1.1 200 OK"
2026-04-02 02:53:25,290 - httpx - INFO - HTTP Request: POST https://api.telegram.org/bot8756837734:AAH1IvNHQToW1Lq0gd4Mai0IDC_qAVsFQgM/getUpdates "HTTP/1.1 200 OK"
2026-04-02 02:53:35,438 - httpx - INFO - HTTP Request: POST https://api.telegram.org/bot8756837734:AAH1IvNHQToW1Lq0gd4Mai0IDC_qAVsFQgM/getUpdates "HTTP/1.1 200 OK"
2026-04-02 02:53:45,565 - httpx - INFO - HTTP Request: POST https://api.telegram.org/bot8756837734:AAH1IvNHQToW1Lq0gd4Mai0IDC_qAVsFQgM/getUpdates "HTTP/1.1 200 OK"
2026-04-02 02:53:55,652 - httpx - INFO - HTTP Request: POST https://api.telegram.org/bot8756837734:AAH1IvNHQToW1Lq0gd4Mai0IDC_qAVsFQgM/getUpdates "HTTP/1.1 200 OK"
2026-04-02 03:10:41,995 - httpx - INFO - HTTP Request: POST https://api.telegram.org/bot8756837734:AAH1IvNHQToW1Lq0gd4Mai0IDC_qAVsFQgM/getUpdates "HTTP/1.1 200 OK"
2026-04-02 03:10:52,081 - httpx - INFO - HTTP Request: POST https://api.telegram.org/bot8756837734:AAH1IvNHQToW1Lq0gd4Mai0IDC_qAVsFQgM/getUpdates "HTTP/1.1 200 OK"
2026-04-02 03:11:02,228 - httpx - INFO - HTTP Request: POST https://api.telegram.org/bot8756837734:AAH1IvNHQToW1Lq0gd4Mai0IDC_qAVsFQgM/getUpdates "HTTP/1.1 200 OK"
2026-04-02 03:11:12,411 - httpx - INFO - HTTP Request: POST https://api.telegram.org/bot8756837734:AAH1IvNHQToW1Lq0gd4Mai0IDC_qAVsFQgM/getUpdates "HTTP/1.1 200 OK"
2026-04-02 03:11:22,546 - httpx - INFO - HTTP Request: POST https://api.telegram.org/bot8756837734:AAH1IvNHQToW1Lq0gd4Mai0IDC_qAVsFQgM/getUpdates "HTTP/1.1 200 OK"
2026-04-02 03:28:42,900 - httpx - INFO - HTTP Request: POST https://api.telegram.org/bot8756837734:AAH1IvNHQToW1Lq0gd4Mai0IDC_qAVsFQgM/getUpdates "HTTP/1.1 200 OK"
2026-04-02 03:28:52,990 - httpx - INFO - HTTP Request: POST https://api.telegram.org/bot8756837734:AAH1IvNHQToW1Lq0gd4Mai0IDC_qAVsFQgM/getUpdates "HTTP/1.1 200 OK"
2026-04-02 03:29:03,079 - httpx - INFO - HTTP Request: POST https://api.telegram.org/bot8756837734:AAH1IvNHQToW1Lq0gd4Mai0IDC_qAVsFQgM/getUpdates "HTTP/1.1 200 OK"
2026-04-02 03:30:41,926 - httpx - INFO - HTTP Request: POST https://api.telegram.org/bot8756837734:AAH1IvNHQToW1Lq0gd4Mai0IDC_qAVsFQgM/getUpdates "HTTP/1.1 200 OK"
2026-04-02 03:30:52,047 - httpx - INFO - HTTP Request: POST https://api.telegram.org/bot8756837734:AAH1IvNHQToW1Lq0gd4Mai0IDC_qAVsFQgM/getUpdates "HTTP/1.1 200 OK"
2026-04-02 03:31:02,133 - httpx - INFO - HTTP Request: POST https://api.telegram.org/bot8756837734:AAH1IvNHQToW1Lq0gd4Mai0IDC_qAVsFQgM/getUpdates "HTTP/1.1 200 OK"
2026-04-02 03:47:24,365 - httpx - INFO - HTTP Request: POST https://api.telegram.org/bot8756837734:AAH1IvNHQToW1Lq0gd4Mai0IDC_qAVsFQgM/getUpdates "HTTP/1.1 200 OK"
2026-04-02 03:47:34,465 - httpx - INFO - HTTP Request: POST https://api.telegram.org/bot8756837734:AAH1IvNHQToW1Lq0gd4Mai0IDC_qAVsFQgM/getUpdates "HTTP/1.1 200 OK"
2026-04-02 03:47:44,551 - httpx - INFO - HTTP Request: POST https://api.telegram.org/bot8756837734:AAH1IvNHQToW1Lq0gd4Mai0IDC_qAVsFQgM/getUpdates "HTTP/1.1 200 OK"
2026-04-02 04:03:23,073 - httpx - INFO - HTTP Request: POST https://api.telegram.org/bot8756837734:AAH1IvNHQToW1Lq0gd4Mai0IDC_qAVsFQgM/getUpdates "HTTP/1.1 200 OK"
2026-04-02 04:03:33,160 - httpx - INFO - HTTP Request: POST https://api.telegram.org/bot8756837734:AAH1IvNHQToW1Lq0gd4Mai0IDC_qAVsFQgM/getUpdates "HTTP/1.1 200 OK"
2026-04-02 04:03:43,248 - httpx - INFO - HTTP Request: POST https://api.telegram.org/bot8756837734:AAH1IvNHQToW1Lq0gd4Mai0IDC_qAVsFQgM/getUpdates "HTTP/1.1 200 OK"
2026-04-02 04:03:53,337 - httpx - INFO - HTTP Request: POST https://api.telegram.org/bot8756837734:AAH1IvNHQToW1Lq0gd4Mai0IDC_qAVsFQgM/getUpdates "HTTP/1.1 200 OK"
2026-04-02 04:04:35,810 - httpx - INFO - HTTP Request: POST https://api.telegram.org/bot8756837734:AAH1IvNHQToW1Lq0gd4Mai0IDC_qAVsFQgM/getUpdates "HTTP/1.1 200 OK"
2026-04-02 04:04:45,901 - httpx - INFO - HTTP Request: POST https://api.telegram.org/bot8756837734:AAH1IvNHQToW1Lq0gd4Mai0IDC_qAVsFQgM/getUpdates "HTTP/1.1 200 OK"
2026-04-02 04:04:55,987 - httpx - INFO - HTTP Request: POST https://api.telegram.org/bot8756837734:AAH1IvNHQToW1Lq0gd4Mai0IDC_qAVsFQgM/getUpdates "HTTP/1.1 200 OK"
2026-04-02 04:21:15,301 - httpx - INFO - HTTP Request: POST https://api.telegram.org/bot8756837734:AAH1IvNHQToW1Lq0gd4Mai0IDC_qAVsFQgM/getUpdates "HTTP/1.1 200 OK"
2026-04-02 04:21:25,387 - httpx - INFO - HTTP Request: POST https://api.telegram.org/bot8756837734:AAH1IvNHQToW1Lq0gd4Mai0IDC_qAVsFQgM/getUpdates "HTTP/1.1 200 OK"
2026-04-02 04:21:35,476 - httpx - INFO - HTTP Request: POST https://api.telegram.org/bot8756837734:AAH1IvNHQToW1Lq0gd4Mai0IDC_qAVsFQgM/getUpdates "HTTP/1.1 200 OK"
2026-04-02 04:21:45,561 - httpx - INFO - HTTP Request: POST https://api.telegram.org/bot8756837734:AAH1IvNHQToW1Lq0gd4Mai0IDC_qAVsFQgM/getUpdates "HTTP/1.1 200 OK"
2026-04-02 04:21:55,690 - httpx - INFO - HTTP Request: POST https://api.telegram.org/bot8756837734:AAH1IvNHQToW1Lq0gd4Mai0IDC_qAVsFQgM/getUpdates "HTTP/1.1 200 OK"
2026-04-02 04:22:05,828 - httpx - INFO - HTTP Request: POST https://api.telegram.org/bot8756837734:AAH1IvNHQToW1Lq0gd4Mai0IDC_qAVsFQgM/getUpdates "HTTP/1.1 200 OK"
2026-04-02 04:22:15,913 - httpx - INFO - HTTP Request: POST https://api.telegram.org/bot8756837734:AAH1IvNHQToW1Lq0gd4Mai0IDC_qAVsFQgM/getUpdates "HTTP/1.1 200 OK"
2026-04-02 04:22:26,104 - httpx - INFO - HTTP Request: POST https://api.telegram.org/bot8756837734:AAH1IvNHQToW1Lq0gd4Mai0IDC_qAVsFQgM/getUpdates "HTTP/1.1 200 OK"
2026-04-02 04:22:36,189 - httpx - INFO - HTTP Request: POST https://api.telegram.org/bot8756837734:AAH1IvNHQToW1Lq0gd4Mai0IDC_qAVsFQgM/getUpdates "HTTP/1.1 200 OK"
2026-04-02 04:22:46,274 - httpx - INFO - HTTP Request: POST https://api.telegram.org/bot8756837734:AAH1IvNHQToW1Lq0gd4Mai0IDC_qAVsFQgM/getUpdates "HTTP/1.1 200 OK"
2026-04-02 04:22:56,414 - httpx - INFO - HTTP Request: POST https://api.telegram.org/bot8756837734:AAH1IvNHQToW1Lq0gd4Mai0IDC_qAVsFQgM/getUpdates "HTTP/1.1 200 OK"
2026-04-02 04:23:06,552 - httpx - INFO - HTTP Request: POST https://api.telegram.org/bot8756837734:AAH1IvNHQToW1Lq0gd4Mai0IDC_qAVsFQgM/getUpdates "HTTP/1.1 200 OK"
2026-04-02 04:23:16,637 - httpx - INFO - HTTP Request: POST https://api.telegram.org/bot8756837734:AAH1IvNHQToW1Lq0gd4Mai0IDC_qAVsFQgM/getUpdates "HTTP/1.1 200 OK"
2026-04-02 04:23:26,827 - httpx - INFO - HTTP Request: POST https://api.telegram.org/bot8756837734:AAH1IvNHQToW1Lq0gd4Mai0IDC_qAVsFQgM/getUpdates "HTTP/1.1 200 OK"
2026-04-02 04:23:36,913 - httpx - INFO - HTTP Request: POST https://api.telegram.org/bot8756837734:AAH1IvNHQToW1Lq0gd4Mai0IDC_qAVsFQgM/getUpdates "HTTP/1.1 200 OK"
2026-04-02 04:23:46,999 - httpx - INFO - HTTP Request: POST https://api.telegram.org/bot8756837734:AAH1IvNHQToW1Lq0gd4Mai0IDC_qAVsFQgM/getUpdates "HTTP/1.1 200 OK"
2026-04-02 04:23:57,138 - httpx - INFO - HTTP Request: POST https://api.telegram.org/bot8756837734:AAH1IvNHQToW1Lq0gd4Mai0IDC_qAVsFQgM/getUpdates "HTTP/1.1 200 OK"
2026-04-02 04:24:07,223 - httpx - INFO - HTTP Request: POST https://api.telegram.org/bot8756837734:AAH1IvNHQToW1Lq0gd4Mai0IDC_qAVsFQgM/getUpdates "HTTP/1.1 200 OK"
2026-04-02 04:24:17,413 - httpx - INFO - HTTP Request: POST https://api.telegram.org/bot8756837734:AAH1IvNHQToW1Lq0gd4Mai0IDC_qAVsFQgM/getUpdates "HTTP/1.1 200 OK"
2026-04-02 04:24:27,498 - httpx - INFO - HTTP Request: POST https://api.telegram.org/bot8756837734:AAH1IvNHQToW1Lq0gd4Mai0IDC_qAVsFQgM/getUpdates "HTTP/1.1 200 OK"
2026-04-02 04:24:37,688 - httpx - INFO - HTTP Request: POST https://api.telegram.org/bot8756837734:AAH1IvNHQToW1Lq0gd4Mai0IDC_qAVsFQgM/getUpdates "HTTP/1.1 200 OK"
2026-04-02 04:24:47,775 - httpx - INFO - HTTP Request: POST https://api.telegram.org/bot8756837734:AAH1IvNHQToW1Lq0gd4Mai0IDC_qAVsFQgM/getUpdates "HTTP/1.1 200 OK"
2026-04-02 04:24:57,863 - httpx - INFO - HTTP Request: POST https://api.telegram.org/bot8756837734:AAH1IvNHQToW1Lq0gd4Mai0IDC_qAVsFQgM/getUpdates "HTTP/1.1 200 OK"
2026-04-02 04:25:07,999 - httpx - INFO - HTTP Request: POST https://api.telegram.org/bot8756837734:AAH1IvNHQToW1Lq0gd4Mai0IDC_qAVsFQgM/getUpdates "HTTP/1.1 200 OK"
2026-04-02 04:41:32,336 - httpx - INFO - HTTP Request: POST https://api.telegram.org/bot8756837734:AAH1IvNHQToW1Lq0gd4Mai0IDC_qAVsFQgM/getUpdates "HTTP/1.1 200 OK"
2026-04-02 04:41:42,515 - httpx - INFO - HTTP Request: POST https://api.telegram.org/bot8756837734:AAH1IvNHQToW1Lq0gd4Mai0IDC_qAVsFQgM/getUpdates "HTTP/1.1 200 OK"
2026-04-02 04:41:52,653 - httpx - INFO - HTTP Request: POST https://api.telegram.org/bot8756837734:AAH1IvNHQToW1Lq0gd4Mai0IDC_qAVsFQgM/getUpdates "HTTP/1.1 200 OK"
2026-04-02 04:57:02,874 - httpx - INFO - HTTP Request: POST https://api.telegram.org/bot8756837734:AAH1IvNHQToW1Lq0gd4Mai0IDC_qAVsFQgM/getUpdates "HTTP/1.1 200 OK"
2026-04-02 04:57:13,280 - httpx - INFO - HTTP Request: POST https://api.telegram.org/bot8756837734:AAH1IvNHQToW1Lq0gd4Mai0IDC_qAVsFQgM/getUpdates "HTTP/1.1 200 OK"
2026-04-02 04:57:23,368 - httpx - INFO - HTTP Request: POST https://api.telegram.org/bot8756837734:AAH1IvNHQToW1Lq0gd4Mai0IDC_qAVsFQgM/getUpdates "HTTP/1.1 200 OK"
2026-04-02 04:57:33,454 - httpx - INFO - HTTP Request: POST https://api.telegram.org/bot8756837734:AAH1IvNHQToW1Lq0gd4Mai0IDC_qAVsFQgM/getUpdates "HTTP/1.1 200 OK"
2026-04-02 05:06:32,194 - telegram.ext.Application - ERROR - No error handlers are registered, logging exception.
Traceback (most recent call last):
  File "/Users/zumrudsahverdieva/mrkbot/.venv/lib/python3.9/site-packages/httpx/_transports/default.py", line 101, in map_httpcore_exceptions
    yield
  File "/Users/zumrudsahverdieva/mrkbot/.venv/lib/python3.9/site-packages/httpx/_transports/default.py", line 394, in handle_async_request
    resp = await self._pool.handle_async_request(req)
  File "/Users/zumrudsahverdieva/mrkbot/.venv/lib/python3.9/site-packages/httpcore/_async/connection_pool.py", line 256, in handle_async_request
    raise exc from None
  File "/Users/zumrudsahverdieva/mrkbot/.venv/lib/python3.9/site-packages/httpcore/_async/connection_pool.py", line 236, in handle_async_request
    response = await connection.handle_async_request(
  File "/Users/zumrudsahverdieva/mrkbot/.venv/lib/python3.9/site-packages/httpcore/_async/connection.py", line 101, in handle_async_request
    raise exc
  File "/Users/zumrudsahverdieva/mrkbot/.venv/lib/python3.9/site-packages/httpcore/_async/connection.py", line 78, in handle_async_request
    stream = await self._connect(request)
  File "/Users/zumrudsahverdieva/mrkbot/.venv/lib/python3.9/site-packages/httpcore/_async/connection.py", line 124, in _connect
    stream = await self._network_backend.connect_tcp(**kwargs)
  File "/Users/zumrudsahverdieva/mrkbot/.venv/lib/python3.9/site-packages/httpcore/_backends/auto.py", line 31, in connect_tcp
    return await self._backend.connect_tcp(
  File "/Users/zumrudsahverdieva/mrkbot/.venv/lib/python3.9/site-packages/httpcore/_backends/anyio.py", line 122, in connect_tcp
    stream._raw_socket.setsockopt(*option)  # type: ignore[attr-defined] # pragma: no cover
  File "/Library/Developer/CommandLineTools/Library/Frameworks/Python3.framework/Versions/3.9/lib/python3.9/contextlib.py", line 135, in __exit__
    self.gen.throw(type, value, traceback)
  File "/Users/zumrudsahverdieva/mrkbot/.venv/lib/python3.9/site-packages/httpcore/_exceptions.py", line 14, in map_exceptions
    raise to_exc(exc) from exc
httpcore.ConnectError: [Errno 8] nodename nor servname provided, or not known

The above exception was the direct cause of the following exception:

Traceback (most recent call last):
  File "/Users/zumrudsahverdieva/mrkbot/.venv/lib/python3.9/site-packages/telegram/request/_httpxrequest.py", line 279, in do_request
    res = await self._client.request(
  File "/Users/zumrudsahverdieva/mrkbot/.venv/lib/python3.9/site-packages/httpx/_client.py", line 1540, in request
    return await self.send(request, auth=auth, follow_redirects=follow_redirects)
  File "/Users/zumrudsahverdieva/mrkbot/.venv/lib/python3.9/site-packages/httpx/_client.py", line 1629, in send
    response = await self._send_handling_auth(
  File "/Users/zumrudsahverdieva/mrkbot/.venv/lib/python3.9/site-packages/httpx/_client.py", line 1657, in _send_handling_auth
    response = await self._send_handling_redirects(
  File "/Users/zumrudsahverdieva/mrkbot/.venv/lib/python3.9/site-packages/httpx/_client.py", line 1694, in _send_handling_redirects
    response = await self._send_single_request(request)
  File "/Users/zumrudsahverdieva/mrkbot/.venv/lib/python3.9/site-packages/httpx/_client.py", line 1730, in _send_single_request
    response = await transport.handle_async_request(request)
  File "/Users/zumrudsahverdieva/mrkbot/.venv/lib/python3.9/site-packages/httpx/_transports/default.py", line 394, in handle_async_request
    resp = await self._pool.handle_async_request(req)
  File "/Library/Developer/CommandLineTools/Library/Frameworks/Python3.framework/Versions/3.9/lib/python3.9/contextlib.py", line 135, in __exit__
    self.gen.throw(type, value, traceback)
  File "/Users/zumrudsahverdieva/mrkbot/.venv/lib/python3.9/site-packages/httpx/_transports/default.py", line 118, in map_httpcore_exceptions
    raise mapped_exc(message) from exc
httpx.ConnectError: [Errno 8] nodename nor servname provided, or not known

The above exception was the direct cause of the following exception:

Traceback (most recent call last):
  File "/Users/zumrudsahverdieva/mrkbot/.venv/lib/python3.9/site-packages/telegram/ext/_utils/networkloop.py", line 134, in network_retry_loop
    await do_action()
  File "/Users/zumrudsahverdieva/mrkbot/.venv/lib/python3.9/site-packages/telegram/ext/_utils/networkloop.py", line 127, in do_action
    action_cb_task.result()
  File "/Users/zumrudsahverdieva/mrkbot/.venv/lib/python3.9/site-packages/telegram/ext/_updater.py", line 340, in polling_action_cb
    updates = await self.bot.get_updates(
  File "/Users/zumrudsahverdieva/mrkbot/.venv/lib/python3.9/site-packages/telegram/ext/_extbot.py", line 676, in get_updates
    updates = await super().get_updates(
  File "/Users/zumrudsahverdieva/mrkbot/.venv/lib/python3.9/site-packages/telegram/_bot.py", line 4780, in get_updates
    await self._post(
  File "/Users/zumrudsahverdieva/mrkbot/.venv/lib/python3.9/site-packages/telegram/_bot.py", line 703, in _post
    return await self._do_post(
  File "/Users/zumrudsahverdieva/mrkbot/.venv/lib/python3.9/site-packages/telegram/ext/_extbot.py", line 372, in _do_post
    return await super()._do_post(
  File "/Users/zumrudsahverdieva/mrkbot/.venv/lib/python3.9/site-packages/telegram/_bot.py", line 732, in _do_post
    result = await request.post(
  File "/Users/zumrudsahverdieva/mrkbot/.venv/lib/python3.9/site-packages/telegram/request/_baserequest.py", line 198, in post
    result = await self._request_wrapper(
  File "/Users/zumrudsahverdieva/mrkbot/.venv/lib/python3.9/site-packages/telegram/request/_baserequest.py", line 305, in _request_wrapper
    code, payload = await self.do_request(
  File "/Users/zumrudsahverdieva/mrkbot/.venv/lib/python3.9/site-packages/telegram/request/_httpxrequest.py", line 303, in do_request
    raise NetworkError(f"httpx.{err.__class__.__name__}: {err}") from err
telegram.error.NetworkError: httpx.ConnectError: [Errno 8] nodename nor servname provided, or not known
2026-04-02 05:06:33,205 - telegram.ext.Application - ERROR - No error handlers are registered, logging exception.
Traceback (most recent call last):
  File "/Users/zumrudsahverdieva/mrkbot/.venv/lib/python3.9/site-packages/httpx/_transports/default.py", line 101, in map_httpcore_exceptions
    yield
  File "/Users/zumrudsahverdieva/mrkbot/.venv/lib/python3.9/site-packages/httpx/_transports/default.py", line 394, in handle_async_request
    resp = await self._pool.handle_async_request(req)
  File "/Users/zumrudsahverdieva/mrkbot/.venv/lib/python3.9/site-packages/httpcore/_async/connection_pool.py", line 256, in handle_async_request
    raise exc from None
  File "/Users/zumrudsahverdieva/mrkbot/.venv/lib/python3.9/site-packages/httpcore/_async/connection_pool.py", line 236, in handle_async_request
    response = await connection.handle_async_request(
  File "/Users/zumrudsahverdieva/mrkbot/.venv/lib/python3.9/site-packages/httpcore/_async/connection.py", line 101, in handle_async_request
    raise exc
  File "/Users/zumrudsahverdieva/mrkbot/.venv/lib/python3.9/site-packages/httpcore/_async/connection.py", line 78, in handle_async_request
    stream = await self._connect(request)
  File "/Users/zumrudsahverdieva/mrkbot/.venv/lib/python3.9/site-packages/httpcore/_async/connection.py", line 124, in _connect
    stream = await self._network_backend.connect_tcp(**kwargs)
  File "/Users/zumrudsahverdieva/mrkbot/.venv/lib/python3.9/site-packages/httpcore/_backends/auto.py", line 31, in connect_tcp
    return await self._backend.connect_tcp(
  File "/Users/zumrudsahverdieva/mrkbot/.venv/lib/python3.9/site-packages/httpcore/_backends/anyio.py", line 122, in connect_tcp
    stream._raw_socket.setsockopt(*option)  # type: ignore[attr-defined] # pragma: no cover
  File "/Library/Developer/CommandLineTools/Library/Frameworks/Python3.framework/Versions/3.9/lib/python3.9/contextlib.py", line 135, in __exit__
    self.gen.throw(type, value, traceback)
  File "/Users/zumrudsahverdieva/mrkbot/.venv/lib/python3.9/site-packages/httpcore/_exceptions.py", line 14, in map_exceptions
    raise to_exc(exc) from exc
httpcore.ConnectError: [Errno 8] nodename nor servname provided, or not known

The above exception was the direct cause of the following exception:

Traceback (most recent call last):
  File "/Users/zumrudsahverdieva/mrkbot/.venv/lib/python3.9/site-packages/telegram/request/_httpxrequest.py", line 279, in do_request
    res = await self._client.request(
  File "/Users/zumrudsahverdieva/mrkbot/.venv/lib/python3.9/site-packages/httpx/_client.py", line 1540, in request
    return await self.send(request, auth=auth, follow_redirects=follow_redirects)
  File "/Users/zumrudsahverdieva/mrkbot/.venv/lib/python3.9/site-packages/httpx/_client.py", line 1629, in send
    response = await self._send_handling_auth(
  File "/Users/zumrudsahverdieva/mrkbot/.venv/lib/python3.9/site-packages/httpx/_client.py", line 1657, in _send_handling_auth
    response = await self._send_handling_redirects(
  File "/Users/zumrudsahverdieva/mrkbot/.venv/lib/python3.9/site-packages/httpx/_client.py", line 1694, in _send_handling_redirects
    response = await self._send_single_request(request)
  File "/Users/zumrudsahverdieva/mrkbot/.venv/lib/python3.9/site-packages/httpx/_client.py", line 1730, in _send_single_request
    response = await transport.handle_async_request(request)
  File "/Users/zumrudsahverdieva/mrkbot/.venv/lib/python3.9/site-packages/httpx/_transports/default.py", line 394, in handle_async_request
    resp = await self._pool.handle_async_request(req)
  File "/Library/Developer/CommandLineTools/Library/Frameworks/Python3.framework/Versions/3.9/lib/python3.9/contextlib.py", line 135, in __exit__
    self.gen.throw(type, value, traceback)
  File "/Users/zumrudsahverdieva/mrkbot/.venv/lib/python3.9/site-packages/httpx/_transports/default.py", line 118, in map_httpcore_exceptions
    raise mapped_exc(message) from exc
httpx.ConnectError: [Errno 8] nodename nor servname provided, or not known

The above exception was the direct cause of the following exception:

Traceback (most recent call last):
  File "/Users/zumrudsahverdieva/mrkbot/.venv/lib/python3.9/site-packages/telegram/ext/_utils/networkloop.py", line 134, in network_retry_loop
    await do_action()
  File "/Users/zumrudsahverdieva/mrkbot/.venv/lib/python3.9/site-packages/telegram/ext/_utils/networkloop.py", line 127, in do_action
    action_cb_task.result()
  File "/Users/zumrudsahverdieva/mrkbot/.venv/lib/python3.9/site-packages/telegram/ext/_updater.py", line 340, in polling_action_cb
    updates = await self.bot.get_updates(
  File "/Users/zumrudsahverdieva/mrkbot/.venv/lib/python3.9/site-packages/telegram/ext/_extbot.py", line 676, in get_updates
    updates = await super().get_updates(
  File "/Users/zumrudsahverdieva/mrkbot/.venv/lib/python3.9/site-packages/telegram/_bot.py", line 4780, in get_updates
    await self._post(
  File "/Users/zumrudsahverdieva/mrkbot/.venv/lib/python3.9/site-packages/telegram/_bot.py", line 703, in _post
    return await self._do_post(
  File "/Users/zumrudsahverdieva/mrkbot/.venv/lib/python3.9/site-packages/telegram/ext/_extbot.py", line 372, in _do_post
    return await super()._do_post(
  File "/Users/zumrudsahverdieva/mrkbot/.venv/lib/python3.9/site-packages/telegram/_bot.py", line 732, in _do_post
    result = await request.post(
  File "/Users/zumrudsahverdieva/mrkbot/.venv/lib/python3.9/site-packages/telegram/request/_baserequest.py", line 198, in post
    result = await self._request_wrapper(
  File "/Users/zumrudsahverdieva/mrkbot/.venv/lib/python3.9/site-packages/telegram/request/_baserequest.py", line 305, in _request_wrapper
    code, payload = await self.do_request(
  File "/Users/zumrudsahverdieva/mrkbot/.venv/lib/python3.9/site-packages/telegram/request/_httpxrequest.py", line 303, in do_request
    raise NetworkError(f"httpx.{err.__class__.__name__}: {err}") from err
telegram.error.NetworkError: httpx.ConnectError: [Errno 8] nodename nor servname provided, or not known
2026-04-02 05:06:45,338 - httpx - INFO - HTTP Request: POST https://api.telegram.org/bot8756837734:AAH1IvNHQToW1Lq0gd4Mai0IDC_qAVsFQgM/getUpdates "HTTP/1.1 200 OK"
2026-04-02 05:06:55,481 - httpx - INFO - HTTP Request: POST https://api.telegram.org/bot8756837734:AAH1IvNHQToW1Lq0gd4Mai0IDC_qAVsFQgM/getUpdates "HTTP/1.1 200 OK"
2026-04-02 05:07:05,628 - httpx - INFO - HTTP Request: POST https://api.telegram.org/bot8756837734:AAH1IvNHQToW1Lq0gd4Mai0IDC_qAVsFQgM/getUpdates "HTTP/1.1 200 OK"
2026-04-02 05:23:34,319 - httpx - INFO - HTTP Request: POST https://api.telegram.org/bot8756837734:AAH1IvNHQToW1Lq0gd4Mai0IDC_qAVsFQgM/getUpdates "HTTP/1.1 200 OK"
2026-04-02 05:23:44,409 - httpx - INFO - HTTP Request: POST https://api.telegram.org/bot8756837734:AAH1IvNHQToW1Lq0gd4Mai0IDC_qAVsFQgM/getUpdates "HTTP/1.1 200 OK"
2026-04-02 05:23:54,498 - httpx - INFO - HTTP Request: POST https://api.telegram.org/bot8756837734:AAH1IvNHQToW1Lq0gd4Mai0IDC_qAVsFQgM/getUpdates "HTTP/1.1 200 OK"
2026-04-02 05:24:04,620 - httpx - INFO - HTTP Request: POST https://api.telegram.org/bot8756837734:AAH1IvNHQToW1Lq0gd4Mai0IDC_qAVsFQgM/getUpdates "HTTP/1.1 200 OK"
2026-04-02 05:24:14,759 - httpx - INFO - HTTP Request: POST https://api.telegram.org/bot8756837734:AAH1IvNHQToW1Lq0gd4Mai0IDC_qAVsFQgM/getUpdates "HTTP/1.1 200 OK"
2026-04-02 05:31:41,186 - httpx - INFO - HTTP Request: POST https://api.telegram.org/bot8756837734:AAH1IvNHQToW1Lq0gd4Mai0IDC_qAVsFQgM/getUpdates "HTTP/1.1 200 OK"
2026-04-02 05:31:51,363 - httpx - INFO - HTTP Request: POST https://api.telegram.org/bot8756837734:AAH1IvNHQToW1Lq0gd4Mai0IDC_qAVsFQgM/getUpdates "HTTP/1.1 200 OK"
2026-04-02 05:32:01,449 - httpx - INFO - HTTP Request: POST https://api.telegram.org/bot8756837734:AAH1IvNHQToW1Lq0gd4Mai0IDC_qAVsFQgM/getUpdates "HTTP/1.1 200 OK"
2026-04-02 05:49:21,956 - httpx - INFO - HTTP Request: POST https://api.telegram.org/bot8756837734:AAH1IvNHQToW1Lq0gd4Mai0IDC_qAVsFQgM/getUpdates "HTTP/1.1 200 OK"
2026-04-02 05:49:32,040 - httpx - INFO - HTTP Request: POST https://api.telegram.org/bot8756837734:AAH1IvNHQToW1Lq0gd4Mai0IDC_qAVsFQgM/getUpdates "HTTP/1.1 200 OK"
2026-04-02 05:49:42,127 - httpx - INFO - HTTP Request: POST https://api.telegram.org/bot8756837734:AAH1IvNHQToW1Lq0gd4Mai0IDC_qAVsFQgM/getUpdates "HTTP/1.1 200 OK"
2026-04-02 06:05:34,838 - httpx - INFO - HTTP Request: POST https://api.telegram.org/bot8756837734:AAH1IvNHQToW1Lq0gd4Mai0IDC_qAVsFQgM/getUpdates "HTTP/1.1 200 OK"
2026-04-02 06:05:45,045 - httpx - INFO - HTTP Request: POST https://api.telegram.org/bot8756837734:AAH1IvNHQToW1Lq0gd4Mai0IDC_qAVsFQgM/getUpdates "HTTP/1.1 200 OK"
2026-04-02 06:05:55,137 - httpx - INFO - HTTP Request: POST https://api.telegram.org/bot8756837734:AAH1IvNHQToW1Lq0gd4Mai0IDC_qAVsFQgM/getUpdates "HTTP/1.1 200 OK"
2026-04-02 06:06:05,230 - httpx - INFO - HTTP Request: POST https://api.telegram.org/bot8756837734:AAH1IvNHQToW1Lq0gd4Mai0IDC_qAVsFQgM/getUpdates "HTTP/1.1 200 OK"
2026-04-02 06:09:16,718 - httpx - INFO - HTTP Request: POST https://api.telegram.org/bot8756837734:AAH1IvNHQToW1Lq0gd4Mai0IDC_qAVsFQgM/getUpdates "HTTP/1.1 200 OK"
2026-04-02 06:09:26,804 - httpx - INFO - HTTP Request: POST https://api.telegram.org/bot8756837734:AAH1IvNHQToW1Lq0gd4Mai0IDC_qAVsFQgM/getUpdates "HTTP/1.1 200 OK"
2026-04-02 06:09:36,983 - httpx - INFO - HTTP Request: POST https://api.telegram.org/bot8756837734:AAH1IvNHQToW1Lq0gd4Mai0IDC_qAVsFQgM/getUpdates "HTTP/1.1 200 OK"
2026-04-02 06:32:44,640 - httpx - INFO - HTTP Request: POST https://api.telegram.org/bot8756837734:AAH1IvNHQToW1Lq0gd4Mai0IDC_qAVsFQgM/getUpdates "HTTP/1.1 200 OK"
2026-04-02 06:32:54,752 - httpx - INFO - HTTP Request: POST https://api.telegram.org/bot8756837734:AAH1IvNHQToW1Lq0gd4Mai0IDC_qAVsFQgM/getUpdates "HTTP/1.1 200 OK"
2026-04-02 06:33:04,838 - httpx - INFO - HTTP Request: POST https://api.telegram.org/bot8756837734:AAH1IvNHQToW1Lq0gd4Mai0IDC_qAVsFQgM/getUpdates "HTTP/1.1 200 OK"
2026-04-02 07:10:31,970 - httpx - INFO - HTTP Request: POST https://api.telegram.org/bot8756837734:AAH1IvNHQToW1Lq0gd4Mai0IDC_qAVsFQgM/getUpdates "HTTP/1.1 200 OK"
2026-04-02 07:10:42,058 - httpx - INFO - HTTP Request: POST https://api.telegram.org/bot8756837734:AAH1IvNHQToW1Lq0gd4Mai0IDC_qAVsFQgM/getUpdates "HTTP/1.1 200 OK"
2026-04-02 07:10:52,249 - httpx - INFO - HTTP Request: POST https://api.telegram.org/bot8756837734:AAH1IvNHQToW1Lq0gd4Mai0IDC_qAVsFQgM/getUpdates "HTTP/1.1 200 OK"
2026-04-02 07:11:40,775 - httpx - INFO - HTTP Request: POST https://api.telegram.org/bot8756837734:AAH1IvNHQToW1Lq0gd4Mai0IDC_qAVsFQgM/getUpdates "HTTP/1.1 200 OK"
2026-04-02 07:11:50,921 - httpx - INFO - HTTP Request: POST https://api.telegram.org/bot8756837734:AAH1IvNHQToW1Lq0gd4Mai0IDC_qAVsFQgM/getUpdates "HTTP/1.1 200 OK"
2026-04-02 07:12:01,006 - httpx - INFO - HTTP Request: POST https://api.telegram.org/bot8756837734:AAH1IvNHQToW1Lq0gd4Mai0IDC_qAVsFQgM/getUpdates "HTTP/1.1 200 OK"
2026-04-02 07:12:31,510 - telegram.ext.Application - ERROR - No error handlers are registered, logging exception.
Traceback (most recent call last):
  File "/Users/zumrudsahverdieva/mrkbot/.venv/lib/python3.9/site-packages/httpx/_transports/default.py", line 101, in map_httpcore_exceptions
    yield
  File "/Users/zumrudsahverdieva/mrkbot/.venv/lib/python3.9/site-packages/httpx/_transports/default.py", line 394, in handle_async_request
    resp = await self._pool.handle_async_request(req)
  File "/Users/zumrudsahverdieva/mrkbot/.venv/lib/python3.9/site-packages/httpcore/_async/connection_pool.py", line 256, in handle_async_request
    raise exc from None
  File "/Users/zumrudsahverdieva/mrkbot/.venv/lib/python3.9/site-packages/httpcore/_async/connection_pool.py", line 236, in handle_async_request
    response = await connection.handle_async_request(
  File "/Users/zumrudsahverdieva/mrkbot/.venv/lib/python3.9/site-packages/httpcore/_async/connection.py", line 101, in handle_async_request
    raise exc
  File "/Users/zumrudsahverdieva/mrkbot/.venv/lib/python3.9/site-packages/httpcore/_async/connection.py", line 78, in handle_async_request
    stream = await self._connect(request)
  File "/Users/zumrudsahverdieva/mrkbot/.venv/lib/python3.9/site-packages/httpcore/_async/connection.py", line 124, in _connect
    stream = await self._network_backend.connect_tcp(**kwargs)
  File "/Users/zumrudsahverdieva/mrkbot/.venv/lib/python3.9/site-packages/httpcore/_backends/auto.py", line 31, in connect_tcp
    return await self._backend.connect_tcp(
  File "/Users/zumrudsahverdieva/mrkbot/.venv/lib/python3.9/site-packages/httpcore/_backends/anyio.py", line 122, in connect_tcp
    stream._raw_socket.setsockopt(*option)  # type: ignore[attr-defined] # pragma: no cover
  File "/Library/Developer/CommandLineTools/Library/Frameworks/Python3.framework/Versions/3.9/lib/python3.9/contextlib.py", line 135, in __exit__
    self.gen.throw(type, value, traceback)
  File "/Users/zumrudsahverdieva/mrkbot/.venv/lib/python3.9/site-packages/httpcore/_exceptions.py", line 14, in map_exceptions
    raise to_exc(exc) from exc
httpcore.ConnectError: [Errno 8] nodename nor servname provided, or not known

The above exception was the direct cause of the following exception:

Traceback (most recent call last):
  File "/Users/zumrudsahverdieva/mrkbot/.venv/lib/python3.9/site-packages/telegram/request/_httpxrequest.py", line 279, in do_request
    res = await self._client.request(
  File "/Users/zumrudsahverdieva/mrkbot/.venv/lib/python3.9/site-packages/httpx/_client.py", line 1540, in request
    return await self.send(request, auth=auth, follow_redirects=follow_redirects)
  File "/Users/zumrudsahverdieva/mrkbot/.venv/lib/python3.9/site-packages/httpx/_client.py", line 1629, in send
    response = await self._send_handling_auth(
  File "/Users/zumrudsahverdieva/mrkbot/.venv/lib/python3.9/site-packages/httpx/_client.py", line 1657, in _send_handling_auth
    response = await self._send_handling_redirects(
  File "/Users/zumrudsahverdieva/mrkbot/.venv/lib/python3.9/site-packages/httpx/_client.py", line 1694, in _send_handling_redirects
    response = await self._send_single_request(request)
  File "/Users/zumrudsahverdieva/mrkbot/.venv/lib/python3.9/site-packages/httpx/_client.py", line 1730, in _send_single_request
    response = await transport.handle_async_request(request)
  File "/Users/zumrudsahverdieva/mrkbot/.venv/lib/python3.9/site-packages/httpx/_transports/default.py", line 394, in handle_async_request
    resp = await self._pool.handle_async_request(req)
  File "/Library/Developer/CommandLineTools/Library/Frameworks/Python3.framework/Versions/3.9/lib/python3.9/contextlib.py", line 135, in __exit__
    self.gen.throw(type, value, traceback)
  File "/Users/zumrudsahverdieva/mrkbot/.venv/lib/python3.9/site-packages/httpx/_transports/default.py", line 118, in map_httpcore_exceptions
    raise mapped_exc(message) from exc
httpx.ConnectError: [Errno 8] nodename nor servname provided, or not known

The above exception was the direct cause of the following exception:

Traceback (most recent call last):
  File "/Users/zumrudsahverdieva/mrkbot/.venv/lib/python3.9/site-packages/telegram/ext/_utils/networkloop.py", line 134, in network_retry_loop
    await do_action()
  File "/Users/zumrudsahverdieva/mrkbot/.venv/lib/python3.9/site-packages/telegram/ext/_utils/networkloop.py", line 127, in do_action
    action_cb_task.result()
  File "/Users/zumrudsahverdieva/mrkbot/.venv/lib/python3.9/site-packages/telegram/ext/_updater.py", line 340, in polling_action_cb
    updates = await self.bot.get_updates(
  File "/Users/zumrudsahverdieva/mrkbot/.venv/lib/python3.9/site-packages/telegram/ext/_extbot.py", line 676, in get_updates
    updates = await super().get_updates(
  File "/Users/zumrudsahverdieva/mrkbot/.venv/lib/python3.9/site-packages/telegram/_bot.py", line 4780, in get_updates
    await self._post(
  File "/Users/zumrudsahverdieva/mrkbot/.venv/lib/python3.9/site-packages/telegram/_bot.py", line 703, in _post
    return await self._do_post(
  File "/Users/zumrudsahverdieva/mrkbot/.venv/lib/python3.9/site-packages/telegram/ext/_extbot.py", line 372, in _do_post
    return await super()._do_post(
  File "/Users/zumrudsahverdieva/mrkbot/.venv/lib/python3.9/site-packages/telegram/_bot.py", line 732, in _do_post
    result = await request.post(
  File "/Users/zumrudsahverdieva/mrkbot/.venv/lib/python3.9/site-packages/telegram/request/_baserequest.py", line 198, in post
    result = await self._request_wrapper(
  File "/Users/zumrudsahverdieva/mrkbot/.venv/lib/python3.9/site-packages/telegram/request/_baserequest.py", line 305, in _request_wrapper
    code, payload = await self.do_request(
  File "/Users/zumrudsahverdieva/mrkbot/.venv/lib/python3.9/site-packages/telegram/request/_httpxrequest.py", line 303, in do_request
    raise NetworkError(f"httpx.{err.__class__.__name__}: {err}") from err
telegram.error.NetworkError: httpx.ConnectError: [Errno 8] nodename nor servname provided, or not known
2026-04-02 07:12:32,518 - telegram.ext.Application - ERROR - No error handlers are registered, logging exception.
Traceback (most recent call last):
  File "/Users/zumrudsahverdieva/mrkbot/.venv/lib/python3.9/site-packages/httpx/_transports/default.py", line 101, in map_httpcore_exceptions
    yield
  File "/Users/zumrudsahverdieva/mrkbot/.venv/lib/python3.9/site-packages/httpx/_transports/default.py", line 394, in handle_async_request
    resp = await self._pool.handle_async_request(req)
  File "/Users/zumrudsahverdieva/mrkbot/.venv/lib/python3.9/site-packages/httpcore/_async/connection_pool.py", line 256, in handle_async_request
    raise exc from None
  File "/Users/zumrudsahverdieva/mrkbot/.venv/lib/python3.9/site-packages/httpcore/_async/connection_pool.py", line 236, in handle_async_request
    response = await connection.handle_async_request(
  File "/Users/zumrudsahverdieva/mrkbot/.venv/lib/python3.9/site-packages/httpcore/_async/connection.py", line 101, in handle_async_request
    raise exc
  File "/Users/zumrudsahverdieva/mrkbot/.venv/lib/python3.9/site-packages/httpcore/_async/connection.py", line 78, in handle_async_request
    stream = await self._connect(request)
  File "/Users/zumrudsahverdieva/mrkbot/.venv/lib/python3.9/site-packages/httpcore/_async/connection.py", line 124, in _connect
    stream = await self._network_backend.connect_tcp(**kwargs)
  File "/Users/zumrudsahverdieva/mrkbot/.venv/lib/python3.9/site-packages/httpcore/_backends/auto.py", line 31, in connect_tcp
    return await self._backend.connect_tcp(
  File "/Users/zumrudsahverdieva/mrkbot/.venv/lib/python3.9/site-packages/httpcore/_backends/anyio.py", line 122, in connect_tcp
    stream._raw_socket.setsockopt(*option)  # type: ignore[attr-defined] # pragma: no cover
  File "/Library/Developer/CommandLineTools/Library/Frameworks/Python3.framework/Versions/3.9/lib/python3.9/contextlib.py", line 135, in __exit__
    self.gen.throw(type, value, traceback)
  File "/Users/zumrudsahverdieva/mrkbot/.venv/lib/python3.9/site-packages/httpcore/_exceptions.py", line 14, in map_exceptions
    raise to_exc(exc) from exc
httpcore.ConnectError: [Errno 8] nodename nor servname provided, or not known

The above exception was the direct cause of the following exception:

Traceback (most recent call last):
  File "/Users/zumrudsahverdieva/mrkbot/.venv/lib/python3.9/site-packages/telegram/request/_httpxrequest.py", line 279, in do_request
    res = await self._client.request(
  File "/Users/zumrudsahverdieva/mrkbot/.venv/lib/python3.9/site-packages/httpx/_client.py", line 1540, in request
    return await self.send(request, auth=auth, follow_redirects=follow_redirects)
  File "/Users/zumrudsahverdieva/mrkbot/.venv/lib/python3.9/site-packages/httpx/_client.py", line 1629, in send
    response = await self._send_handling_auth(
  File "/Users/zumrudsahverdieva/mrkbot/.venv/lib/python3.9/site-packages/httpx/_client.py", line 1657, in _send_handling_auth
    response = await self._send_handling_redirects(
  File "/Users/zumrudsahverdieva/mrkbot/.venv/lib/python3.9/site-packages/httpx/_client.py", line 1694, in _send_handling_redirects
    response = await self._send_single_request(request)
  File "/Users/zumrudsahverdieva/mrkbot/.venv/lib/python3.9/site-packages/httpx/_client.py", line 1730, in _send_single_request
    response = await transport.handle_async_request(request)
  File "/Users/zumrudsahverdieva/mrkbot/.venv/lib/python3.9/site-packages/httpx/_transports/default.py", line 394, in handle_async_request
    resp = await self._pool.handle_async_request(req)
  File "/Library/Developer/CommandLineTools/Library/Frameworks/Python3.framework/Versions/3.9/lib/python3.9/contextlib.py", line 135, in __exit__
    self.gen.throw(type, value, traceback)
  File "/Users/zumrudsahverdieva/mrkbot/.venv/lib/python3.9/site-packages/httpx/_transports/default.py", line 118, in map_httpcore_exceptions
    raise mapped_exc(message) from exc
httpx.ConnectError: [Errno 8] nodename nor servname provided, or not known

The above exception was the direct cause of the following exception:

Traceback (most recent call last):
  File "/Users/zumrudsahverdieva/mrkbot/.venv/lib/python3.9/site-packages/telegram/ext/_utils/networkloop.py", line 134, in network_retry_loop
    await do_action()
  File "/Users/zumrudsahverdieva/mrkbot/.venv/lib/python3.9/site-packages/telegram/ext/_utils/networkloop.py", line 127, in do_action
    action_cb_task.result()
  File "/Users/zumrudsahverdieva/mrkbot/.venv/lib/python3.9/site-packages/telegram/ext/_updater.py", line 340, in polling_action_cb
    updates = await self.bot.get_updates(
  File "/Users/zumrudsahverdieva/mrkbot/.venv/lib/python3.9/site-packages/telegram/ext/_extbot.py", line 676, in get_updates
    updates = await super().get_updates(
  File "/Users/zumrudsahverdieva/mrkbot/.venv/lib/python3.9/site-packages/telegram/_bot.py", line 4780, in get_updates
    await self._post(
  File "/Users/zumrudsahverdieva/mrkbot/.venv/lib/python3.9/site-packages/telegram/_bot.py", line 703, in _post
    return await self._do_post(
  File "/Users/zumrudsahverdieva/mrkbot/.venv/lib/python3.9/site-packages/telegram/ext/_extbot.py", line 372, in _do_post
    return await super()._do_post(
  File "/Users/zumrudsahverdieva/mrkbot/.venv/lib/python3.9/site-packages/telegram/_bot.py", line 732, in _do_post
    result = await request.post(
  File "/Users/zumrudsahverdieva/mrkbot/.venv/lib/python3.9/site-packages/telegram/request/_baserequest.py", line 198, in post
    result = await self._request_wrapper(
  File "/Users/zumrudsahverdieva/mrkbot/.venv/lib/python3.9/site-packages/telegram/request/_baserequest.py", line 305, in _request_wrapper
    code, payload = await self.do_request(
  File "/Users/zumrudsahverdieva/mrkbot/.venv/lib/python3.9/site-packages/telegram/request/_httpxrequest.py", line 303, in do_request
    raise NetworkError(f"httpx.{err.__class__.__name__}: {err}") from err
telegram.error.NetworkError: httpx.ConnectError: [Errno 8] nodename nor servname provided, or not known
2026-04-02 07:12:34,026 - telegram.ext.Application - ERROR - No error handlers are registered, logging exception.
Traceback (most recent call last):
  File "/Users/zumrudsahverdieva/mrkbot/.venv/lib/python3.9/site-packages/httpx/_transports/default.py", line 101, in map_httpcore_exceptions
    yield
  File "/Users/zumrudsahverdieva/mrkbot/.venv/lib/python3.9/site-packages/httpx/_transports/default.py", line 394, in handle_async_request
    resp = await self._pool.handle_async_request(req)
  File "/Users/zumrudsahverdieva/mrkbot/.venv/lib/python3.9/site-packages/httpcore/_async/connection_pool.py", line 256, in handle_async_request
    raise exc from None
  File "/Users/zumrudsahverdieva/mrkbot/.venv/lib/python3.9/site-packages/httpcore/_async/connection_pool.py", line 236, in handle_async_request
    response = await connection.handle_async_request(
  File "/Users/zumrudsahverdieva/mrkbot/.venv/lib/python3.9/site-packages/httpcore/_async/connection.py", line 101, in handle_async_request
    raise exc
  File "/Users/zumrudsahverdieva/mrkbot/.venv/lib/python3.9/site-packages/httpcore/_async/connection.py", line 78, in handle_async_request
    stream = await self._connect(request)
  File "/Users/zumrudsahverdieva/mrkbot/.venv/lib/python3.9/site-packages/httpcore/_async/connection.py", line 124, in _connect
    stream = await self._network_backend.connect_tcp(**kwargs)
  File "/Users/zumrudsahverdieva/mrkbot/.venv/lib/python3.9/site-packages/httpcore/_backends/auto.py", line 31, in connect_tcp
    return await self._backend.connect_tcp(
  File "/Users/zumrudsahverdieva/mrkbot/.venv/lib/python3.9/site-packages/httpcore/_backends/anyio.py", line 122, in connect_tcp
    stream._raw_socket.setsockopt(*option)  # type: ignore[attr-defined] # pragma: no cover
  File "/Library/Developer/CommandLineTools/Library/Frameworks/Python3.framework/Versions/3.9/lib/python3.9/contextlib.py", line 135, in __exit__
    self.gen.throw(type, value, traceback)
  File "/Users/zumrudsahverdieva/mrkbot/.venv/lib/python3.9/site-packages/httpcore/_exceptions.py", line 14, in map_exceptions
    raise to_exc(exc) from exc
httpcore.ConnectError: [Errno 8] nodename nor servname provided, or not known

The above exception was the direct cause of the following exception:

Traceback (most recent call last):
  File "/Users/zumrudsahverdieva/mrkbot/.venv/lib/python3.9/site-packages/telegram/request/_httpxrequest.py", line 279, in do_request
    res = await self._client.request(
  File "/Users/zumrudsahverdieva/mrkbot/.venv/lib/python3.9/site-packages/httpx/_client.py", line 1540, in request
    return await self.send(request, auth=auth, follow_redirects=follow_redirects)
  File "/Users/zumrudsahverdieva/mrkbot/.venv/lib/python3.9/site-packages/httpx/_client.py", line 1629, in send
    response = await self._send_handling_auth(
  File "/Users/zumrudsahverdieva/mrkbot/.venv/lib/python3.9/site-packages/httpx/_client.py", line 1657, in _send_handling_auth
    response = await self._send_handling_redirects(
  File "/Users/zumrudsahverdieva/mrkbot/.venv/lib/python3.9/site-packages/httpx/_client.py", line 1694, in _send_handling_redirects
    response = await self._send_single_request(request)
  File "/Users/zumrudsahverdieva/mrkbot/.venv/lib/python3.9/site-packages/httpx/_client.py", line 1730, in _send_single_request
    response = await transport.handle_async_request(request)
  File "/Users/zumrudsahverdieva/mrkbot/.venv/lib/python3.9/site-packages/httpx/_transports/default.py", line 394, in handle_async_request
    resp = await self._pool.handle_async_request(req)
  File "/Library/Developer/CommandLineTools/Library/Frameworks/Python3.framework/Versions/3.9/lib/python3.9/contextlib.py", line 135, in __exit__
    self.gen.throw(type, value, traceback)
  File "/Users/zumrudsahverdieva/mrkbot/.venv/lib/python3.9/site-packages/httpx/_transports/default.py", line 118, in map_httpcore_exceptions
    raise mapped_exc(message) from exc
httpx.ConnectError: [Errno 8] nodename nor servname provided, or not known

The above exception was the direct cause of the following exception:

Traceback (most recent call last):
  File "/Users/zumrudsahverdieva/mrkbot/.venv/lib/python3.9/site-packages/telegram/ext/_utils/networkloop.py", line 134, in network_retry_loop
    await do_action()
  File "/Users/zumrudsahverdieva/mrkbot/.venv/lib/python3.9/site-packages/telegram/ext/_utils/networkloop.py", line 127, in do_action
    action_cb_task.result()
  File "/Users/zumrudsahverdieva/mrkbot/.venv/lib/python3.9/site-packages/telegram/ext/_updater.py", line 340, in polling_action_cb
    updates = await self.bot.get_updates(
  File "/Users/zumrudsahverdieva/mrkbot/.venv/lib/python3.9/site-packages/telegram/ext/_extbot.py", line 676, in get_updates
    updates = await super().get_updates(
  File "/Users/zumrudsahverdieva/mrkbot/.venv/lib/python3.9/site-packages/telegram/_bot.py", line 4780, in get_updates
    await self._post(
  File "/Users/zumrudsahverdieva/mrkbot/.venv/lib/python3.9/site-packages/telegram/_bot.py", line 703, in _post
    return await self._do_post(
  File "/Users/zumrudsahverdieva/mrkbot/.venv/lib/python3.9/site-packages/telegram/ext/_extbot.py", line 372, in _do_post
    return await super()._do_post(
  File "/Users/zumrudsahverdieva/mrkbot/.venv/lib/python3.9/site-packages/telegram/_bot.py", line 732, in _do_post
    result = await request.post(
  File "/Users/zumrudsahverdieva/mrkbot/.venv/lib/python3.9/site-packages/telegram/request/_baserequest.py", line 198, in post
    result = await self._request_wrapper(
  File "/Users/zumrudsahverdieva/mrkbot/.venv/lib/python3.9/site-packages/telegram/request/_baserequest.py", line 305, in _request_wrapper
    code, payload = await self.do_request(
  File "/Users/zumrudsahverdieva/mrkbot/.venv/lib/python3.9/site-packages/telegram/request/_httpxrequest.py", line 303, in do_request
    raise NetworkError(f"httpx.{err.__class__.__name__}: {err}") from err
telegram.error.NetworkError: httpx.ConnectError: [Errno 8] nodename nor servname provided, or not known
2026-04-02 07:12:36,286 - telegram.ext.Application - ERROR - No error handlers are registered, logging exception.
Traceback (most recent call last):
  File "/Users/zumrudsahverdieva/mrkbot/.venv/lib/python3.9/site-packages/httpx/_transports/default.py", line 101, in map_httpcore_exceptions
    yield
  File "/Users/zumrudsahverdieva/mrkbot/.venv/lib/python3.9/site-packages/httpx/_transports/default.py", line 394, in handle_async_request
    resp = await self._pool.handle_async_request(req)
  File "/Users/zumrudsahverdieva/mrkbot/.venv/lib/python3.9/site-packages/httpcore/_async/connection_pool.py", line 256, in handle_async_request
    raise exc from None
  File "/Users/zumrudsahverdieva/mrkbot/.venv/lib/python3.9/site-packages/httpcore/_async/connection_pool.py", line 236, in handle_async_request
    response = await connection.handle_async_request(
  File "/Users/zumrudsahverdieva/mrkbot/.venv/lib/python3.9/site-packages/httpcore/_async/connection.py", line 101, in handle_async_request
    raise exc
  File "/Users/zumrudsahverdieva/mrkbot/.venv/lib/python3.9/site-packages/httpcore/_async/connection.py", line 78, in handle_async_request
    stream = await self._connect(request)
  File "/Users/zumrudsahverdieva/mrkbot/.venv/lib/python3.9/site-packages/httpcore/_async/connection.py", line 124, in _connect
    stream = await self._network_backend.connect_tcp(**kwargs)
  File "/Users/zumrudsahverdieva/mrkbot/.venv/lib/python3.9/site-packages/httpcore/_backends/auto.py", line 31, in connect_tcp
    return await self._backend.connect_tcp(
  File "/Users/zumrudsahverdieva/mrkbot/.venv/lib/python3.9/site-packages/httpcore/_backends/anyio.py", line 122, in connect_tcp
    stream._raw_socket.setsockopt(*option)  # type: ignore[attr-defined] # pragma: no cover
  File "/Library/Developer/CommandLineTools/Library/Frameworks/Python3.framework/Versions/3.9/lib/python3.9/contextlib.py", line 135, in __exit__
    self.gen.throw(type, value, traceback)
  File "/Users/zumrudsahverdieva/mrkbot/.venv/lib/python3.9/site-packages/httpcore/_exceptions.py", line 14, in map_exceptions
    raise to_exc(exc) from exc
httpcore.ConnectError: [Errno 8] nodename nor servname provided, or not known

The above exception was the direct cause of the following exception:

Traceback (most recent call last):
  File "/Users/zumrudsahverdieva/mrkbot/.venv/lib/python3.9/site-packages/telegram/request/_httpxrequest.py", line 279, in do_request
    res = await self._client.request(
  File "/Users/zumrudsahverdieva/mrkbot/.venv/lib/python3.9/site-packages/httpx/_client.py", line 1540, in request
    return await self.send(request, auth=auth, follow_redirects=follow_redirects)
  File "/Users/zumrudsahverdieva/mrkbot/.venv/lib/python3.9/site-packages/httpx/_client.py", line 1629, in send
    response = await self._send_handling_auth(
  File "/Users/zumrudsahverdieva/mrkbot/.venv/lib/python3.9/site-packages/httpx/_client.py", line 1657, in _send_handling_auth
    response = await self._send_handling_redirects(
  File "/Users/zumrudsahverdieva/mrkbot/.venv/lib/python3.9/site-packages/httpx/_client.py", line 1694, in _send_handling_redirects
    response = await self._send_single_request(request)
  File "/Users/zumrudsahverdieva/mrkbot/.venv/lib/python3.9/site-packages/httpx/_client.py", line 1730, in _send_single_request
    response = await transport.handle_async_request(request)
  File "/Users/zumrudsahverdieva/mrkbot/.venv/lib/python3.9/site-packages/httpx/_transports/default.py", line 394, in handle_async_request
    resp = await self._pool.handle_async_request(req)
  File "/Library/Developer/CommandLineTools/Library/Frameworks/Python3.framework/Versions/3.9/lib/python3.9/contextlib.py", line 135, in __exit__
    self.gen.throw(type, value, traceback)
  File "/Users/zumrudsahverdieva/mrkbot/.venv/lib/python3.9/site-packages/httpx/_transports/default.py", line 118, in map_httpcore_exceptions
    raise mapped_exc(message) from exc
httpx.ConnectError: [Errno 8] nodename nor servname provided, or not known

The above exception was the direct cause of the following exception:

Traceback (most recent call last):
  File "/Users/zumrudsahverdieva/mrkbot/.venv/lib/python3.9/site-packages/telegram/ext/_utils/networkloop.py", line 134, in network_retry_loop
    await do_action()
  File "/Users/zumrudsahverdieva/mrkbot/.venv/lib/python3.9/site-packages/telegram/ext/_utils/networkloop.py", line 127, in do_action
    action_cb_task.result()
  File "/Users/zumrudsahverdieva/mrkbot/.venv/lib/python3.9/site-packages/telegram/ext/_updater.py", line 340, in polling_action_cb
    updates = await self.bot.get_updates(
  File "/Users/zumrudsahverdieva/mrkbot/.venv/lib/python3.9/site-packages/telegram/ext/_extbot.py", line 676, in get_updates
    updates = await super().get_updates(
  File "/Users/zumrudsahverdieva/mrkbot/.venv/lib/python3.9/site-packages/telegram/_bot.py", line 4780, in get_updates
    await self._post(
  File "/Users/zumrudsahverdieva/mrkbot/.venv/lib/python3.9/site-packages/telegram/_bot.py", line 703, in _post
    return await self._do_post(
  File "/Users/zumrudsahverdieva/mrkbot/.venv/lib/python3.9/site-packages/telegram/ext/_extbot.py", line 372, in _do_post
    return await super()._do_post(
  File "/Users/zumrudsahverdieva/mrkbot/.venv/lib/python3.9/site-packages/telegram/_bot.py", line 732, in _do_post
    result = await request.post(
  File "/Users/zumrudsahverdieva/mrkbot/.venv/lib/python3.9/site-packages/telegram/request/_baserequest.py", line 198, in post
    result = await self._request_wrapper(
  File "/Users/zumrudsahverdieva/mrkbot/.venv/lib/python3.9/site-packages/telegram/request/_baserequest.py", line 305, in _request_wrapper
    code, payload = await self.do_request(
  File "/Users/zumrudsahverdieva/mrkbot/.venv/lib/python3.9/site-packages/telegram/request/_httpxrequest.py", line 303, in do_request
    raise NetworkError(f"httpx.{err.__class__.__name__}: {err}") from err
telegram.error.NetworkError: httpx.ConnectError: [Errno 8] nodename nor servname provided, or not known
2026-04-02 07:12:39,669 - telegram.ext.Application - ERROR - No error handlers are registered, logging exception.
Traceback (most recent call last):
  File "/Users/zumrudsahverdieva/mrkbot/.venv/lib/python3.9/site-packages/httpx/_transports/default.py", line 101, in map_httpcore_exceptions
    yield
  File "/Users/zumrudsahverdieva/mrkbot/.venv/lib/python3.9/site-packages/httpx/_transports/default.py", line 394, in handle_async_request
    resp = await self._pool.handle_async_request(req)
  File "/Users/zumrudsahverdieva/mrkbot/.venv/lib/python3.9/site-packages/httpcore/_async/connection_pool.py", line 256, in handle_async_request
    raise exc from None
  File "/Users/zumrudsahverdieva/mrkbot/.venv/lib/python3.9/site-packages/httpcore/_async/connection_pool.py", line 236, in handle_async_request
    response = await connection.handle_async_request(
  File "/Users/zumrudsahverdieva/mrkbot/.venv/lib/python3.9/site-packages/httpcore/_async/connection.py", line 101, in handle_async_request
    raise exc
  File "/Users/zumrudsahverdieva/mrkbot/.venv/lib/python3.9/site-packages/httpcore/_async/connection.py", line 78, in handle_async_request
    stream = await self._connect(request)
  File "/Users/zumrudsahverdieva/mrkbot/.venv/lib/python3.9/site-packages/httpcore/_async/connection.py", line 124, in _connect
    stream = await self._network_backend.connect_tcp(**kwargs)
  File "/Users/zumrudsahverdieva/mrkbot/.venv/lib/python3.9/site-packages/httpcore/_backends/auto.py", line 31, in connect_tcp
    return await self._backend.connect_tcp(
  File "/Users/zumrudsahverdieva/mrkbot/.venv/lib/python3.9/site-packages/httpcore/_backends/anyio.py", line 122, in connect_tcp
    stream._raw_socket.setsockopt(*option)  # type: ignore[attr-defined] # pragma: no cover
  File "/Library/Developer/CommandLineTools/Library/Frameworks/Python3.framework/Versions/3.9/lib/python3.9/contextlib.py", line 135, in __exit__
    self.gen.throw(type, value, traceback)
  File "/Users/zumrudsahverdieva/mrkbot/.venv/lib/python3.9/site-packages/httpcore/_exceptions.py", line 14, in map_exceptions
    raise to_exc(exc) from exc
httpcore.ConnectError: [Errno 8] nodename nor servname provided, or not known

The above exception was the direct cause of the following exception:

Traceback (most recent call last):
  File "/Users/zumrudsahverdieva/mrkbot/.venv/lib/python3.9/site-packages/telegram/request/_httpxrequest.py", line 279, in do_request
    res = await self._client.request(
  File "/Users/zumrudsahverdieva/mrkbot/.venv/lib/python3.9/site-packages/httpx/_client.py", line 1540, in request
    return await self.send(request, auth=auth, follow_redirects=follow_redirects)
  File "/Users/zumrudsahverdieva/mrkbot/.venv/lib/python3.9/site-packages/httpx/_client.py", line 1629, in send
    response = await self._send_handling_auth(
  File "/Users/zumrudsahverdieva/mrkbot/.venv/lib/python3.9/site-packages/httpx/_client.py", line 1657, in _send_handling_auth
    response = await self._send_handling_redirects(
  File "/Users/zumrudsahverdieva/mrkbot/.venv/lib/python3.9/site-packages/httpx/_client.py", line 1694, in _send_handling_redirects
    response = await self._send_single_request(request)
  File "/Users/zumrudsahverdieva/mrkbot/.venv/lib/python3.9/site-packages/httpx/_client.py", line 1730, in _send_single_request
    response = await transport.handle_async_request(request)
  File "/Users/zumrudsahverdieva/mrkbot/.venv/lib/python3.9/site-packages/httpx/_transports/default.py", line 394, in handle_async_request
    resp = await self._pool.handle_async_request(req)
  File "/Library/Developer/CommandLineTools/Library/Frameworks/Python3.framework/Versions/3.9/lib/python3.9/contextlib.py", line 135, in __exit__
    self.gen.throw(type, value, traceback)
  File "/Users/zumrudsahverdieva/mrkbot/.venv/lib/python3.9/site-packages/httpx/_transports/default.py", line 118, in map_httpcore_exceptions
    raise mapped_exc(message) from exc
httpx.ConnectError: [Errno 8] nodename nor servname provided, or not known

The above exception was the direct cause of the following exception:

Traceback (most recent call last):
  File "/Users/zumrudsahverdieva/mrkbot/.venv/lib/python3.9/site-packages/telegram/ext/_utils/networkloop.py", line 134, in network_retry_loop
    await do_action()
  File "/Users/zumrudsahverdieva/mrkbot/.venv/lib/python3.9/site-packages/telegram/ext/_utils/networkloop.py", line 127, in do_action
    action_cb_task.result()
  File "/Users/zumrudsahverdieva/mrkbot/.venv/lib/python3.9/site-packages/telegram/ext/_updater.py", line 340, in polling_action_cb
    updates = await self.bot.get_updates(
  File "/Users/zumrudsahverdieva/mrkbot/.venv/lib/python3.9/site-packages/telegram/ext/_extbot.py", line 676, in get_updates
    updates = await super().get_updates(
  File "/Users/zumrudsahverdieva/mrkbot/.venv/lib/python3.9/site-packages/telegram/_bot.py", line 4780, in get_updates
    await self._post(
  File "/Users/zumrudsahverdieva/mrkbot/.venv/lib/python3.9/site-packages/telegram/_bot.py", line 703, in _post
    return await self._do_post(
  File "/Users/zumrudsahverdieva/mrkbot/.venv/lib/python3.9/site-packages/telegram/ext/_extbot.py", line 372, in _do_post
    return await super()._do_post(
  File "/Users/zumrudsahverdieva/mrkbot/.venv/lib/python3.9/site-packages/telegram/_bot.py", line 732, in _do_post
    result = await request.post(
  File "/Users/zumrudsahverdieva/mrkbot/.venv/lib/python3.9/site-packages/telegram/request/_baserequest.py", line 198, in post
    result = await self._request_wrapper(
  File "/Users/zumrudsahverdieva/mrkbot/.venv/lib/python3.9/site-packages/telegram/request/_baserequest.py", line 305, in _request_wrapper
    code, payload = await self.do_request(
  File "/Users/zumrudsahverdieva/mrkbot/.venv/lib/python3.9/site-packages/telegram/request/_httpxrequest.py", line 303, in do_request
    raise NetworkError(f"httpx.{err.__class__.__name__}: {err}") from err
telegram.error.NetworkError: httpx.ConnectError: [Errno 8] nodename nor servname provided, or not known
2026-04-02 07:12:44,740 - telegram.ext.Application - ERROR - No error handlers are registered, logging exception.
Traceback (most recent call last):
  File "/Users/zumrudsahverdieva/mrkbot/.venv/lib/python3.9/site-packages/httpx/_transports/default.py", line 101, in map_httpcore_exceptions
    yield
  File "/Users/zumrudsahverdieva/mrkbot/.venv/lib/python3.9/site-packages/httpx/_transports/default.py", line 394, in handle_async_request
    resp = await self._pool.handle_async_request(req)
  File "/Users/zumrudsahverdieva/mrkbot/.venv/lib/python3.9/site-packages/httpcore/_async/connection_pool.py", line 256, in handle_async_request
    raise exc from None
  File "/Users/zumrudsahverdieva/mrkbot/.venv/lib/python3.9/site-packages/httpcore/_async/connection_pool.py", line 236, in handle_async_request
    response = await connection.handle_async_request(
  File "/Users/zumrudsahverdieva/mrkbot/.venv/lib/python3.9/site-packages/httpcore/_async/connection.py", line 101, in handle_async_request
    raise exc
  File "/Users/zumrudsahverdieva/mrkbot/.venv/lib/python3.9/site-packages/httpcore/_async/connection.py", line 78, in handle_async_request
    stream = await self._connect(request)
  File "/Users/zumrudsahverdieva/mrkbot/.venv/lib/python3.9/site-packages/httpcore/_async/connection.py", line 124, in _connect
    stream = await self._network_backend.connect_tcp(**kwargs)
  File "/Users/zumrudsahverdieva/mrkbot/.venv/lib/python3.9/site-packages/httpcore/_backends/auto.py", line 31, in connect_tcp
    return await self._backend.connect_tcp(
  File "/Users/zumrudsahverdieva/mrkbot/.venv/lib/python3.9/site-packages/httpcore/_backends/anyio.py", line 122, in connect_tcp
    stream._raw_socket.setsockopt(*option)  # type: ignore[attr-defined] # pragma: no cover
  File "/Library/Developer/CommandLineTools/Library/Frameworks/Python3.framework/Versions/3.9/lib/python3.9/contextlib.py", line 135, in __exit__
    self.gen.throw(type, value, traceback)
  File "/Users/zumrudsahverdieva/mrkbot/.venv/lib/python3.9/site-packages/httpcore/_exceptions.py", line 14, in map_exceptions
    raise to_exc(exc) from exc
httpcore.ConnectError: [Errno 8] nodename nor servname provided, or not known

The above exception was the direct cause of the following exception:

Traceback (most recent call last):
  File "/Users/zumrudsahverdieva/mrkbot/.venv/lib/python3.9/site-packages/telegram/request/_httpxrequest.py", line 279, in do_request
    res = await self._client.request(
  File "/Users/zumrudsahverdieva/mrkbot/.venv/lib/python3.9/site-packages/httpx/_client.py", line 1540, in request
    return await self.send(request, auth=auth, follow_redirects=follow_redirects)
  File "/Users/zumrudsahverdieva/mrkbot/.venv/lib/python3.9/site-packages/httpx/_client.py", line 1629, in send
    response = await self._send_handling_auth(
  File "/Users/zumrudsahverdieva/mrkbot/.venv/lib/python3.9/site-packages/httpx/_client.py", line 1657, in _send_handling_auth
    response = await self._send_handling_redirects(
  File "/Users/zumrudsahverdieva/mrkbot/.venv/lib/python3.9/site-packages/httpx/_client.py", line 1694, in _send_handling_redirects
    response = await self._send_single_request(request)
  File "/Users/zumrudsahverdieva/mrkbot/.venv/lib/python3.9/site-packages/httpx/_client.py", line 1730, in _send_single_request
    response = await transport.handle_async_request(request)
  File "/Users/zumrudsahverdieva/mrkbot/.venv/lib/python3.9/site-packages/httpx/_transports/default.py", line 394, in handle_async_request
    resp = await self._pool.handle_async_request(req)
  File "/Library/Developer/CommandLineTools/Library/Frameworks/Python3.framework/Versions/3.9/lib/python3.9/contextlib.py", line 135, in __exit__
    self.gen.throw(type, value, traceback)
  File "/Users/zumrudsahverdieva/mrkbot/.venv/lib/python3.9/site-packages/httpx/_transports/default.py", line 118, in map_httpcore_exceptions
    raise mapped_exc(message) from exc
httpx.ConnectError: [Errno 8] nodename nor servname provided, or not known

The above exception was the direct cause of the following exception:

Traceback (most recent call last):
  File "/Users/zumrudsahverdieva/mrkbot/.venv/lib/python3.9/site-packages/telegram/ext/_utils/networkloop.py", line 134, in network_retry_loop
    await do_action()
  File "/Users/zumrudsahverdieva/mrkbot/.venv/lib/python3.9/site-packages/telegram/ext/_utils/networkloop.py", line 127, in do_action
    action_cb_task.result()
  File "/Users/zumrudsahverdieva/mrkbot/.venv/lib/python3.9/site-packages/telegram/ext/_updater.py", line 340, in polling_action_cb
    updates = await self.bot.get_updates(
  File "/Users/zumrudsahverdieva/mrkbot/.venv/lib/python3.9/site-packages/telegram/ext/_extbot.py", line 676, in get_updates
    updates = await super().get_updates(
  File "/Users/zumrudsahverdieva/mrkbot/.venv/lib/python3.9/site-packages/telegram/_bot.py", line 4780, in get_updates
    await self._post(
  File "/Users/zumrudsahverdieva/mrkbot/.venv/lib/python3.9/site-packages/telegram/_bot.py", line 703, in _post
    return await self._do_post(
  File "/Users/zumrudsahverdieva/mrkbot/.venv/lib/python3.9/site-packages/telegram/ext/_extbot.py", line 372, in _do_post
    return await super()._do_post(
  File "/Users/zumrudsahverdieva/mrkbot/.venv/lib/python3.9/site-packages/telegram/_bot.py", line 732, in _do_post
    result = await request.post(
  File "/Users/zumrudsahverdieva/mrkbot/.venv/lib/python3.9/site-packages/telegram/request/_baserequest.py", line 198, in post
    result = await self._request_wrapper(
  File "/Users/zumrudsahverdieva/mrkbot/.venv/lib/python3.9/site-packages/telegram/request/_baserequest.py", line 305, in _request_wrapper
    code, payload = await self.do_request(
  File "/Users/zumrudsahverdieva/mrkbot/.venv/lib/python3.9/site-packages/telegram/request/_httpxrequest.py", line 303, in do_request
    raise NetworkError(f"httpx.{err.__class__.__name__}: {err}") from err
telegram.error.NetworkError: httpx.ConnectError: [Errno 8] nodename nor servname provided, or not known
2026-04-02 07:12:52,342 - telegram.ext.Application - ERROR - No error handlers are registered, logging exception.
Traceback (most recent call last):
  File "/Users/zumrudsahverdieva/mrkbot/.venv/lib/python3.9/site-packages/httpx/_transports/default.py", line 101, in map_httpcore_exceptions
    yield
  File "/Users/zumrudsahverdieva/mrkbot/.venv/lib/python3.9/site-packages/httpx/_transports/default.py", line 394, in handle_async_request
    resp = await self._pool.handle_async_request(req)
  File "/Users/zumrudsahverdieva/mrkbot/.venv/lib/python3.9/site-packages/httpcore/_async/connection_pool.py", line 256, in handle_async_request
    raise exc from None
  File "/Users/zumrudsahverdieva/mrkbot/.venv/lib/python3.9/site-packages/httpcore/_async/connection_pool.py", line 236, in handle_async_request
    response = await connection.handle_async_request(
  File "/Users/zumrudsahverdieva/mrkbot/.venv/lib/python3.9/site-packages/httpcore/_async/connection.py", line 101, in handle_async_request
    raise exc
  File "/Users/zumrudsahverdieva/mrkbot/.venv/lib/python3.9/site-packages/httpcore/_async/connection.py", line 78, in handle_async_request
    stream = await self._connect(request)
  File "/Users/zumrudsahverdieva/mrkbot/.venv/lib/python3.9/site-packages/httpcore/_async/connection.py", line 124, in _connect
    stream = await self._network_backend.connect_tcp(**kwargs)
  File "/Users/zumrudsahverdieva/mrkbot/.venv/lib/python3.9/site-packages/httpcore/_backends/auto.py", line 31, in connect_tcp
    return await self._backend.connect_tcp(
  File "/Users/zumrudsahverdieva/mrkbot/.venv/lib/python3.9/site-packages/httpcore/_backends/anyio.py", line 122, in connect_tcp
    stream._raw_socket.setsockopt(*option)  # type: ignore[attr-defined] # pragma: no cover
  File "/Library/Developer/CommandLineTools/Library/Frameworks/Python3.framework/Versions/3.9/lib/python3.9/contextlib.py", line 135, in __exit__
    self.gen.throw(type, value, traceback)
  File "/Users/zumrudsahverdieva/mrkbot/.venv/lib/python3.9/site-packages/httpcore/_exceptions.py", line 14, in map_exceptions
    raise to_exc(exc) from exc
httpcore.ConnectError: [Errno 8] nodename nor servname provided, or not known

The above exception was the direct cause of the following exception:

Traceback (most recent call last):
  File "/Users/zumrudsahverdieva/mrkbot/.venv/lib/python3.9/site-packages/telegram/request/_httpxrequest.py", line 279, in do_request
    res = await self._client.request(
  File "/Users/zumrudsahverdieva/mrkbot/.venv/lib/python3.9/site-packages/httpx/_client.py", line 1540, in request
    return await self.send(request, auth=auth, follow_redirects=follow_redirects)
  File "/Users/zumrudsahverdieva/mrkbot/.venv/lib/python3.9/site-packages/httpx/_client.py", line 1629, in send
    response = await self._send_handling_auth(
  File "/Users/zumrudsahverdieva/mrkbot/.venv/lib/python3.9/site-packages/httpx/_client.py", line 1657, in _send_handling_auth
    response = await self._send_handling_redirects(
  File "/Users/zumrudsahverdieva/mrkbot/.venv/lib/python3.9/site-packages/httpx/_client.py", line 1694, in _send_handling_redirects
    response = await self._send_single_request(request)
  File "/Users/zumrudsahverdieva/mrkbot/.venv/lib/python3.9/site-packages/httpx/_client.py", line 1730, in _send_single_request
    response = await transport.handle_async_request(request)
  File "/Users/zumrudsahverdieva/mrkbot/.venv/lib/python3.9/site-packages/httpx/_transports/default.py", line 394, in handle_async_request
    resp = await self._pool.handle_async_request(req)
  File "/Library/Developer/CommandLineTools/Library/Frameworks/Python3.framework/Versions/3.9/lib/python3.9/contextlib.py", line 135, in __exit__
    self.gen.throw(type, value, traceback)
  File "/Users/zumrudsahverdieva/mrkbot/.venv/lib/python3.9/site-packages/httpx/_transports/default.py", line 118, in map_httpcore_exceptions
    raise mapped_exc(message) from exc
httpx.ConnectError: [Errno 8] nodename nor servname provided, or not known

The above exception was the direct cause of the following exception:

Traceback (most recent call last):
  File "/Users/zumrudsahverdieva/mrkbot/.venv/lib/python3.9/site-packages/telegram/ext/_utils/networkloop.py", line 134, in network_retry_loop
    await do_action()
  File "/Users/zumrudsahverdieva/mrkbot/.venv/lib/python3.9/site-packages/telegram/ext/_utils/networkloop.py", line 127, in do_action
    action_cb_task.result()
  File "/Users/zumrudsahverdieva/mrkbot/.venv/lib/python3.9/site-packages/telegram/ext/_updater.py", line 340, in polling_action_cb
    updates = await self.bot.get_updates(
  File "/Users/zumrudsahverdieva/mrkbot/.venv/lib/python3.9/site-packages/telegram/ext/_extbot.py", line 676, in get_updates
    updates = await super().get_updates(
  File "/Users/zumrudsahverdieva/mrkbot/.venv/lib/python3.9/site-packages/telegram/_bot.py", line 4780, in get_updates
    await self._post(
  File "/Users/zumrudsahverdieva/mrkbot/.venv/lib/python3.9/site-packages/telegram/_bot.py", line 703, in _post
    return await self._do_post(
  File "/Users/zumrudsahverdieva/mrkbot/.venv/lib/python3.9/site-packages/telegram/ext/_extbot.py", line 372, in _do_post
    return await super()._do_post(
  File "/Users/zumrudsahverdieva/mrkbot/.venv/lib/python3.9/site-packages/telegram/_bot.py", line 732, in _do_post
    result = await request.post(
  File "/Users/zumrudsahverdieva/mrkbot/.venv/lib/python3.9/site-packages/telegram/request/_baserequest.py", line 198, in post
    result = await self._request_wrapper(
  File "/Users/zumrudsahverdieva/mrkbot/.venv/lib/python3.9/site-packages/telegram/request/_baserequest.py", line 305, in _request_wrapper
    code, payload = await self.do_request(
  File "/Users/zumrudsahverdieva/mrkbot/.venv/lib/python3.9/site-packages/telegram/request/_httpxrequest.py", line 303, in do_request
    raise NetworkError(f"httpx.{err.__class__.__name__}: {err}") from err
telegram.error.NetworkError: httpx.ConnectError: [Errno 8] nodename nor servname provided, or not known
2026-04-02 07:13:03,741 - telegram.ext.Application - ERROR - No error handlers are registered, logging exception.
Traceback (most recent call last):
  File "/Users/zumrudsahverdieva/mrkbot/.venv/lib/python3.9/site-packages/httpx/_transports/default.py", line 101, in map_httpcore_exceptions
    yield
  File "/Users/zumrudsahverdieva/mrkbot/.venv/lib/python3.9/site-packages/httpx/_transports/default.py", line 394, in handle_async_request
    resp = await self._pool.handle_async_request(req)
  File "/Users/zumrudsahverdieva/mrkbot/.venv/lib/python3.9/site-packages/httpcore/_async/connection_pool.py", line 256, in handle_async_request
    raise exc from None
  File "/Users/zumrudsahverdieva/mrkbot/.venv/lib/python3.9/site-packages/httpcore/_async/connection_pool.py", line 236, in handle_async_request
    response = await connection.handle_async_request(
  File "/Users/zumrudsahverdieva/mrkbot/.venv/lib/python3.9/site-packages/httpcore/_async/connection.py", line 101, in handle_async_request
    raise exc
  File "/Users/zumrudsahverdieva/mrkbot/.venv/lib/python3.9/site-packages/httpcore/_async/connection.py", line 78, in handle_async_request
    stream = await self._connect(request)
  File "/Users/zumrudsahverdieva/mrkbot/.venv/lib/python3.9/site-packages/httpcore/_async/connection.py", line 124, in _connect
    stream = await self._network_backend.connect_tcp(**kwargs)
  File "/Users/zumrudsahverdieva/mrkbot/.venv/lib/python3.9/site-packages/httpcore/_backends/auto.py", line 31, in connect_tcp
    return await self._backend.connect_tcp(
  File "/Users/zumrudsahverdieva/mrkbot/.venv/lib/python3.9/site-packages/httpcore/_backends/anyio.py", line 122, in connect_tcp
    stream._raw_socket.setsockopt(*option)  # type: ignore[attr-defined] # pragma: no cover
  File "/Library/Developer/CommandLineTools/Library/Frameworks/Python3.framework/Versions/3.9/lib/python3.9/contextlib.py", line 135, in __exit__
    self.gen.throw(type, value, traceback)
  File "/Users/zumrudsahverdieva/mrkbot/.venv/lib/python3.9/site-packages/httpcore/_exceptions.py", line 14, in map_exceptions
    raise to_exc(exc) from exc
httpcore.ConnectError: [Errno 8] nodename nor servname provided, or not known

The above exception was the direct cause of the following exception:

Traceback (most recent call last):
  File "/Users/zumrudsahverdieva/mrkbot/.venv/lib/python3.9/site-packages/telegram/request/_httpxrequest.py", line 279, in do_request
    res = await self._client.request(
  File "/Users/zumrudsahverdieva/mrkbot/.venv/lib/python3.9/site-packages/httpx/_client.py", line 1540, in request
    return await self.send(request, auth=auth, follow_redirects=follow_redirects)
  File "/Users/zumrudsahverdieva/mrkbot/.venv/lib/python3.9/site-packages/httpx/_client.py", line 1629, in send
    response = await self._send_handling_auth(
  File "/Users/zumrudsahverdieva/mrkbot/.venv/lib/python3.9/site-packages/httpx/_client.py", line 1657, in _send_handling_auth
    response = await self._send_handling_redirects(
  File "/Users/zumrudsahverdieva/mrkbot/.venv/lib/python3.9/site-packages/httpx/_client.py", line 1694, in _send_handling_redirects
    response = await self._send_single_request(request)
  File "/Users/zumrudsahverdieva/mrkbot/.venv/lib/python3.9/site-packages/httpx/_client.py", line 1730, in _send_single_request
    response = await transport.handle_async_request(request)
  File "/Users/zumrudsahverdieva/mrkbot/.venv/lib/python3.9/site-packages/httpx/_transports/default.py", line 394, in handle_async_request
    resp = await self._pool.handle_async_request(req)
  File "/Library/Developer/CommandLineTools/Library/Frameworks/Python3.framework/Versions/3.9/lib/python3.9/contextlib.py", line 135, in __exit__
    self.gen.throw(type, value, traceback)
  File "/Users/zumrudsahverdieva/mrkbot/.venv/lib/python3.9/site-packages/httpx/_transports/default.py", line 118, in map_httpcore_exceptions
    raise mapped_exc(message) from exc
httpx.ConnectError: [Errno 8] nodename nor servname provided, or not known

The above exception was the direct cause of the following exception:

Traceback (most recent call last):
  File "/Users/zumrudsahverdieva/mrkbot/.venv/lib/python3.9/site-packages/telegram/ext/_utils/networkloop.py", line 134, in network_retry_loop
    await do_action()
  File "/Users/zumrudsahverdieva/mrkbot/.venv/lib/python3.9/site-packages/telegram/ext/_utils/networkloop.py", line 127, in do_action
    action_cb_task.result()
  File "/Users/zumrudsahverdieva/mrkbot/.venv/lib/python3.9/site-packages/telegram/ext/_updater.py", line 340, in polling_action_cb
    updates = await self.bot.get_updates(
  File "/Users/zumrudsahverdieva/mrkbot/.venv/lib/python3.9/site-packages/telegram/ext/_extbot.py", line 676, in get_updates
    updates = await super().get_updates(
  File "/Users/zumrudsahverdieva/mrkbot/.venv/lib/python3.9/site-packages/telegram/_bot.py", line 4780, in get_updates
    await self._post(
  File "/Users/zumrudsahverdieva/mrkbot/.venv/lib/python3.9/site-packages/telegram/_bot.py", line 703, in _post
    return await self._do_post(
  File "/Users/zumrudsahverdieva/mrkbot/.venv/lib/python3.9/site-packages/telegram/ext/_extbot.py", line 372, in _do_post
    return await super()._do_post(
  File "/Users/zumrudsahverdieva/mrkbot/.venv/lib/python3.9/site-packages/telegram/_bot.py", line 732, in _do_post
    result = await request.post(
  File "/Users/zumrudsahverdieva/mrkbot/.venv/lib/python3.9/site-packages/telegram/request/_baserequest.py", line 198, in post
    result = await self._request_wrapper(
  File "/Users/zumrudsahverdieva/mrkbot/.venv/lib/python3.9/site-packages/telegram/request/_baserequest.py", line 305, in _request_wrapper
    code, payload = await self.do_request(
  File "/Users/zumrudsahverdieva/mrkbot/.venv/lib/python3.9/site-packages/telegram/request/_httpxrequest.py", line 303, in do_request
    raise NetworkError(f"httpx.{err.__class__.__name__}: {err}") from err
telegram.error.NetworkError: httpx.ConnectError: [Errno 8] nodename nor servname provided, or not known
2026-04-02 07:33:36,144 - telegram.ext.Application - ERROR - No error handlers are registered, logging exception.
Traceback (most recent call last):
  File "/Users/zumrudsahverdieva/mrkbot/.venv/lib/python3.9/site-packages/httpx/_transports/default.py", line 101, in map_httpcore_exceptions
    yield
  File "/Users/zumrudsahverdieva/mrkbot/.venv/lib/python3.9/site-packages/httpx/_transports/default.py", line 394, in handle_async_request
    resp = await self._pool.handle_async_request(req)
  File "/Users/zumrudsahverdieva/mrkbot/.venv/lib/python3.9/site-packages/httpcore/_async/connection_pool.py", line 256, in handle_async_request
    raise exc from None
  File "/Users/zumrudsahverdieva/mrkbot/.venv/lib/python3.9/site-packages/httpcore/_async/connection_pool.py", line 236, in handle_async_request
    response = await connection.handle_async_request(
  File "/Users/zumrudsahverdieva/mrkbot/.venv/lib/python3.9/site-packages/httpcore/_async/connection.py", line 101, in handle_async_request
    raise exc
  File "/Users/zumrudsahverdieva/mrkbot/.venv/lib/python3.9/site-packages/httpcore/_async/connection.py", line 78, in handle_async_request
    stream = await self._connect(request)
  File "/Users/zumrudsahverdieva/mrkbot/.venv/lib/python3.9/site-packages/httpcore/_async/connection.py", line 124, in _connect
    stream = await self._network_backend.connect_tcp(**kwargs)
  File "/Users/zumrudsahverdieva/mrkbot/.venv/lib/python3.9/site-packages/httpcore/_backends/auto.py", line 31, in connect_tcp
    return await self._backend.connect_tcp(
  File "/Users/zumrudsahverdieva/mrkbot/.venv/lib/python3.9/site-packages/httpcore/_backends/anyio.py", line 122, in connect_tcp
    stream._raw_socket.setsockopt(*option)  # type: ignore[attr-defined] # pragma: no cover
  File "/Library/Developer/CommandLineTools/Library/Frameworks/Python3.framework/Versions/3.9/lib/python3.9/contextlib.py", line 135, in __exit__
    self.gen.throw(type, value, traceback)
  File "/Users/zumrudsahverdieva/mrkbot/.venv/lib/python3.9/site-packages/httpcore/_exceptions.py", line 14, in map_exceptions
    raise to_exc(exc) from exc
httpcore.ConnectError: [Errno 8] nodename nor servname provided, or not known

The above exception was the direct cause of the following exception:

Traceback (most recent call last):
  File "/Users/zumrudsahverdieva/mrkbot/.venv/lib/python3.9/site-packages/telegram/request/_httpxrequest.py", line 279, in do_request
    res = await self._client.request(
  File "/Users/zumrudsahverdieva/mrkbot/.venv/lib/python3.9/site-packages/httpx/_client.py", line 1540, in request
    return await self.send(request, auth=auth, follow_redirects=follow_redirects)
  File "/Users/zumrudsahverdieva/mrkbot/.venv/lib/python3.9/site-packages/httpx/_client.py", line 1629, in send
    response = await self._send_handling_auth(
  File "/Users/zumrudsahverdieva/mrkbot/.venv/lib/python3.9/site-packages/httpx/_client.py", line 1657, in _send_handling_auth
    response = await self._send_handling_redirects(
  File "/Users/zumrudsahverdieva/mrkbot/.venv/lib/python3.9/site-packages/httpx/_client.py", line 1694, in _send_handling_redirects
    response = await self._send_single_request(request)
  File "/Users/zumrudsahverdieva/mrkbot/.venv/lib/python3.9/site-packages/httpx/_client.py", line 1730, in _send_single_request
    response = await transport.handle_async_request(request)
  File "/Users/zumrudsahverdieva/mrkbot/.venv/lib/python3.9/site-packages/httpx/_transports/default.py", line 394, in handle_async_request
    resp = await self._pool.handle_async_request(req)
  File "/Library/Developer/CommandLineTools/Library/Frameworks/Python3.framework/Versions/3.9/lib/python3.9/contextlib.py", line 135, in __exit__
    self.gen.throw(type, value, traceback)
  File "/Users/zumrudsahverdieva/mrkbot/.venv/lib/python3.9/site-packages/httpx/_transports/default.py", line 118, in map_httpcore_exceptions
    raise mapped_exc(message) from exc
httpx.ConnectError: [Errno 8] nodename nor servname provided, or not known

The above exception was the direct cause of the following exception:

Traceback (most recent call last):
  File "/Users/zumrudsahverdieva/mrkbot/.venv/lib/python3.9/site-packages/telegram/ext/_utils/networkloop.py", line 134, in network_retry_loop
    await do_action()
  File "/Users/zumrudsahverdieva/mrkbot/.venv/lib/python3.9/site-packages/telegram/ext/_utils/networkloop.py", line 127, in do_action
    action_cb_task.result()
  File "/Users/zumrudsahverdieva/mrkbot/.venv/lib/python3.9/site-packages/telegram/ext/_updater.py", line 340, in polling_action_cb
    updates = await self.bot.get_updates(
  File "/Users/zumrudsahverdieva/mrkbot/.venv/lib/python3.9/site-packages/telegram/ext/_extbot.py", line 676, in get_updates
    updates = await super().get_updates(
  File "/Users/zumrudsahverdieva/mrkbot/.venv/lib/python3.9/site-packages/telegram/_bot.py", line 4780, in get_updates
    await self._post(
  File "/Users/zumrudsahverdieva/mrkbot/.venv/lib/python3.9/site-packages/telegram/_bot.py", line 703, in _post
    return await self._do_post(
  File "/Users/zumrudsahverdieva/mrkbot/.venv/lib/python3.9/site-packages/telegram/ext/_extbot.py", line 372, in _do_post
    return await super()._do_post(
  File "/Users/zumrudsahverdieva/mrkbot/.venv/lib/python3.9/site-packages/telegram/_bot.py", line 732, in _do_post
    result = await request.post(
  File "/Users/zumrudsahverdieva/mrkbot/.venv/lib/python3.9/site-packages/telegram/request/_baserequest.py", line 198, in post
    result = await self._request_wrapper(
  File "/Users/zumrudsahverdieva/mrkbot/.venv/lib/python3.9/site-packages/telegram/request/_baserequest.py", line 305, in _request_wrapper
    code, payload = await self.do_request(
  File "/Users/zumrudsahverdieva/mrkbot/.venv/lib/python3.9/site-packages/telegram/request/_httpxrequest.py", line 303, in do_request
    raise NetworkError(f"httpx.{err.__class__.__name__}: {err}") from err
telegram.error.NetworkError: httpx.ConnectError: [Errno 8] nodename nor servname provided, or not known
2026-04-02 07:34:01,783 - telegram.ext.Application - ERROR - No error handlers are registered, logging exception.
Traceback (most recent call last):
  File "/Users/zumrudsahverdieva/mrkbot/.venv/lib/python3.9/site-packages/httpx/_transports/default.py", line 101, in map_httpcore_exceptions
    yield
  File "/Users/zumrudsahverdieva/mrkbot/.venv/lib/python3.9/site-packages/httpx/_transports/default.py", line 394, in handle_async_request
    resp = await self._pool.handle_async_request(req)
  File "/Users/zumrudsahverdieva/mrkbot/.venv/lib/python3.9/site-packages/httpcore/_async/connection_pool.py", line 256, in handle_async_request
    raise exc from None
  File "/Users/zumrudsahverdieva/mrkbot/.venv/lib/python3.9/site-packages/httpcore/_async/connection_pool.py", line 236, in handle_async_request
    response = await connection.handle_async_request(
  File "/Users/zumrudsahverdieva/mrkbot/.venv/lib/python3.9/site-packages/httpcore/_async/connection.py", line 101, in handle_async_request
    raise exc
  File "/Users/zumrudsahverdieva/mrkbot/.venv/lib/python3.9/site-packages/httpcore/_async/connection.py", line 78, in handle_async_request
    stream = await self._connect(request)
  File "/Users/zumrudsahverdieva/mrkbot/.venv/lib/python3.9/site-packages/httpcore/_async/connection.py", line 124, in _connect
    stream = await self._network_backend.connect_tcp(**kwargs)
  File "/Users/zumrudsahverdieva/mrkbot/.venv/lib/python3.9/site-packages/httpcore/_backends/auto.py", line 31, in connect_tcp
    return await self._backend.connect_tcp(
  File "/Users/zumrudsahverdieva/mrkbot/.venv/lib/python3.9/site-packages/httpcore/_backends/anyio.py", line 122, in connect_tcp
    stream._raw_socket.setsockopt(*option)  # type: ignore[attr-defined] # pragma: no cover
  File "/Library/Developer/CommandLineTools/Library/Frameworks/Python3.framework/Versions/3.9/lib/python3.9/contextlib.py", line 135, in __exit__
    self.gen.throw(type, value, traceback)
  File "/Users/zumrudsahverdieva/mrkbot/.venv/lib/python3.9/site-packages/httpcore/_exceptions.py", line 14, in map_exceptions
    raise to_exc(exc) from exc
httpcore.ConnectError: [Errno 8] nodename nor servname provided, or not known

The above exception was the direct cause of the following exception:

Traceback (most recent call last):
  File "/Users/zumrudsahverdieva/mrkbot/.venv/lib/python3.9/site-packages/telegram/request/_httpxrequest.py", line 279, in do_request
    res = await self._client.request(
  File "/Users/zumrudsahverdieva/mrkbot/.venv/lib/python3.9/site-packages/httpx/_client.py", line 1540, in request
    return await self.send(request, auth=auth, follow_redirects=follow_redirects)
  File "/Users/zumrudsahverdieva/mrkbot/.venv/lib/python3.9/site-packages/httpx/_client.py", line 1629, in send
    response = await self._send_handling_auth(
  File "/Users/zumrudsahverdieva/mrkbot/.venv/lib/python3.9/site-packages/httpx/_client.py", line 1657, in _send_handling_auth
    response = await self._send_handling_redirects(
  File "/Users/zumrudsahverdieva/mrkbot/.venv/lib/python3.9/site-packages/httpx/_client.py", line 1694, in _send_handling_redirects
    response = await self._send_single_request(request)
  File "/Users/zumrudsahverdieva/mrkbot/.venv/lib/python3.9/site-packages/httpx/_client.py", line 1730, in _send_single_request
    response = await transport.handle_async_request(request)
  File "/Users/zumrudsahverdieva/mrkbot/.venv/lib/python3.9/site-packages/httpx/_transports/default.py", line 394, in handle_async_request
    resp = await self._pool.handle_async_request(req)
  File "/Library/Developer/CommandLineTools/Library/Frameworks/Python3.framework/Versions/3.9/lib/python3.9/contextlib.py", line 135, in __exit__
    self.gen.throw(type, value, traceback)
  File "/Users/zumrudsahverdieva/mrkbot/.venv/lib/python3.9/site-packages/httpx/_transports/default.py", line 118, in map_httpcore_exceptions
    raise mapped_exc(message) from exc
httpx.ConnectError: [Errno 8] nodename nor servname provided, or not known

The above exception was the direct cause of the following exception:

Traceback (most recent call last):
  File "/Users/zumrudsahverdieva/mrkbot/.venv/lib/python3.9/site-packages/telegram/ext/_utils/networkloop.py", line 134, in network_retry_loop
    await do_action()
  File "/Users/zumrudsahverdieva/mrkbot/.venv/lib/python3.9/site-packages/telegram/ext/_utils/networkloop.py", line 127, in do_action
    action_cb_task.result()
  File "/Users/zumrudsahverdieva/mrkbot/.venv/lib/python3.9/site-packages/telegram/ext/_updater.py", line 340, in polling_action_cb
    updates = await self.bot.get_updates(
  File "/Users/zumrudsahverdieva/mrkbot/.venv/lib/python3.9/site-packages/telegram/ext/_extbot.py", line 676, in get_updates
    updates = await super().get_updates(
  File "/Users/zumrudsahverdieva/mrkbot/.venv/lib/python3.9/site-packages/telegram/_bot.py", line 4780, in get_updates
    await self._post(
  File "/Users/zumrudsahverdieva/mrkbot/.venv/lib/python3.9/site-packages/telegram/_bot.py", line 703, in _post
    return await self._do_post(
  File "/Users/zumrudsahverdieva/mrkbot/.venv/lib/python3.9/site-packages/telegram/ext/_extbot.py", line 372, in _do_post
    return await super()._do_post(
  File "/Users/zumrudsahverdieva/mrkbot/.venv/lib/python3.9/site-packages/telegram/_bot.py", line 732, in _do_post
    result = await request.post(
  File "/Users/zumrudsahverdieva/mrkbot/.venv/lib/python3.9/site-packages/telegram/request/_baserequest.py", line 198, in post
    result = await self._request_wrapper(
  File "/Users/zumrudsahverdieva/mrkbot/.venv/lib/python3.9/site-packages/telegram/request/_baserequest.py", line 305, in _request_wrapper
    code, payload = await self.do_request(
  File "/Users/zumrudsahverdieva/mrkbot/.venv/lib/python3.9/site-packages/telegram/request/_httpxrequest.py", line 303, in do_request
    raise NetworkError(f"httpx.{err.__class__.__name__}: {err}") from err
telegram.error.NetworkError: httpx.ConnectError: [Errno 8] nodename nor servname provided, or not known
2026-04-02 08:03:49,078 - telegram.ext.Application - ERROR - No error handlers are registered, logging exception.
Traceback (most recent call last):
  File "/Users/zumrudsahverdieva/mrkbot/.venv/lib/python3.9/site-packages/httpx/_transports/default.py", line 101, in map_httpcore_exceptions
    yield
  File "/Users/zumrudsahverdieva/mrkbot/.venv/lib/python3.9/site-packages/httpx/_transports/default.py", line 394, in handle_async_request
    resp = await self._pool.handle_async_request(req)
  File "/Users/zumrudsahverdieva/mrkbot/.venv/lib/python3.9/site-packages/httpcore/_async/connection_pool.py", line 256, in handle_async_request
    raise exc from None
  File "/Users/zumrudsahverdieva/mrkbot/.venv/lib/python3.9/site-packages/httpcore/_async/connection_pool.py", line 236, in handle_async_request
    response = await connection.handle_async_request(
  File "/Users/zumrudsahverdieva/mrkbot/.venv/lib/python3.9/site-packages/httpcore/_async/connection.py", line 101, in handle_async_request
    raise exc
  File "/Users/zumrudsahverdieva/mrkbot/.venv/lib/python3.9/site-packages/httpcore/_async/connection.py", line 78, in handle_async_request
    stream = await self._connect(request)
  File "/Users/zumrudsahverdieva/mrkbot/.venv/lib/python3.9/site-packages/httpcore/_async/connection.py", line 124, in _connect
    stream = await self._network_backend.connect_tcp(**kwargs)
  File "/Users/zumrudsahverdieva/mrkbot/.venv/lib/python3.9/site-packages/httpcore/_backends/auto.py", line 31, in connect_tcp
    return await self._backend.connect_tcp(
  File "/Users/zumrudsahverdieva/mrkbot/.venv/lib/python3.9/site-packages/httpcore/_backends/anyio.py", line 122, in connect_tcp
    stream._raw_socket.setsockopt(*option)  # type: ignore[attr-defined] # pragma: no cover
  File "/Library/Developer/CommandLineTools/Library/Frameworks/Python3.framework/Versions/3.9/lib/python3.9/contextlib.py", line 135, in __exit__
    self.gen.throw(type, value, traceback)
  File "/Users/zumrudsahverdieva/mrkbot/.venv/lib/python3.9/site-packages/httpcore/_exceptions.py", line 14, in map_exceptions
    raise to_exc(exc) from exc
httpcore.ConnectError: [Errno 8] nodename nor servname provided, or not known

The above exception was the direct cause of the following exception:

Traceback (most recent call last):
  File "/Users/zumrudsahverdieva/mrkbot/.venv/lib/python3.9/site-packages/telegram/request/_httpxrequest.py", line 279, in do_request
    res = await self._client.request(
  File "/Users/zumrudsahverdieva/mrkbot/.venv/lib/python3.9/site-packages/httpx/_client.py", line 1540, in request
    return await self.send(request, auth=auth, follow_redirects=follow_redirects)
  File "/Users/zumrudsahverdieva/mrkbot/.venv/lib/python3.9/site-packages/httpx/_client.py", line 1629, in send
    response = await self._send_handling_auth(
  File "/Users/zumrudsahverdieva/mrkbot/.venv/lib/python3.9/site-packages/httpx/_client.py", line 1657, in _send_handling_auth
    response = await self._send_handling_redirects(
  File "/Users/zumrudsahverdieva/mrkbot/.venv/lib/python3.9/site-packages/httpx/_client.py", line 1694, in _send_handling_redirects
    response = await self._send_single_request(request)
  File "/Users/zumrudsahverdieva/mrkbot/.venv/lib/python3.9/site-packages/httpx/_client.py", line 1730, in _send_single_request
    response = await transport.handle_async_request(request)
  File "/Users/zumrudsahverdieva/mrkbot/.venv/lib/python3.9/site-packages/httpx/_transports/default.py", line 394, in handle_async_request
    resp = await self._pool.handle_async_request(req)
  File "/Library/Developer/CommandLineTools/Library/Frameworks/Python3.framework/Versions/3.9/lib/python3.9/contextlib.py", line 135, in __exit__
    self.gen.throw(type, value, traceback)
  File "/Users/zumrudsahverdieva/mrkbot/.venv/lib/python3.9/site-packages/httpx/_transports/default.py", line 118, in map_httpcore_exceptions
    raise mapped_exc(message) from exc
httpx.ConnectError: [Errno 8] nodename nor servname provided, or not known

The above exception was the direct cause of the following exception:

Traceback (most recent call last):
  File "/Users/zumrudsahverdieva/mrkbot/.venv/lib/python3.9/site-packages/telegram/ext/_utils/networkloop.py", line 134, in network_retry_loop
    await do_action()
  File "/Users/zumrudsahverdieva/mrkbot/.venv/lib/python3.9/site-packages/telegram/ext/_utils/networkloop.py", line 127, in do_action
    action_cb_task.result()
  File "/Users/zumrudsahverdieva/mrkbot/.venv/lib/python3.9/site-packages/telegram/ext/_updater.py", line 340, in polling_action_cb
    updates = await self.bot.get_updates(
  File "/Users/zumrudsahverdieva/mrkbot/.venv/lib/python3.9/site-packages/telegram/ext/_extbot.py", line 676, in get_updates
    updates = await super().get_updates(
  File "/Users/zumrudsahverdieva/mrkbot/.venv/lib/python3.9/site-packages/telegram/_bot.py", line 4780, in get_updates
    await self._post(
  File "/Users/zumrudsahverdieva/mrkbot/.venv/lib/python3.9/site-packages/telegram/_bot.py", line 703, in _post
    return await self._do_post(
  File "/Users/zumrudsahverdieva/mrkbot/.venv/lib/python3.9/site-packages/telegram/ext/_extbot.py", line 372, in _do_post
    return await super()._do_post(
  File "/Users/zumrudsahverdieva/mrkbot/.venv/lib/python3.9/site-packages/telegram/_bot.py", line 732, in _do_post
    result = await request.post(
  File "/Users/zumrudsahverdieva/mrkbot/.venv/lib/python3.9/site-packages/telegram/request/_baserequest.py", line 198, in post
    result = await self._request_wrapper(
  File "/Users/zumrudsahverdieva/mrkbot/.venv/lib/python3.9/site-packages/telegram/request/_baserequest.py", line 305, in _request_wrapper
    code, payload = await self.do_request(
  File "/Users/zumrudsahverdieva/mrkbot/.venv/lib/python3.9/site-packages/telegram/request/_httpxrequest.py", line 303, in do_request
    raise NetworkError(f"httpx.{err.__class__.__name__}: {err}") from err
telegram.error.NetworkError: httpx.ConnectError: [Errno 8] nodename nor servname provided, or not known
2026-04-02 08:05:01,711 - telegram.ext.Application - ERROR - No error handlers are registered, logging exception.
Traceback (most recent call last):
  File "/Users/zumrudsahverdieva/mrkbot/.venv/lib/python3.9/site-packages/httpx/_transports/default.py", line 101, in map_httpcore_exceptions
    yield
  File "/Users/zumrudsahverdieva/mrkbot/.venv/lib/python3.9/site-packages/httpx/_transports/default.py", line 394, in handle_async_request
    resp = await self._pool.handle_async_request(req)
  File "/Users/zumrudsahverdieva/mrkbot/.venv/lib/python3.9/site-packages/httpcore/_async/connection_pool.py", line 256, in handle_async_request
    raise exc from None
  File "/Users/zumrudsahverdieva/mrkbot/.venv/lib/python3.9/site-packages/httpcore/_async/connection_pool.py", line 236, in handle_async_request
    response = await connection.handle_async_request(
  File "/Users/zumrudsahverdieva/mrkbot/.venv/lib/python3.9/site-packages/httpcore/_async/connection.py", line 101, in handle_async_request
    raise exc
  File "/Users/zumrudsahverdieva/mrkbot/.venv/lib/python3.9/site-packages/httpcore/_async/connection.py", line 78, in handle_async_request
    stream = await self._connect(request)
  File "/Users/zumrudsahverdieva/mrkbot/.venv/lib/python3.9/site-packages/httpcore/_async/connection.py", line 124, in _connect
    stream = await self._network_backend.connect_tcp(**kwargs)
  File "/Users/zumrudsahverdieva/mrkbot/.venv/lib/python3.9/site-packages/httpcore/_backends/auto.py", line 31, in connect_tcp
    return await self._backend.connect_tcp(
  File "/Users/zumrudsahverdieva/mrkbot/.venv/lib/python3.9/site-packages/httpcore/_backends/anyio.py", line 122, in connect_tcp
    stream._raw_socket.setsockopt(*option)  # type: ignore[attr-defined] # pragma: no cover
  File "/Library/Developer/CommandLineTools/Library/Frameworks/Python3.framework/Versions/3.9/lib/python3.9/contextlib.py", line 135, in __exit__
    self.gen.throw(type, value, traceback)
  File "/Users/zumrudsahverdieva/mrkbot/.venv/lib/python3.9/site-packages/httpcore/_exceptions.py", line 14, in map_exceptions
    raise to_exc(exc) from exc
httpcore.ConnectError: [Errno 8] nodename nor servname provided, or not known

The above exception was the direct cause of the following exception:

Traceback (most recent call last):
  File "/Users/zumrudsahverdieva/mrkbot/.venv/lib/python3.9/site-packages/telegram/request/_httpxrequest.py", line 279, in do_request
    res = await self._client.request(
  File "/Users/zumrudsahverdieva/mrkbot/.venv/lib/python3.9/site-packages/httpx/_client.py", line 1540, in request
    return await self.send(request, auth=auth, follow_redirects=follow_redirects)
  File "/Users/zumrudsahverdieva/mrkbot/.venv/lib/python3.9/site-packages/httpx/_client.py", line 1629, in send
    response = await self._send_handling_auth(
  File "/Users/zumrudsahverdieva/mrkbot/.venv/lib/python3.9/site-packages/httpx/_client.py", line 1657, in _send_handling_auth
    response = await self._send_handling_redirects(
  File "/Users/zumrudsahverdieva/mrkbot/.venv/lib/python3.9/site-packages/httpx/_client.py", line 1694, in _send_handling_redirects
    response = await self._send_single_request(request)
  File "/Users/zumrudsahverdieva/mrkbot/.venv/lib/python3.9/site-packages/httpx/_client.py", line 1730, in _send_single_request
    response = await transport.handle_async_request(request)
  File "/Users/zumrudsahverdieva/mrkbot/.venv/lib/python3.9/site-packages/httpx/_transports/default.py", line 394, in handle_async_request
    resp = await self._pool.handle_async_request(req)
  File "/Library/Developer/CommandLineTools/Library/Frameworks/Python3.framework/Versions/3.9/lib/python3.9/contextlib.py", line 135, in __exit__
    self.gen.throw(type, value, traceback)
  File "/Users/zumrudsahverdieva/mrkbot/.venv/lib/python3.9/site-packages/httpx/_transports/default.py", line 118, in map_httpcore_exceptions
    raise mapped_exc(message) from exc
httpx.ConnectError: [Errno 8] nodename nor servname provided, or not known

The above exception was the direct cause of the following exception:

Traceback (most recent call last):
  File "/Users/zumrudsahverdieva/mrkbot/.venv/lib/python3.9/site-packages/telegram/ext/_utils/networkloop.py", line 134, in network_retry_loop
    await do_action()
  File "/Users/zumrudsahverdieva/mrkbot/.venv/lib/python3.9/site-packages/telegram/ext/_utils/networkloop.py", line 127, in do_action
    action_cb_task.result()
  File "/Users/zumrudsahverdieva/mrkbot/.venv/lib/python3.9/site-packages/telegram/ext/_updater.py", line 340, in polling_action_cb
    updates = await self.bot.get_updates(
  File "/Users/zumrudsahverdieva/mrkbot/.venv/lib/python3.9/site-packages/telegram/ext/_extbot.py", line 676, in get_updates
    updates = await super().get_updates(
  File "/Users/zumrudsahverdieva/mrkbot/.venv/lib/python3.9/site-packages/telegram/_bot.py", line 4780, in get_updates
    await self._post(
  File "/Users/zumrudsahverdieva/mrkbot/.venv/lib/python3.9/site-packages/telegram/_bot.py", line 703, in _post
    return await self._do_post(
  File "/Users/zumrudsahverdieva/mrkbot/.venv/lib/python3.9/site-packages/telegram/ext/_extbot.py", line 372, in _do_post
    return await super()._do_post(
  File "/Users/zumrudsahverdieva/mrkbot/.venv/lib/python3.9/site-packages/telegram/_bot.py", line 732, in _do_post
    result = await request.post(
  File "/Users/zumrudsahverdieva/mrkbot/.venv/lib/python3.9/site-packages/telegram/request/_baserequest.py", line 198, in post
    result = await self._request_wrapper(
  File "/Users/zumrudsahverdieva/mrkbot/.venv/lib/python3.9/site-packages/telegram/request/_baserequest.py", line 305, in _request_wrapper
    code, payload = await self.do_request(
  File "/Users/zumrudsahverdieva/mrkbot/.venv/lib/python3.9/site-packages/telegram/request/_httpxrequest.py", line 303, in do_request
    raise NetworkError(f"httpx.{err.__class__.__name__}: {err}") from err
telegram.error.NetworkError: httpx.ConnectError: [Errno 8] nodename nor servname provided, or not known
2026-04-02 08:05:32,193 - httpx - INFO - HTTP Request: POST https://api.telegram.org/bot8756837734:AAH1IvNHQToW1Lq0gd4Mai0IDC_qAVsFQgM/getUpdates "HTTP/1.1 200 OK"
2026-04-02 08:05:32,572 - httpx - INFO - HTTP Request: POST https://api.telegram.org/bot8756837734:AAH1IvNHQToW1Lq0gd4Mai0IDC_qAVsFQgM/sendMessage "HTTP/1.1 200 OK"
2026-04-02 08:05:42,394 - httpx - INFO - HTTP Request: POST https://api.telegram.org/bot8756837734:AAH1IvNHQToW1Lq0gd4Mai0IDC_qAVsFQgM/getUpdates "HTTP/1.1 200 OK"
2026-04-02 08:09:38,691 - httpx - INFO - HTTP Request: POST https://api.telegram.org/bot8756837734:AAH1IvNHQToW1Lq0gd4Mai0IDC_qAVsFQgM/getUpdates "HTTP/1.1 200 OK"
2026-04-02 08:09:48,789 - httpx - INFO - HTTP Request: POST https://api.telegram.org/bot8756837734:AAH1IvNHQToW1Lq0gd4Mai0IDC_qAVsFQgM/getUpdates "HTTP/1.1 200 OK"
2026-04-02 08:09:58,902 - httpx - INFO - HTTP Request: POST https://api.telegram.org/bot8756837734:AAH1IvNHQToW1Lq0gd4Mai0IDC_qAVsFQgM/getUpdates "HTTP/1.1 200 OK"
2026-04-02 08:10:09,207 - httpx - INFO - HTTP Request: POST https://api.telegram.org/bot8756837734:AAH1IvNHQToW1Lq0gd4Mai0IDC_qAVsFQgM/getUpdates "HTTP/1.1 200 OK"
2026-04-02 08:10:19,295 - httpx - INFO - HTTP Request: POST https://api.telegram.org/bot8756837734:AAH1IvNHQToW1Lq0gd4Mai0IDC_qAVsFQgM/getUpdates "HTTP/1.1 200 OK"
2026-04-02 08:10:29,369 - httpx - INFO - HTTP Request: POST https://api.telegram.org/bot8756837734:AAH1IvNHQToW1Lq0gd4Mai0IDC_qAVsFQgM/getUpdates "HTTP/1.1 200 OK"
2026-04-02 08:10:39,436 - httpx - INFO - HTTP Request: POST https://api.telegram.org/bot8756837734:AAH1IvNHQToW1Lq0gd4Mai0IDC_qAVsFQgM/getUpdates "HTTP/1.1 200 OK"
2026-04-02 08:10:49,704 - httpx - INFO - HTTP Request: POST https://api.telegram.org/bot8756837734:AAH1IvNHQToW1Lq0gd4Mai0IDC_qAVsFQgM/getUpdates "HTTP/1.1 200 OK"
2026-04-02 08:10:59,802 - httpx - INFO - HTTP Request: POST https://api.telegram.org/bot8756837734:AAH1IvNHQToW1Lq0gd4Mai0IDC_qAVsFQgM/getUpdates "HTTP/1.1 200 OK"
2026-04-02 08:11:10,076 - httpx - INFO - HTTP Request: POST https://api.telegram.org/bot8756837734:AAH1IvNHQToW1Lq0gd4Mai0IDC_qAVsFQgM/getUpdates "HTTP/1.1 200 OK"
2026-04-02 08:11:20,322 - httpx - INFO - HTTP Request: POST https://api.telegram.org/bot8756837734:AAH1IvNHQToW1Lq0gd4Mai0IDC_qAVsFQgM/getUpdates "HTTP/1.1 200 OK"
2026-04-02 08:11:30,641 - httpx - INFO - HTTP Request: POST https://api.telegram.org/bot8756837734:AAH1IvNHQToW1Lq0gd4Mai0IDC_qAVsFQgM/getUpdates "HTTP/1.1 200 OK"
2026-04-02 08:11:40,795 - httpx - INFO - HTTP Request: POST https://api.telegram.org/bot8756837734:AAH1IvNHQToW1Lq0gd4Mai0IDC_qAVsFQgM/getUpdates "HTTP/1.1 200 OK"
2026-04-02 08:11:51,042 - httpx - INFO - HTTP Request: POST https://api.telegram.org/bot8756837734:AAH1IvNHQToW1Lq0gd4Mai0IDC_qAVsFQgM/getUpdates "HTTP/1.1 200 OK"
2026-04-02 08:12:01,214 - httpx - INFO - HTTP Request: POST https://api.telegram.org/bot8756837734:AAH1IvNHQToW1Lq0gd4Mai0IDC_qAVsFQgM/getUpdates "HTTP/1.1 200 OK"
2026-04-02 08:12:11,288 - httpx - INFO - HTTP Request: POST https://api.telegram.org/bot8756837734:AAH1IvNHQToW1Lq0gd4Mai0IDC_qAVsFQgM/getUpdates "HTTP/1.1 200 OK"
2026-04-02 08:12:21,380 - httpx - INFO - HTTP Request: POST https://api.telegram.org/bot8756837734:AAH1IvNHQToW1Lq0gd4Mai0IDC_qAVsFQgM/getUpdates "HTTP/1.1 200 OK"
2026-04-02 08:12:31,447 - httpx - INFO - HTTP Request: POST https://api.telegram.org/bot8756837734:AAH1IvNHQToW1Lq0gd4Mai0IDC_qAVsFQgM/getUpdates "HTTP/1.1 200 OK"
2026-04-02 08:12:41,621 - httpx - INFO - HTTP Request: POST https://api.telegram.org/bot8756837734:AAH1IvNHQToW1Lq0gd4Mai0IDC_qAVsFQgM/getUpdates "HTTP/1.1 200 OK"
2026-04-02 08:12:51,700 - httpx - INFO - HTTP Request: POST https://api.telegram.org/bot8756837734:AAH1IvNHQToW1Lq0gd4Mai0IDC_qAVsFQgM/getUpdates "HTTP/1.1 200 OK"
2026-04-02 08:13:01,784 - httpx - INFO - HTTP Request: POST https://api.telegram.org/bot8756837734:AAH1IvNHQToW1Lq0gd4Mai0IDC_qAVsFQgM/getUpdates "HTTP/1.1 200 OK"
2026-04-02 08:13:11,974 - httpx - INFO - HTTP Request: POST https://api.telegram.org/bot8756837734:AAH1IvNHQToW1Lq0gd4Mai0IDC_qAVsFQgM/getUpdates "HTTP/1.1 200 OK"
2026-04-02 08:13:22,171 - httpx - INFO - HTTP Request: POST https://api.telegram.org/bot8756837734:AAH1IvNHQToW1Lq0gd4Mai0IDC_qAVsFQgM/getUpdates "HTTP/1.1 200 OK"
2026-04-02 08:13:32,411 - httpx - INFO - HTTP Request: POST https://api.telegram.org/bot8756837734:AAH1IvNHQToW1Lq0gd4Mai0IDC_qAVsFQgM/getUpdates "HTTP/1.1 200 OK"
2026-04-02 08:13:42,749 - httpx - INFO - HTTP Request: POST https://api.telegram.org/bot8756837734:AAH1IvNHQToW1Lq0gd4Mai0IDC_qAVsFQgM/getUpdates "HTTP/1.1 200 OK"
2026-04-02 08:13:53,095 - httpx - INFO - HTTP Request: POST https://api.telegram.org/bot8756837734:AAH1IvNHQToW1Lq0gd4Mai0IDC_qAVsFQgM/getUpdates "HTTP/1.1 200 OK"
2026-04-02 08:14:03,541 - httpx - INFO - HTTP Request: POST https://api.telegram.org/bot8756837734:AAH1IvNHQToW1Lq0gd4Mai0IDC_qAVsFQgM/getUpdates "HTTP/1.1 200 OK"
2026-04-02 08:14:13,683 - httpx - INFO - HTTP Request: POST https://api.telegram.org/bot8756837734:AAH1IvNHQToW1Lq0gd4Mai0IDC_qAVsFQgM/getUpdates "HTTP/1.1 200 OK"
2026-04-02 08:14:23,750 - httpx - INFO - HTTP Request: POST https://api.telegram.org/bot8756837734:AAH1IvNHQToW1Lq0gd4Mai0IDC_qAVsFQgM/getUpdates "HTTP/1.1 200 OK"
2026-04-02 08:14:33,841 - httpx - INFO - HTTP Request: POST https://api.telegram.org/bot8756837734:AAH1IvNHQToW1Lq0gd4Mai0IDC_qAVsFQgM/getUpdates "HTTP/1.1 200 OK"
2026-04-02 08:14:43,932 - httpx - INFO - HTTP Request: POST https://api.telegram.org/bot8756837734:AAH1IvNHQToW1Lq0gd4Mai0IDC_qAVsFQgM/getUpdates "HTTP/1.1 200 OK"
2026-04-02 08:14:54,035 - httpx - INFO - HTTP Request: POST https://api.telegram.org/bot8756837734:AAH1IvNHQToW1Lq0gd4Mai0IDC_qAVsFQgM/getUpdates "HTTP/1.1 200 OK"
2026-04-02 08:15:04,277 - httpx - INFO - HTTP Request: POST https://api.telegram.org/bot8756837734:AAH1IvNHQToW1Lq0gd4Mai0IDC_qAVsFQgM/getUpdates "HTTP/1.1 200 OK"
2026-04-02 08:15:14,401 - httpx - INFO - HTTP Request: POST https://api.telegram.org/bot8756837734:AAH1IvNHQToW1Lq0gd4Mai0IDC_qAVsFQgM/getUpdates "HTTP/1.1 200 OK"
2026-04-02 08:15:24,535 - httpx - INFO - HTTP Request: POST https://api.telegram.org/bot8756837734:AAH1IvNHQToW1Lq0gd4Mai0IDC_qAVsFQgM/getUpdates "HTTP/1.1 200 OK"
2026-04-02 08:15:34,692 - httpx - INFO - HTTP Request: POST https://api.telegram.org/bot8756837734:AAH1IvNHQToW1Lq0gd4Mai0IDC_qAVsFQgM/getUpdates "HTTP/1.1 200 OK"
2026-04-02 08:15:44,927 - httpx - INFO - HTTP Request: POST https://api.telegram.org/bot8756837734:AAH1IvNHQToW1Lq0gd4Mai0IDC_qAVsFQgM/getUpdates "HTTP/1.1 200 OK"
2026-04-02 08:15:55,107 - httpx - INFO - HTTP Request: POST https://api.telegram.org/bot8756837734:AAH1IvNHQToW1Lq0gd4Mai0IDC_qAVsFQgM/getUpdates "HTTP/1.1 200 OK"
2026-04-02 08:16:05,296 - httpx - INFO - HTTP Request: POST https://api.telegram.org/bot8756837734:AAH1IvNHQToW1Lq0gd4Mai0IDC_qAVsFQgM/getUpdates "HTTP/1.1 200 OK"
2026-04-02 08:16:30,841 - httpx - INFO - HTTP Request: POST https://api.telegram.org/bot8756837734:AAH1IvNHQToW1Lq0gd4Mai0IDC_qAVsFQgM/getUpdates "HTTP/1.1 200 OK"
2026-04-02 08:16:41,340 - httpx - INFO - HTTP Request: POST https://api.telegram.org/bot8756837734:AAH1IvNHQToW1Lq0gd4Mai0IDC_qAVsFQgM/getUpdates "HTTP/1.1 200 OK"
2026-04-02 08:16:51,491 - httpx - INFO - HTTP Request: POST https://api.telegram.org/bot8756837734:AAH1IvNHQToW1Lq0gd4Mai0IDC_qAVsFQgM/getUpdates "HTTP/1.1 200 OK"
2026-04-02 08:17:01,584 - httpx - INFO - HTTP Request: POST https://api.telegram.org/bot8756837734:AAH1IvNHQToW1Lq0gd4Mai0IDC_qAVsFQgM/getUpdates "HTTP/1.1 200 OK"
2026-04-02 08:17:11,679 - httpx - INFO - HTTP Request: POST https://api.telegram.org/bot8756837734:AAH1IvNHQToW1Lq0gd4Mai0IDC_qAVsFQgM/getUpdates "HTTP/1.1 200 OK"
2026-04-02 08:17:21,745 - httpx - INFO - HTTP Request: POST https://api.telegram.org/bot8756837734:AAH1IvNHQToW1Lq0gd4Mai0IDC_qAVsFQgM/getUpdates "HTTP/1.1 200 OK"
2026-04-02 08:17:32,342 - httpx - INFO - HTTP Request: POST https://api.telegram.org/bot8756837734:AAH1IvNHQToW1Lq0gd4Mai0IDC_qAVsFQgM/getUpdates "HTTP/1.1 200 OK"
2026-04-02 08:17:42,695 - httpx - INFO - HTTP Request: POST https://api.telegram.org/bot8756837734:AAH1IvNHQToW1Lq0gd4Mai0IDC_qAVsFQgM/getUpdates "HTTP/1.1 200 OK"
2026-04-02 08:17:52,783 - httpx - INFO - HTTP Request: POST https://api.telegram.org/bot8756837734:AAH1IvNHQToW1Lq0gd4Mai0IDC_qAVsFQgM/getUpdates "HTTP/1.1 200 OK"
2026-04-02 08:18:02,865 - httpx - INFO - HTTP Request: POST https://api.telegram.org/bot8756837734:AAH1IvNHQToW1Lq0gd4Mai0IDC_qAVsFQgM/getUpdates "HTTP/1.1 200 OK"
2026-04-02 08:18:12,954 - httpx - INFO - HTTP Request: POST https://api.telegram.org/bot8756837734:AAH1IvNHQToW1Lq0gd4Mai0IDC_qAVsFQgM/getUpdates "HTTP/1.1 200 OK"
2026-04-02 08:18:23,086 - httpx - INFO - HTTP Request: POST https://api.telegram.org/bot8756837734:AAH1IvNHQToW1Lq0gd4Mai0IDC_qAVsFQgM/getUpdates "HTTP/1.1 200 OK"
2026-04-02 08:18:33,263 - httpx - INFO - HTTP Request: POST https://api.telegram.org/bot8756837734:AAH1IvNHQToW1Lq0gd4Mai0IDC_qAVsFQgM/getUpdates "HTTP/1.1 200 OK"
2026-04-02 08:18:43,504 - httpx - INFO - HTTP Request: POST https://api.telegram.org/bot8756837734:AAH1IvNHQToW1Lq0gd4Mai0IDC_qAVsFQgM/getUpdates "HTTP/1.1 200 OK"
2026-04-02 08:18:53,656 - httpx - INFO - HTTP Request: POST https://api.telegram.org/bot8756837734:AAH1IvNHQToW1Lq0gd4Mai0IDC_qAVsFQgM/getUpdates "HTTP/1.1 200 OK"
2026-04-02 08:19:03,737 - httpx - INFO - HTTP Request: POST https://api.telegram.org/bot8756837734:AAH1IvNHQToW1Lq0gd4Mai0IDC_qAVsFQgM/getUpdates "HTTP/1.1 200 OK"
2026-04-02 08:19:13,800 - httpx - INFO - HTTP Request: POST https://api.telegram.org/bot8756837734:AAH1IvNHQToW1Lq0gd4Mai0IDC_qAVsFQgM/getUpdates "HTTP/1.1 200 OK"
2026-04-02 08:19:23,909 - httpx - INFO - HTTP Request: POST https://api.telegram.org/bot8756837734:AAH1IvNHQToW1Lq0gd4Mai0IDC_qAVsFQgM/getUpdates "HTTP/1.1 200 OK"
2026-04-02 08:19:34,093 - httpx - INFO - HTTP Request: POST https://api.telegram.org/bot8756837734:AAH1IvNHQToW1Lq0gd4Mai0IDC_qAVsFQgM/getUpdates "HTTP/1.1 200 OK"
2026-04-02 08:19:44,294 - httpx - INFO - HTTP Request: POST https://api.telegram.org/bot8756837734:AAH1IvNHQToW1Lq0gd4Mai0IDC_qAVsFQgM/getUpdates "HTTP/1.1 200 OK"
2026-04-02 08:19:54,571 - httpx - INFO - HTTP Request: POST https://api.telegram.org/bot8756837734:AAH1IvNHQToW1Lq0gd4Mai0IDC_qAVsFQgM/getUpdates "HTTP/1.1 200 OK"
2026-04-02 08:20:04,824 - httpx - INFO - HTTP Request: POST https://api.telegram.org/bot8756837734:AAH1IvNHQToW1Lq0gd4Mai0IDC_qAVsFQgM/getUpdates "HTTP/1.1 200 OK"
2026-04-02 08:20:14,927 - httpx - INFO - HTTP Request: POST https://api.telegram.org/bot8756837734:AAH1IvNHQToW1Lq0gd4Mai0IDC_qAVsFQgM/getUpdates "HTTP/1.1 200 OK"
2026-04-02 08:20:25,100 - httpx - INFO - HTTP Request: POST https://api.telegram.org/bot8756837734:AAH1IvNHQToW1Lq0gd4Mai0IDC_qAVsFQgM/getUpdates "HTTP/1.1 200 OK"
2026-04-02 08:20:35,214 - httpx - INFO - HTTP Request: POST https://api.telegram.org/bot8756837734:AAH1IvNHQToW1Lq0gd4Mai0IDC_qAVsFQgM/getUpdates "HTTP/1.1 200 OK"
2026-04-02 08:20:45,465 - httpx - INFO - HTTP Request: POST https://api.telegram.org/bot8756837734:AAH1IvNHQToW1Lq0gd4Mai0IDC_qAVsFQgM/getUpdates "HTTP/1.1 200 OK"
2026-04-02 08:20:55,667 - httpx - INFO - HTTP Request: POST https://api.telegram.org/bot8756837734:AAH1IvNHQToW1Lq0gd4Mai0IDC_qAVsFQgM/getUpdates "HTTP/1.1 200 OK"
2026-04-02 08:21:05,755 - httpx - INFO - HTTP Request: POST https://api.telegram.org/bot8756837734:AAH1IvNHQToW1Lq0gd4Mai0IDC_qAVsFQgM/getUpdates "HTTP/1.1 200 OK"
2026-04-02 08:21:16,191 - httpx - INFO - HTTP Request: POST https://api.telegram.org/bot8756837734:AAH1IvNHQToW1Lq0gd4Mai0IDC_qAVsFQgM/getUpdates "HTTP/1.1 200 OK"
2026-04-02 08:21:26,423 - httpx - INFO - HTTP Request: POST https://api.telegram.org/bot8756837734:AAH1IvNHQToW1Lq0gd4Mai0IDC_qAVsFQgM/getUpdates "HTTP/1.1 200 OK"
2026-04-02 08:21:36,661 - httpx - INFO - HTTP Request: POST https://api.telegram.org/bot8756837734:AAH1IvNHQToW1Lq0gd4Mai0IDC_qAVsFQgM/getUpdates "HTTP/1.1 200 OK"
2026-04-02 08:21:46,783 - httpx - INFO - HTTP Request: POST https://api.telegram.org/bot8756837734:AAH1IvNHQToW1Lq0gd4Mai0IDC_qAVsFQgM/getUpdates "HTTP/1.1 200 OK"
2026-04-02 08:21:57,153 - httpx - INFO - HTTP Request: POST https://api.telegram.org/bot8756837734:AAH1IvNHQToW1Lq0gd4Mai0IDC_qAVsFQgM/getUpdates "HTTP/1.1 200 OK"
2026-04-02 08:22:07,393 - httpx - INFO - HTTP Request: POST https://api.telegram.org/bot8756837734:AAH1IvNHQToW1Lq0gd4Mai0IDC_qAVsFQgM/getUpdates "HTTP/1.1 200 OK"
2026-04-02 08:22:17,515 - httpx - INFO - HTTP Request: POST https://api.telegram.org/bot8756837734:AAH1IvNHQToW1Lq0gd4Mai0IDC_qAVsFQgM/getUpdates "HTTP/1.1 200 OK"
2026-04-02 08:22:27,610 - httpx - INFO - HTTP Request: POST https://api.telegram.org/bot8756837734:AAH1IvNHQToW1Lq0gd4Mai0IDC_qAVsFQgM/getUpdates "HTTP/1.1 200 OK"
2026-04-02 08:22:53,254 - httpx - INFO - HTTP Request: POST https://api.telegram.org/bot8756837734:AAH1IvNHQToW1Lq0gd4Mai0IDC_qAVsFQgM/getUpdates "HTTP/1.1 200 OK"
2026-04-02 08:23:03,652 - httpx - INFO - HTTP Request: POST https://api.telegram.org/bot8756837734:AAH1IvNHQToW1Lq0gd4Mai0IDC_qAVsFQgM/getUpdates "HTTP/1.1 200 OK"
2026-04-02 08:23:13,819 - httpx - INFO - HTTP Request: POST https://api.telegram.org/bot8756837734:AAH1IvNHQToW1Lq0gd4Mai0IDC_qAVsFQgM/getUpdates "HTTP/1.1 200 OK"
2026-04-02 08:23:23,921 - httpx - INFO - HTTP Request: POST https://api.telegram.org/bot8756837734:AAH1IvNHQToW1Lq0gd4Mai0IDC_qAVsFQgM/getUpdates "HTTP/1.1 200 OK"
2026-04-02 08:23:34,001 - httpx - INFO - HTTP Request: POST https://api.telegram.org/bot8756837734:AAH1IvNHQToW1Lq0gd4Mai0IDC_qAVsFQgM/getUpdates "HTTP/1.1 200 OK"
2026-04-02 08:23:44,353 - httpx - INFO - HTTP Request: POST https://api.telegram.org/bot8756837734:AAH1IvNHQToW1Lq0gd4Mai0IDC_qAVsFQgM/getUpdates "HTTP/1.1 200 OK"
2026-04-02 08:23:54,594 - httpx - INFO - HTTP Request: POST https://api.telegram.org/bot8756837734:AAH1IvNHQToW1Lq0gd4Mai0IDC_qAVsFQgM/getUpdates "HTTP/1.1 200 OK"
2026-04-02 08:24:04,704 - httpx - INFO - HTTP Request: POST https://api.telegram.org/bot8756837734:AAH1IvNHQToW1Lq0gd4Mai0IDC_qAVsFQgM/getUpdates "HTTP/1.1 200 OK"
2026-04-02 08:24:14,809 - httpx - INFO - HTTP Request: POST https://api.telegram.org/bot8756837734:AAH1IvNHQToW1Lq0gd4Mai0IDC_qAVsFQgM/getUpdates "HTTP/1.1 200 OK"
2026-04-02 08:24:24,917 - httpx - INFO - HTTP Request: POST https://api.telegram.org/bot8756837734:AAH1IvNHQToW1Lq0gd4Mai0IDC_qAVsFQgM/getUpdates "HTTP/1.1 200 OK"
2026-04-02 08:24:35,248 - httpx - INFO - HTTP Request: POST https://api.telegram.org/bot8756837734:AAH1IvNHQToW1Lq0gd4Mai0IDC_qAVsFQgM/getUpdates "HTTP/1.1 200 OK"
2026-04-02 08:24:45,690 - httpx - INFO - HTTP Request: POST https://api.telegram.org/bot8756837734:AAH1IvNHQToW1Lq0gd4Mai0IDC_qAVsFQgM/getUpdates "HTTP/1.1 200 OK"
2026-04-02 08:24:56,038 - httpx - INFO - HTTP Request: POST https://api.telegram.org/bot8756837734:AAH1IvNHQToW1Lq0gd4Mai0IDC_qAVsFQgM/getUpdates "HTTP/1.1 200 OK"
2026-04-02 08:25:06,170 - httpx - INFO - HTTP Request: POST https://api.telegram.org/bot8756837734:AAH1IvNHQToW1Lq0gd4Mai0IDC_qAVsFQgM/getUpdates "HTTP/1.1 200 OK"
2026-04-02 08:25:16,301 - httpx - INFO - HTTP Request: POST https://api.telegram.org/bot8756837734:AAH1IvNHQToW1Lq0gd4Mai0IDC_qAVsFQgM/getUpdates "HTTP/1.1 200 OK"
2026-04-02 08:25:26,446 - httpx - INFO - HTTP Request: POST https://api.telegram.org/bot8756837734:AAH1IvNHQToW1Lq0gd4Mai0IDC_qAVsFQgM/getUpdates "HTTP/1.1 200 OK"
2026-04-02 08:25:36,581 - httpx - INFO - HTTP Request: POST https://api.telegram.org/bot8756837734:AAH1IvNHQToW1Lq0gd4Mai0IDC_qAVsFQgM/getUpdates "HTTP/1.1 200 OK"
2026-04-02 08:25:46,806 - httpx - INFO - HTTP Request: POST https://api.telegram.org/bot8756837734:AAH1IvNHQToW1Lq0gd4Mai0IDC_qAVsFQgM/getUpdates "HTTP/1.1 200 OK"
2026-04-02 08:25:57,061 - httpx - INFO - HTTP Request: POST https://api.telegram.org/bot8756837734:AAH1IvNHQToW1Lq0gd4Mai0IDC_qAVsFQgM/getUpdates "HTTP/1.1 200 OK"
2026-04-02 08:26:07,286 - httpx - INFO - HTTP Request: POST https://api.telegram.org/bot8756837734:AAH1IvNHQToW1Lq0gd4Mai0IDC_qAVsFQgM/getUpdates "HTTP/1.1 200 OK"
2026-04-02 08:26:17,473 - httpx - INFO - HTTP Request: POST https://api.telegram.org/bot8756837734:AAH1IvNHQToW1Lq0gd4Mai0IDC_qAVsFQgM/getUpdates "HTTP/1.1 200 OK"
2026-04-02 08:26:27,784 - httpx - INFO - HTTP Request: POST https://api.telegram.org/bot8756837734:AAH1IvNHQToW1Lq0gd4Mai0IDC_qAVsFQgM/getUpdates "HTTP/1.1 200 OK"
2026-04-02 08:26:37,873 - httpx - INFO - HTTP Request: POST https://api.telegram.org/bot8756837734:AAH1IvNHQToW1Lq0gd4Mai0IDC_qAVsFQgM/getUpdates "HTTP/1.1 200 OK"
2026-04-02 08:26:47,991 - httpx - INFO - HTTP Request: POST https://api.telegram.org/bot8756837734:AAH1IvNHQToW1Lq0gd4Mai0IDC_qAVsFQgM/getUpdates "HTTP/1.1 200 OK"
2026-04-02 08:26:58,207 - httpx - INFO - HTTP Request: POST https://api.telegram.org/bot8756837734:AAH1IvNHQToW1Lq0gd4Mai0IDC_qAVsFQgM/getUpdates "HTTP/1.1 200 OK"
2026-04-02 08:27:08,317 - httpx - INFO - HTTP Request: POST https://api.telegram.org/bot8756837734:AAH1IvNHQToW1Lq0gd4Mai0IDC_qAVsFQgM/getUpdates "HTTP/1.1 200 OK"
2026-04-02 08:27:18,413 - httpx - INFO - HTTP Request: POST https://api.telegram.org/bot8756837734:AAH1IvNHQToW1Lq0gd4Mai0IDC_qAVsFQgM/getUpdates "HTTP/1.1 200 OK"
2026-04-02 08:27:28,508 - httpx - INFO - HTTP Request: POST https://api.telegram.org/bot8756837734:AAH1IvNHQToW1Lq0gd4Mai0IDC_qAVsFQgM/getUpdates "HTTP/1.1 200 OK"
2026-04-02 08:27:38,638 - httpx - INFO - HTTP Request: POST https://api.telegram.org/bot8756837734:AAH1IvNHQToW1Lq0gd4Mai0IDC_qAVsFQgM/getUpdates "HTTP/1.1 200 OK"
2026-04-02 08:27:48,728 - httpx - INFO - HTTP Request: POST https://api.telegram.org/bot8756837734:AAH1IvNHQToW1Lq0gd4Mai0IDC_qAVsFQgM/getUpdates "HTTP/1.1 200 OK"
2026-04-02 08:27:58,834 - httpx - INFO - HTTP Request: POST https://api.telegram.org/bot8756837734:AAH1IvNHQToW1Lq0gd4Mai0IDC_qAVsFQgM/getUpdates "HTTP/1.1 200 OK"
2026-04-02 08:28:09,052 - httpx - INFO - HTTP Request: POST https://api.telegram.org/bot8756837734:AAH1IvNHQToW1Lq0gd4Mai0IDC_qAVsFQgM/getUpdates "HTTP/1.1 200 OK"
2026-04-02 08:28:19,319 - httpx - INFO - HTTP Request: POST https://api.telegram.org/bot8756837734:AAH1IvNHQToW1Lq0gd4Mai0IDC_qAVsFQgM/getUpdates "HTTP/1.1 200 OK"
2026-04-02 08:28:29,672 - httpx - INFO - HTTP Request: POST https://api.telegram.org/bot8756837734:AAH1IvNHQToW1Lq0gd4Mai0IDC_qAVsFQgM/getUpdates "HTTP/1.1 200 OK"
2026-04-02 08:28:55,037 - httpx - INFO - HTTP Request: POST https://api.telegram.org/bot8756837734:AAH1IvNHQToW1Lq0gd4Mai0IDC_qAVsFQgM/getUpdates "HTTP/1.1 200 OK"
2026-04-02 08:29:05,205 - httpx - INFO - HTTP Request: POST https://api.telegram.org/bot8756837734:AAH1IvNHQToW1Lq0gd4Mai0IDC_qAVsFQgM/getUpdates "HTTP/1.1 200 OK"
2026-04-02 08:29:15,615 - httpx - INFO - HTTP Request: POST https://api.telegram.org/bot8756837734:AAH1IvNHQToW1Lq0gd4Mai0IDC_qAVsFQgM/getUpdates "HTTP/1.1 200 OK"
2026-04-02 08:29:25,715 - httpx - INFO - HTTP Request: POST https://api.telegram.org/bot8756837734:AAH1IvNHQToW1Lq0gd4Mai0IDC_qAVsFQgM/getUpdates "HTTP/1.1 200 OK"
2026-04-02 08:29:35,893 - httpx - INFO - HTTP Request: POST https://api.telegram.org/bot8756837734:AAH1IvNHQToW1Lq0gd4Mai0IDC_qAVsFQgM/getUpdates "HTTP/1.1 200 OK"
2026-04-02 08:29:45,961 - httpx - INFO - HTTP Request: POST https://api.telegram.org/bot8756837734:AAH1IvNHQToW1Lq0gd4Mai0IDC_qAVsFQgM/getUpdates "HTTP/1.1 200 OK"
2026-04-02 08:29:56,280 - httpx - INFO - HTTP Request: POST https://api.telegram.org/bot8756837734:AAH1IvNHQToW1Lq0gd4Mai0IDC_qAVsFQgM/getUpdates "HTTP/1.1 200 OK"
2026-04-02 08:30:06,408 - httpx - INFO - HTTP Request: POST https://api.telegram.org/bot8756837734:AAH1IvNHQToW1Lq0gd4Mai0IDC_qAVsFQgM/getUpdates "HTTP/1.1 200 OK"
2026-04-02 08:30:16,546 - httpx - INFO - HTTP Request: POST https://api.telegram.org/bot8756837734:AAH1IvNHQToW1Lq0gd4Mai0IDC_qAVsFQgM/getUpdates "HTTP/1.1 200 OK"
2026-04-02 08:30:26,646 - httpx - INFO - HTTP Request: POST https://api.telegram.org/bot8756837734:AAH1IvNHQToW1Lq0gd4Mai0IDC_qAVsFQgM/getUpdates "HTTP/1.1 200 OK"
2026-04-02 08:30:36,738 - httpx - INFO - HTTP Request: POST https://api.telegram.org/bot8756837734:AAH1IvNHQToW1Lq0gd4Mai0IDC_qAVsFQgM/getUpdates "HTTP/1.1 200 OK"
2026-04-02 08:30:46,852 - httpx - INFO - HTTP Request: POST https://api.telegram.org/bot8756837734:AAH1IvNHQToW1Lq0gd4Mai0IDC_qAVsFQgM/getUpdates "HTTP/1.1 200 OK"
2026-04-02 08:30:56,990 - httpx - INFO - HTTP Request: POST https://api.telegram.org/bot8756837734:AAH1IvNHQToW1Lq0gd4Mai0IDC_qAVsFQgM/getUpdates "HTTP/1.1 200 OK"
2026-04-02 08:31:07,127 - httpx - INFO - HTTP Request: POST https://api.telegram.org/bot8756837734:AAH1IvNHQToW1Lq0gd4Mai0IDC_qAVsFQgM/getUpdates "HTTP/1.1 200 OK"
2026-04-02 08:31:17,200 - httpx - INFO - HTTP Request: POST https://api.telegram.org/bot8756837734:AAH1IvNHQToW1Lq0gd4Mai0IDC_qAVsFQgM/getUpdates "HTTP/1.1 200 OK"
2026-04-02 08:31:27,301 - httpx - INFO - HTTP Request: POST https://api.telegram.org/bot8756837734:AAH1IvNHQToW1Lq0gd4Mai0IDC_qAVsFQgM/getUpdates "HTTP/1.1 200 OK"
2026-04-02 08:31:37,438 - httpx - INFO - HTTP Request: POST https://api.telegram.org/bot8756837734:AAH1IvNHQToW1Lq0gd4Mai0IDC_qAVsFQgM/getUpdates "HTTP/1.1 200 OK"
2026-04-02 08:31:47,575 - httpx - INFO - HTTP Request: POST https://api.telegram.org/bot8756837734:AAH1IvNHQToW1Lq0gd4Mai0IDC_qAVsFQgM/getUpdates "HTTP/1.1 200 OK"
2026-04-02 08:31:57,705 - httpx - INFO - HTTP Request: POST https://api.telegram.org/bot8756837734:AAH1IvNHQToW1Lq0gd4Mai0IDC_qAVsFQgM/getUpdates "HTTP/1.1 200 OK"
2026-04-02 08:32:07,777 - httpx - INFO - HTTP Request: POST https://api.telegram.org/bot8756837734:AAH1IvNHQToW1Lq0gd4Mai0IDC_qAVsFQgM/getUpdates "HTTP/1.1 200 OK"
2026-04-02 08:32:17,863 - httpx - INFO - HTTP Request: POST https://api.telegram.org/bot8756837734:AAH1IvNHQToW1Lq0gd4Mai0IDC_qAVsFQgM/getUpdates "HTTP/1.1 200 OK"
2026-04-02 08:32:28,032 - httpx - INFO - HTTP Request: POST https://api.telegram.org/bot8756837734:AAH1IvNHQToW1Lq0gd4Mai0IDC_qAVsFQgM/getUpdates "HTTP/1.1 200 OK"
2026-04-02 08:32:38,160 - httpx - INFO - HTTP Request: POST https://api.telegram.org/bot8756837734:AAH1IvNHQToW1Lq0gd4Mai0IDC_qAVsFQgM/getUpdates "HTTP/1.1 200 OK"
2026-04-02 08:32:48,292 - httpx - INFO - HTTP Request: POST https://api.telegram.org/bot8756837734:AAH1IvNHQToW1Lq0gd4Mai0IDC_qAVsFQgM/getUpdates "HTTP/1.1 200 OK"
2026-04-02 08:32:58,351 - httpx - INFO - HTTP Request: POST https://api.telegram.org/bot8756837734:AAH1IvNHQToW1Lq0gd4Mai0IDC_qAVsFQgM/getUpdates "HTTP/1.1 200 OK"
2026-04-02 08:33:08,444 - httpx - INFO - HTTP Request: POST https://api.telegram.org/bot8756837734:AAH1IvNHQToW1Lq0gd4Mai0IDC_qAVsFQgM/getUpdates "HTTP/1.1 200 OK"
2026-04-02 08:33:18,611 - httpx - INFO - HTTP Request: POST https://api.telegram.org/bot8756837734:AAH1IvNHQToW1Lq0gd4Mai0IDC_qAVsFQgM/getUpdates "HTTP/1.1 200 OK"
2026-04-02 08:33:28,686 - httpx - INFO - HTTP Request: POST https://api.telegram.org/bot8756837734:AAH1IvNHQToW1Lq0gd4Mai0IDC_qAVsFQgM/getUpdates "HTTP/1.1 200 OK"
2026-04-02 08:33:39,133 - httpx - INFO - HTTP Request: POST https://api.telegram.org/bot8756837734:AAH1IvNHQToW1Lq0gd4Mai0IDC_qAVsFQgM/getUpdates "HTTP/1.1 200 OK"
2026-04-02 08:33:49,239 - httpx - INFO - HTTP Request: POST https://api.telegram.org/bot8756837734:AAH1IvNHQToW1Lq0gd4Mai0IDC_qAVsFQgM/getUpdates "HTTP/1.1 200 OK"
2026-04-02 08:33:59,338 - httpx - INFO - HTTP Request: POST https://api.telegram.org/bot8756837734:AAH1IvNHQToW1Lq0gd4Mai0IDC_qAVsFQgM/getUpdates "HTTP/1.1 200 OK"
2026-04-02 08:34:09,452 - httpx - INFO - HTTP Request: POST https://api.telegram.org/bot8756837734:AAH1IvNHQToW1Lq0gd4Mai0IDC_qAVsFQgM/getUpdates "HTTP/1.1 200 OK"
2026-04-02 08:34:19,640 - httpx - INFO - HTTP Request: POST https://api.telegram.org/bot8756837734:AAH1IvNHQToW1Lq0gd4Mai0IDC_qAVsFQgM/getUpdates "HTTP/1.1 200 OK"
2026-04-02 08:34:29,722 - httpx - INFO - HTTP Request: POST https://api.telegram.org/bot8756837734:AAH1IvNHQToW1Lq0gd4Mai0IDC_qAVsFQgM/getUpdates "HTTP/1.1 200 OK"
2026-04-02 08:34:39,826 - httpx - INFO - HTTP Request: POST https://api.telegram.org/bot8756837734:AAH1IvNHQToW1Lq0gd4Mai0IDC_qAVsFQgM/getUpdates "HTTP/1.1 200 OK"
2026-04-02 08:35:05,311 - httpx - INFO - HTTP Request: POST https://api.telegram.org/bot8756837734:AAH1IvNHQToW1Lq0gd4Mai0IDC_qAVsFQgM/getUpdates "HTTP/1.1 200 OK"
2026-04-02 08:35:15,447 - httpx - INFO - HTTP Request: POST https://api.telegram.org/bot8756837734:AAH1IvNHQToW1Lq0gd4Mai0IDC_qAVsFQgM/getUpdates "HTTP/1.1 200 OK"
2026-04-02 08:35:25,586 - httpx - INFO - HTTP Request: POST https://api.telegram.org/bot8756837734:AAH1IvNHQToW1Lq0gd4Mai0IDC_qAVsFQgM/getUpdates "HTTP/1.1 200 OK"
2026-04-02 08:35:35,689 - httpx - INFO - HTTP Request: POST https://api.telegram.org/bot8756837734:AAH1IvNHQToW1Lq0gd4Mai0IDC_qAVsFQgM/getUpdates "HTTP/1.1 200 OK"
2026-04-02 08:35:45,774 - httpx - INFO - HTTP Request: POST https://api.telegram.org/bot8756837734:AAH1IvNHQToW1Lq0gd4Mai0IDC_qAVsFQgM/getUpdates "HTTP/1.1 200 OK"
2026-04-02 08:35:55,902 - httpx - INFO - HTTP Request: POST https://api.telegram.org/bot8756837734:AAH1IvNHQToW1Lq0gd4Mai0IDC_qAVsFQgM/getUpdates "HTTP/1.1 200 OK"
2026-04-02 08:36:06,142 - httpx - INFO - HTTP Request: POST https://api.telegram.org/bot8756837734:AAH1IvNHQToW1Lq0gd4Mai0IDC_qAVsFQgM/getUpdates "HTTP/1.1 200 OK"
2026-04-02 08:36:16,277 - httpx - INFO - HTTP Request: POST https://api.telegram.org/bot8756837734:AAH1IvNHQToW1Lq0gd4Mai0IDC_qAVsFQgM/getUpdates "HTTP/1.1 200 OK"
2026-04-02 08:36:26,410 - httpx - INFO - HTTP Request: POST https://api.telegram.org/bot8756837734:AAH1IvNHQToW1Lq0gd4Mai0IDC_qAVsFQgM/getUpdates "HTTP/1.1 200 OK"
2026-04-02 08:36:36,559 - httpx - INFO - HTTP Request: POST https://api.telegram.org/bot8756837734:AAH1IvNHQToW1Lq0gd4Mai0IDC_qAVsFQgM/getUpdates "HTTP/1.1 200 OK"
2026-04-02 08:36:46,656 - httpx - INFO - HTTP Request: POST https://api.telegram.org/bot8756837734:AAH1IvNHQToW1Lq0gd4Mai0IDC_qAVsFQgM/getUpdates "HTTP/1.1 200 OK"
2026-04-02 08:36:56,757 - httpx - INFO - HTTP Request: POST https://api.telegram.org/bot8756837734:AAH1IvNHQToW1Lq0gd4Mai0IDC_qAVsFQgM/getUpdates "HTTP/1.1 200 OK"
2026-04-02 08:37:06,860 - httpx - INFO - HTTP Request: POST https://api.telegram.org/bot8756837734:AAH1IvNHQToW1Lq0gd4Mai0IDC_qAVsFQgM/getUpdates "HTTP/1.1 200 OK"
2026-04-02 08:37:16,999 - httpx - INFO - HTTP Request: POST https://api.telegram.org/bot8756837734:AAH1IvNHQToW1Lq0gd4Mai0IDC_qAVsFQgM/getUpdates "HTTP/1.1 200 OK"
2026-04-02 08:37:27,235 - httpx - INFO - HTTP Request: POST https://api.telegram.org/bot8756837734:AAH1IvNHQToW1Lq0gd4Mai0IDC_qAVsFQgM/getUpdates "HTTP/1.1 200 OK"
2026-04-02 08:37:37,338 - httpx - INFO - HTTP Request: POST https://api.telegram.org/bot8756837734:AAH1IvNHQToW1Lq0gd4Mai0IDC_qAVsFQgM/getUpdates "HTTP/1.1 200 OK"
2026-04-02 08:37:47,506 - httpx - INFO - HTTP Request: POST https://api.telegram.org/bot8756837734:AAH1IvNHQToW1Lq0gd4Mai0IDC_qAVsFQgM/getUpdates "HTTP/1.1 200 OK"
2026-04-02 08:37:57,694 - httpx - INFO - HTTP Request: POST https://api.telegram.org/bot8756837734:AAH1IvNHQToW1Lq0gd4Mai0IDC_qAVsFQgM/getUpdates "HTTP/1.1 200 OK"
2026-04-02 08:38:07,781 - httpx - INFO - HTTP Request: POST https://api.telegram.org/bot8756837734:AAH1IvNHQToW1Lq0gd4Mai0IDC_qAVsFQgM/getUpdates "HTTP/1.1 200 OK"
2026-04-02 08:38:17,858 - httpx - INFO - HTTP Request: POST https://api.telegram.org/bot8756837734:AAH1IvNHQToW1Lq0gd4Mai0IDC_qAVsFQgM/getUpdates "HTTP/1.1 200 OK"
2026-04-02 08:38:28,173 - httpx - INFO - HTTP Request: POST https://api.telegram.org/bot8756837734:AAH1IvNHQToW1Lq0gd4Mai0IDC_qAVsFQgM/getUpdates "HTTP/1.1 200 OK"
2026-04-02 08:38:38,408 - httpx - INFO - HTTP Request: POST https://api.telegram.org/bot8756837734:AAH1IvNHQToW1Lq0gd4Mai0IDC_qAVsFQgM/getUpdates "HTTP/1.1 200 OK"
2026-04-02 08:38:48,479 - httpx - INFO - HTTP Request: POST https://api.telegram.org/bot8756837734:AAH1IvNHQToW1Lq0gd4Mai0IDC_qAVsFQgM/getUpdates "HTTP/1.1 200 OK"
2026-04-02 08:38:58,701 - httpx - INFO - HTTP Request: POST https://api.telegram.org/bot8756837734:AAH1IvNHQToW1Lq0gd4Mai0IDC_qAVsFQgM/getUpdates "HTTP/1.1 200 OK"
2026-04-02 08:39:08,828 - httpx - INFO - HTTP Request: POST https://api.telegram.org/bot8756837734:AAH1IvNHQToW1Lq0gd4Mai0IDC_qAVsFQgM/getUpdates "HTTP/1.1 200 OK"
2026-04-02 08:39:18,925 - httpx - INFO - HTTP Request: POST https://api.telegram.org/bot8756837734:AAH1IvNHQToW1Lq0gd4Mai0IDC_qAVsFQgM/getUpdates "HTTP/1.1 200 OK"
2026-04-02 08:39:28,999 - httpx - INFO - HTTP Request: POST https://api.telegram.org/bot8756837734:AAH1IvNHQToW1Lq0gd4Mai0IDC_qAVsFQgM/getUpdates "HTTP/1.1 200 OK"
2026-04-02 08:39:39,149 - httpx - INFO - HTTP Request: POST https://api.telegram.org/bot8756837734:AAH1IvNHQToW1Lq0gd4Mai0IDC_qAVsFQgM/getUpdates "HTTP/1.1 200 OK"
2026-04-02 08:39:49,577 - httpx - INFO - HTTP Request: POST https://api.telegram.org/bot8756837734:AAH1IvNHQToW1Lq0gd4Mai0IDC_qAVsFQgM/getUpdates "HTTP/1.1 200 OK"
2026-04-02 08:39:59,722 - httpx - INFO - HTTP Request: POST https://api.telegram.org/bot8756837734:AAH1IvNHQToW1Lq0gd4Mai0IDC_qAVsFQgM/getUpdates "HTTP/1.1 200 OK"
2026-04-02 08:40:09,789 - httpx - INFO - HTTP Request: POST https://api.telegram.org/bot8756837734:AAH1IvNHQToW1Lq0gd4Mai0IDC_qAVsFQgM/getUpdates "HTTP/1.1 200 OK"
2026-04-02 08:40:19,866 - httpx - INFO - HTTP Request: POST https://api.telegram.org/bot8756837734:AAH1IvNHQToW1Lq0gd4Mai0IDC_qAVsFQgM/getUpdates "HTTP/1.1 200 OK"
2026-04-02 08:41:10,186 - httpx - INFO - HTTP Request: POST https://api.telegram.org/bot8756837734:AAH1IvNHQToW1Lq0gd4Mai0IDC_qAVsFQgM/getUpdates "HTTP/1.1 200 OK"
2026-04-02 08:41:20,407 - httpx - INFO - HTTP Request: POST https://api.telegram.org/bot8756837734:AAH1IvNHQToW1Lq0gd4Mai0IDC_qAVsFQgM/getUpdates "HTTP/1.1 200 OK"
2026-04-02 08:41:30,582 - httpx - INFO - HTTP Request: POST https://api.telegram.org/bot8756837734:AAH1IvNHQToW1Lq0gd4Mai0IDC_qAVsFQgM/getUpdates "HTTP/1.1 200 OK"
2026-04-02 08:44:18,549 - httpx - INFO - HTTP Request: POST https://api.telegram.org/bot8756837734:AAH1IvNHQToW1Lq0gd4Mai0IDC_qAVsFQgM/getUpdates "HTTP/1.1 200 OK"
2026-04-02 08:44:28,625 - httpx - INFO - HTTP Request: POST https://api.telegram.org/bot8756837734:AAH1IvNHQToW1Lq0gd4Mai0IDC_qAVsFQgM/getUpdates "HTTP/1.1 200 OK"
2026-04-02 08:44:38,780 - httpx - INFO - HTTP Request: POST https://api.telegram.org/bot8756837734:AAH1IvNHQToW1Lq0gd4Mai0IDC_qAVsFQgM/getUpdates "HTTP/1.1 200 OK"
2026-04-02 08:44:48,851 - httpx - INFO - HTTP Request: POST https://api.telegram.org/bot8756837734:AAH1IvNHQToW1Lq0gd4Mai0IDC_qAVsFQgM/getUpdates "HTTP/1.1 200 OK"
2026-04-02 08:44:58,997 - httpx - INFO - HTTP Request: POST https://api.telegram.org/bot8756837734:AAH1IvNHQToW1Lq0gd4Mai0IDC_qAVsFQgM/getUpdates "HTTP/1.1 200 OK"
2026-04-02 08:45:09,064 - httpx - INFO - HTTP Request: POST https://api.telegram.org/bot8756837734:AAH1IvNHQToW1Lq0gd4Mai0IDC_qAVsFQgM/getUpdates "HTTP/1.1 200 OK"
2026-04-02 08:47:46,491 - httpx - INFO - HTTP Request: POST https://api.telegram.org/bot8756837734:AAH1IvNHQToW1Lq0gd4Mai0IDC_qAVsFQgM/getUpdates "HTTP/1.1 200 OK"
2026-04-02 08:55:26,792 - httpx - INFO - HTTP Request: POST https://api.telegram.org/bot8756837734:AAH1IvNHQToW1Lq0gd4Mai0IDC_qAVsFQgM/getUpdates "HTTP/1.1 200 OK"
2026-04-02 08:55:36,887 - httpx - INFO - HTTP Request: POST https://api.telegram.org/bot8756837734:AAH1IvNHQToW1Lq0gd4Mai0IDC_qAVsFQgM/getUpdates "HTTP/1.1 200 OK"
2026-04-02 08:55:46,961 - httpx - INFO - HTTP Request: POST https://api.telegram.org/bot8756837734:AAH1IvNHQToW1Lq0gd4Mai0IDC_qAVsFQgM/getUpdates "HTTP/1.1 200 OK"
2026-04-02 08:55:57,039 - httpx - INFO - HTTP Request: POST https://api.telegram.org/bot8756837734:AAH1IvNHQToW1Lq0gd4Mai0IDC_qAVsFQgM/getUpdates "HTTP/1.1 200 OK"
2026-04-02 08:56:07,117 - httpx - INFO - HTTP Request: POST https://api.telegram.org/bot8756837734:AAH1IvNHQToW1Lq0gd4Mai0IDC_qAVsFQgM/getUpdates "HTTP/1.1 200 OK"
2026-04-02 08:56:17,234 - httpx - INFO - HTTP Request: POST https://api.telegram.org/bot8756837734:AAH1IvNHQToW1Lq0gd4Mai0IDC_qAVsFQgM/getUpdates "HTTP/1.1 200 OK"
2026-04-02 08:56:27,356 - httpx - INFO - HTTP Request: POST https://api.telegram.org/bot8756837734:AAH1IvNHQToW1Lq0gd4Mai0IDC_qAVsFQgM/getUpdates "HTTP/1.1 200 OK"
2026-04-02 08:56:37,601 - httpx - INFO - HTTP Request: POST https://api.telegram.org/bot8756837734:AAH1IvNHQToW1Lq0gd4Mai0IDC_qAVsFQgM/getUpdates "HTTP/1.1 200 OK"
2026-04-02 08:56:47,697 - httpx - INFO - HTTP Request: POST https://api.telegram.org/bot8756837734:AAH1IvNHQToW1Lq0gd4Mai0IDC_qAVsFQgM/getUpdates "HTTP/1.1 200 OK"
2026-04-02 08:56:57,789 - httpx - INFO - HTTP Request: POST https://api.telegram.org/bot8756837734:AAH1IvNHQToW1Lq0gd4Mai0IDC_qAVsFQgM/getUpdates "HTTP/1.1 200 OK"
2026-04-02 08:57:07,881 - httpx - INFO - HTTP Request: POST https://api.telegram.org/bot8756837734:AAH1IvNHQToW1Lq0gd4Mai0IDC_qAVsFQgM/getUpdates "HTTP/1.1 200 OK"
2026-04-02 08:57:18,051 - httpx - INFO - HTTP Request: POST https://api.telegram.org/bot8756837734:AAH1IvNHQToW1Lq0gd4Mai0IDC_qAVsFQgM/getUpdates "HTTP/1.1 200 OK"
2026-04-02 08:57:28,135 - httpx - INFO - HTTP Request: POST https://api.telegram.org/bot8756837734:AAH1IvNHQToW1Lq0gd4Mai0IDC_qAVsFQgM/getUpdates "HTTP/1.1 200 OK"
2026-04-02 08:57:38,220 - httpx - INFO - HTTP Request: POST https://api.telegram.org/bot8756837734:AAH1IvNHQToW1Lq0gd4Mai0IDC_qAVsFQgM/getUpdates "HTTP/1.1 200 OK"
2026-04-02 08:57:48,383 - httpx - INFO - HTTP Request: POST https://api.telegram.org/bot8756837734:AAH1IvNHQToW1Lq0gd4Mai0IDC_qAVsFQgM/getUpdates "HTTP/1.1 200 OK"
2026-04-02 08:57:58,603 - httpx - INFO - HTTP Request: POST https://api.telegram.org/bot8756837734:AAH1IvNHQToW1Lq0gd4Mai0IDC_qAVsFQgM/getUpdates "HTTP/1.1 200 OK"
2026-04-02 08:58:08,693 - httpx - INFO - HTTP Request: POST https://api.telegram.org/bot8756837734:AAH1IvNHQToW1Lq0gd4Mai0IDC_qAVsFQgM/getUpdates "HTTP/1.1 200 OK"
2026-04-02 08:58:18,768 - httpx - INFO - HTTP Request: POST https://api.telegram.org/bot8756837734:AAH1IvNHQToW1Lq0gd4Mai0IDC_qAVsFQgM/getUpdates "HTTP/1.1 200 OK"
2026-04-02 08:58:28,907 - httpx - INFO - HTTP Request: POST https://api.telegram.org/bot8756837734:AAH1IvNHQToW1Lq0gd4Mai0IDC_qAVsFQgM/getUpdates "HTTP/1.1 200 OK"
2026-04-02 08:58:39,176 - httpx - INFO - HTTP Request: POST https://api.telegram.org/bot8756837734:AAH1IvNHQToW1Lq0gd4Mai0IDC_qAVsFQgM/getUpdates "HTTP/1.1 200 OK"
2026-04-02 08:58:49,329 - httpx - INFO - HTTP Request: POST https://api.telegram.org/bot8756837734:AAH1IvNHQToW1Lq0gd4Mai0IDC_qAVsFQgM/getUpdates "HTTP/1.1 200 OK"
2026-04-02 08:58:59,423 - httpx - INFO - HTTP Request: POST https://api.telegram.org/bot8756837734:AAH1IvNHQToW1Lq0gd4Mai0IDC_qAVsFQgM/getUpdates "HTTP/1.1 200 OK"
2026-04-02 08:59:09,664 - httpx - INFO - HTTP Request: POST https://api.telegram.org/bot8756837734:AAH1IvNHQToW1Lq0gd4Mai0IDC_qAVsFQgM/getUpdates "HTTP/1.1 200 OK"
2026-04-02 08:59:19,753 - httpx - INFO - HTTP Request: POST https://api.telegram.org/bot8756837734:AAH1IvNHQToW1Lq0gd4Mai0IDC_qAVsFQgM/getUpdates "HTTP/1.1 200 OK"
2026-04-02 08:59:29,825 - httpx - INFO - HTTP Request: POST https://api.telegram.org/bot8756837734:AAH1IvNHQToW1Lq0gd4Mai0IDC_qAVsFQgM/getUpdates "HTTP/1.1 200 OK"
2026-04-02 08:59:40,084 - httpx - INFO - HTTP Request: POST https://api.telegram.org/bot8756837734:AAH1IvNHQToW1Lq0gd4Mai0IDC_qAVsFQgM/getUpdates "HTTP/1.1 200 OK"
2026-04-02 08:59:50,175 - httpx - INFO - HTTP Request: POST https://api.telegram.org/bot8756837734:AAH1IvNHQToW1Lq0gd4Mai0IDC_qAVsFQgM/getUpdates "HTTP/1.1 200 OK"
2026-04-02 09:00:00,291 - httpx - INFO - HTTP Request: POST https://api.telegram.org/bot8756837734:AAH1IvNHQToW1Lq0gd4Mai0IDC_qAVsFQgM/getUpdates "HTTP/1.1 200 OK"
2026-04-02 09:00:10,493 - httpx - INFO - HTTP Request: POST https://api.telegram.org/bot8756837734:AAH1IvNHQToW1Lq0gd4Mai0IDC_qAVsFQgM/getUpdates "HTTP/1.1 200 OK"
2026-04-02 09:00:20,729 - httpx - INFO - HTTP Request: POST https://api.telegram.org/bot8756837734:AAH1IvNHQToW1Lq0gd4Mai0IDC_qAVsFQgM/getUpdates "HTTP/1.1 200 OK"
2026-04-02 09:00:31,074 - httpx - INFO - HTTP Request: POST https://api.telegram.org/bot8756837734:AAH1IvNHQToW1Lq0gd4Mai0IDC_qAVsFQgM/getUpdates "HTTP/1.1 200 OK"
2026-04-02 09:00:41,214 - httpx - INFO - HTTP Request: POST https://api.telegram.org/bot8756837734:AAH1IvNHQToW1Lq0gd4Mai0IDC_qAVsFQgM/getUpdates "HTTP/1.1 200 OK"
2026-04-02 09:00:51,450 - httpx - INFO - HTTP Request: POST https://api.telegram.org/bot8756837734:AAH1IvNHQToW1Lq0gd4Mai0IDC_qAVsFQgM/getUpdates "HTTP/1.1 200 OK"
2026-04-02 09:01:01,689 - httpx - INFO - HTTP Request: POST https://api.telegram.org/bot8756837734:AAH1IvNHQToW1Lq0gd4Mai0IDC_qAVsFQgM/getUpdates "HTTP/1.1 200 OK"
2026-04-02 09:01:11,881 - httpx - INFO - HTTP Request: POST https://api.telegram.org/bot8756837734:AAH1IvNHQToW1Lq0gd4Mai0IDC_qAVsFQgM/getUpdates "HTTP/1.1 200 OK"
2026-04-02 09:01:21,992 - httpx - INFO - HTTP Request: POST https://api.telegram.org/bot8756837734:AAH1IvNHQToW1Lq0gd4Mai0IDC_qAVsFQgM/getUpdates "HTTP/1.1 200 OK"
2026-04-02 09:01:32,409 - httpx - INFO - HTTP Request: POST https://api.telegram.org/bot8756837734:AAH1IvNHQToW1Lq0gd4Mai0IDC_qAVsFQgM/getUpdates "HTTP/1.1 200 OK"
2026-04-02 09:01:42,611 - httpx - INFO - HTTP Request: POST https://api.telegram.org/bot8756837734:AAH1IvNHQToW1Lq0gd4Mai0IDC_qAVsFQgM/getUpdates "HTTP/1.1 200 OK"
2026-04-02 09:01:52,690 - httpx - INFO - HTTP Request: POST https://api.telegram.org/bot8756837734:AAH1IvNHQToW1Lq0gd4Mai0IDC_qAVsFQgM/getUpdates "HTTP/1.1 200 OK"
2026-04-02 09:02:02,781 - httpx - INFO - HTTP Request: POST https://api.telegram.org/bot8756837734:AAH1IvNHQToW1Lq0gd4Mai0IDC_qAVsFQgM/getUpdates "HTTP/1.1 200 OK"
2026-04-02 09:02:28,224 - httpx - INFO - HTTP Request: POST https://api.telegram.org/bot8756837734:AAH1IvNHQToW1Lq0gd4Mai0IDC_qAVsFQgM/getUpdates "HTTP/1.1 200 OK"
2026-04-02 09:02:38,457 - httpx - INFO - HTTP Request: POST https://api.telegram.org/bot8756837734:AAH1IvNHQToW1Lq0gd4Mai0IDC_qAVsFQgM/getUpdates "HTTP/1.1 200 OK"
2026-04-02 09:02:48,540 - httpx - INFO - HTTP Request: POST https://api.telegram.org/bot8756837734:AAH1IvNHQToW1Lq0gd4Mai0IDC_qAVsFQgM/getUpdates "HTTP/1.1 200 OK"
2026-04-02 09:02:58,834 - httpx - INFO - HTTP Request: POST https://api.telegram.org/bot8756837734:AAH1IvNHQToW1Lq0gd4Mai0IDC_qAVsFQgM/getUpdates "HTTP/1.1 200 OK"
2026-04-02 09:03:09,032 - httpx - INFO - HTTP Request: POST https://api.telegram.org/bot8756837734:AAH1IvNHQToW1Lq0gd4Mai0IDC_qAVsFQgM/getUpdates "HTTP/1.1 200 OK"
2026-04-02 09:03:19,107 - httpx - INFO - HTTP Request: POST https://api.telegram.org/bot8756837734:AAH1IvNHQToW1Lq0gd4Mai0IDC_qAVsFQgM/getUpdates "HTTP/1.1 200 OK"
2026-04-02 09:03:29,182 - httpx - INFO - HTTP Request: POST https://api.telegram.org/bot8756837734:AAH1IvNHQToW1Lq0gd4Mai0IDC_qAVsFQgM/getUpdates "HTTP/1.1 200 OK"
2026-04-02 09:03:39,429 - httpx - INFO - HTTP Request: POST https://api.telegram.org/bot8756837734:AAH1IvNHQToW1Lq0gd4Mai0IDC_qAVsFQgM/getUpdates "HTTP/1.1 200 OK"
2026-04-02 09:03:49,521 - httpx - INFO - HTTP Request: POST https://api.telegram.org/bot8756837734:AAH1IvNHQToW1Lq0gd4Mai0IDC_qAVsFQgM/getUpdates "HTTP/1.1 200 OK"
2026-04-02 09:03:59,608 - httpx - INFO - HTTP Request: POST https://api.telegram.org/bot8756837734:AAH1IvNHQToW1Lq0gd4Mai0IDC_qAVsFQgM/getUpdates "HTTP/1.1 200 OK"
2026-04-02 09:04:09,687 - httpx - INFO - HTTP Request: POST https://api.telegram.org/bot8756837734:AAH1IvNHQToW1Lq0gd4Mai0IDC_qAVsFQgM/getUpdates "HTTP/1.1 200 OK"
2026-04-02 09:04:20,073 - httpx - INFO - HTTP Request: POST https://api.telegram.org/bot8756837734:AAH1IvNHQToW1Lq0gd4Mai0IDC_qAVsFQgM/getUpdates "HTTP/1.1 200 OK"
2026-04-02 09:04:30,386 - httpx - INFO - HTTP Request: POST https://api.telegram.org/bot8756837734:AAH1IvNHQToW1Lq0gd4Mai0IDC_qAVsFQgM/getUpdates "HTTP/1.1 200 OK"
2026-04-02 09:04:40,640 - httpx - INFO - HTTP Request: POST https://api.telegram.org/bot8756837734:AAH1IvNHQToW1Lq0gd4Mai0IDC_qAVsFQgM/getUpdates "HTTP/1.1 200 OK"
2026-04-02 09:04:50,739 - httpx - INFO - HTTP Request: POST https://api.telegram.org/bot8756837734:AAH1IvNHQToW1Lq0gd4Mai0IDC_qAVsFQgM/getUpdates "HTTP/1.1 200 OK"
2026-04-02 09:05:00,819 - httpx - INFO - HTTP Request: POST https://api.telegram.org/bot8756837734:AAH1IvNHQToW1Lq0gd4Mai0IDC_qAVsFQgM/getUpdates "HTTP/1.1 200 OK"
2026-04-02 09:05:11,270 - httpx - INFO - HTTP Request: POST https://api.telegram.org/bot8756837734:AAH1IvNHQToW1Lq0gd4Mai0IDC_qAVsFQgM/getUpdates "HTTP/1.1 200 OK"
2026-04-02 09:05:21,479 - httpx - INFO - HTTP Request: POST https://api.telegram.org/bot8756837734:AAH1IvNHQToW1Lq0gd4Mai0IDC_qAVsFQgM/getUpdates "HTTP/1.1 200 OK"
2026-04-02 09:05:31,682 - httpx - INFO - HTTP Request: POST https://api.telegram.org/bot8756837734:AAH1IvNHQToW1Lq0gd4Mai0IDC_qAVsFQgM/getUpdates "HTTP/1.1 200 OK"
2026-04-02 09:05:42,060 - httpx - INFO - HTTP Request: POST https://api.telegram.org/bot8756837734:AAH1IvNHQToW1Lq0gd4Mai0IDC_qAVsFQgM/getUpdates "HTTP/1.1 200 OK"
2026-04-02 09:05:52,301 - httpx - INFO - HTTP Request: POST https://api.telegram.org/bot8756837734:AAH1IvNHQToW1Lq0gd4Mai0IDC_qAVsFQgM/getUpdates "HTTP/1.1 200 OK"
2026-04-02 09:06:02,542 - httpx - INFO - HTTP Request: POST https://api.telegram.org/bot8756837734:AAH1IvNHQToW1Lq0gd4Mai0IDC_qAVsFQgM/getUpdates "HTTP/1.1 200 OK"
2026-04-02 09:06:12,778 - httpx - INFO - HTTP Request: POST https://api.telegram.org/bot8756837734:AAH1IvNHQToW1Lq0gd4Mai0IDC_qAVsFQgM/getUpdates "HTTP/1.1 200 OK"
2026-04-02 09:06:22,862 - httpx - INFO - HTTP Request: POST https://api.telegram.org/bot8756837734:AAH1IvNHQToW1Lq0gd4Mai0IDC_qAVsFQgM/getUpdates "HTTP/1.1 200 OK"
2026-04-02 09:06:32,953 - httpx - INFO - HTTP Request: POST https://api.telegram.org/bot8756837734:AAH1IvNHQToW1Lq0gd4Mai0IDC_qAVsFQgM/getUpdates "HTTP/1.1 200 OK"
2026-04-02 09:06:43,146 - httpx - INFO - HTTP Request: POST https://api.telegram.org/bot8756837734:AAH1IvNHQToW1Lq0gd4Mai0IDC_qAVsFQgM/getUpdates "HTTP/1.1 200 OK"
2026-04-02 09:06:53,437 - httpx - INFO - HTTP Request: POST https://api.telegram.org/bot8756837734:AAH1IvNHQToW1Lq0gd4Mai0IDC_qAVsFQgM/getUpdates "HTTP/1.1 200 OK"
2026-04-02 09:07:03,571 - httpx - INFO - HTTP Request: POST https://api.telegram.org/bot8756837734:AAH1IvNHQToW1Lq0gd4Mai0IDC_qAVsFQgM/getUpdates "HTTP/1.1 200 OK"
2026-04-02 09:07:13,641 - httpx - INFO - HTTP Request: POST https://api.telegram.org/bot8756837734:AAH1IvNHQToW1Lq0gd4Mai0IDC_qAVsFQgM/getUpdates "HTTP/1.1 200 OK"
2026-04-02 09:07:23,721 - httpx - INFO - HTTP Request: POST https://api.telegram.org/bot8756837734:AAH1IvNHQToW1Lq0gd4Mai0IDC_qAVsFQgM/getUpdates "HTTP/1.1 200 OK"
2026-04-02 09:07:34,092 - httpx - INFO - HTTP Request: POST https://api.telegram.org/bot8756837734:AAH1IvNHQToW1Lq0gd4Mai0IDC_qAVsFQgM/getUpdates "HTTP/1.1 200 OK"
2026-04-02 09:07:44,529 - httpx - INFO - HTTP Request: POST https://api.telegram.org/bot8756837734:AAH1IvNHQToW1Lq0gd4Mai0IDC_qAVsFQgM/getUpdates "HTTP/1.1 200 OK"
2026-04-02 09:07:54,872 - httpx - INFO - HTTP Request: POST https://api.telegram.org/bot8756837734:AAH1IvNHQToW1Lq0gd4Mai0IDC_qAVsFQgM/getUpdates "HTTP/1.1 200 OK"
2026-04-02 09:08:04,931 - httpx - INFO - HTTP Request: POST https://api.telegram.org/bot8756837734:AAH1IvNHQToW1Lq0gd4Mai0IDC_qAVsFQgM/getUpdates "HTTP/1.1 200 OK"
2026-04-02 09:08:15,352 - httpx - INFO - HTTP Request: POST https://api.telegram.org/bot8756837734:AAH1IvNHQToW1Lq0gd4Mai0IDC_qAVsFQgM/getUpdates "HTTP/1.1 200 OK"
2026-04-02 09:08:40,842 - httpx - INFO - HTTP Request: POST https://api.telegram.org/bot8756837734:AAH1IvNHQToW1Lq0gd4Mai0IDC_qAVsFQgM/getUpdates "HTTP/1.1 200 OK"
2026-04-02 09:08:50,969 - httpx - INFO - HTTP Request: POST https://api.telegram.org/bot8756837734:AAH1IvNHQToW1Lq0gd4Mai0IDC_qAVsFQgM/getUpdates "HTTP/1.1 200 OK"
2026-04-02 09:09:01,050 - httpx - INFO - HTTP Request: POST https://api.telegram.org/bot8756837734:AAH1IvNHQToW1Lq0gd4Mai0IDC_qAVsFQgM/getUpdates "HTTP/1.1 200 OK"
2026-04-02 09:09:11,367 - httpx - INFO - HTTP Request: POST https://api.telegram.org/bot8756837734:AAH1IvNHQToW1Lq0gd4Mai0IDC_qAVsFQgM/getUpdates "HTTP/1.1 200 OK"
2026-04-02 09:09:21,505 - httpx - INFO - HTTP Request: POST https://api.telegram.org/bot8756837734:AAH1IvNHQToW1Lq0gd4Mai0IDC_qAVsFQgM/getUpdates "HTTP/1.1 200 OK"
2026-04-02 09:09:32,056 - httpx - INFO - HTTP Request: POST https://api.telegram.org/bot8756837734:AAH1IvNHQToW1Lq0gd4Mai0IDC_qAVsFQgM/getUpdates "HTTP/1.1 200 OK"
2026-04-02 09:09:42,293 - httpx - INFO - HTTP Request: POST https://api.telegram.org/bot8756837734:AAH1IvNHQToW1Lq0gd4Mai0IDC_qAVsFQgM/getUpdates "HTTP/1.1 200 OK"
2026-04-02 09:09:52,635 - httpx - INFO - HTTP Request: POST https://api.telegram.org/bot8756837734:AAH1IvNHQToW1Lq0gd4Mai0IDC_qAVsFQgM/getUpdates "HTTP/1.1 200 OK"
2026-04-02 09:10:02,779 - httpx - INFO - HTTP Request: POST https://api.telegram.org/bot8756837734:AAH1IvNHQToW1Lq0gd4Mai0IDC_qAVsFQgM/getUpdates "HTTP/1.1 200 OK"
2026-04-02 09:10:12,891 - httpx - INFO - HTTP Request: POST https://api.telegram.org/bot8756837734:AAH1IvNHQToW1Lq0gd4Mai0IDC_qAVsFQgM/getUpdates "HTTP/1.1 200 OK"
2026-04-02 09:10:23,046 - httpx - INFO - HTTP Request: POST https://api.telegram.org/bot8756837734:AAH1IvNHQToW1Lq0gd4Mai0IDC_qAVsFQgM/getUpdates "HTTP/1.1 200 OK"
2026-04-02 09:10:33,285 - httpx - INFO - HTTP Request: POST https://api.telegram.org/bot8756837734:AAH1IvNHQToW1Lq0gd4Mai0IDC_qAVsFQgM/getUpdates "HTTP/1.1 200 OK"
2026-04-02 09:10:43,530 - httpx - INFO - HTTP Request: POST https://api.telegram.org/bot8756837734:AAH1IvNHQToW1Lq0gd4Mai0IDC_qAVsFQgM/getUpdates "HTTP/1.1 200 OK"
2026-04-02 09:10:53,771 - httpx - INFO - HTTP Request: POST https://api.telegram.org/bot8756837734:AAH1IvNHQToW1Lq0gd4Mai0IDC_qAVsFQgM/getUpdates "HTTP/1.1 200 OK"
2026-04-02 09:11:03,910 - httpx - INFO - HTTP Request: POST https://api.telegram.org/bot8756837734:AAH1IvNHQToW1Lq0gd4Mai0IDC_qAVsFQgM/getUpdates "HTTP/1.1 200 OK"
2026-04-02 09:11:14,053 - httpx - INFO - HTTP Request: POST https://api.telegram.org/bot8756837734:AAH1IvNHQToW1Lq0gd4Mai0IDC_qAVsFQgM/getUpdates "HTTP/1.1 200 OK"
2026-04-02 09:11:24,139 - httpx - INFO - HTTP Request: POST https://api.telegram.org/bot8756837734:AAH1IvNHQToW1Lq0gd4Mai0IDC_qAVsFQgM/getUpdates "HTTP/1.1 200 OK"
2026-04-02 09:11:34,218 - httpx - INFO - HTTP Request: POST https://api.telegram.org/bot8756837734:AAH1IvNHQToW1Lq0gd4Mai0IDC_qAVsFQgM/getUpdates "HTTP/1.1 200 OK"
2026-04-02 09:11:44,301 - httpx - INFO - HTTP Request: POST https://api.telegram.org/bot8756837734:AAH1IvNHQToW1Lq0gd4Mai0IDC_qAVsFQgM/getUpdates "HTTP/1.1 200 OK"
2026-04-02 09:11:54,502 - httpx - INFO - HTTP Request: POST https://api.telegram.org/bot8756837734:AAH1IvNHQToW1Lq0gd4Mai0IDC_qAVsFQgM/getUpdates "HTTP/1.1 200 OK"
2026-04-02 09:12:04,666 - httpx - INFO - HTTP Request: POST https://api.telegram.org/bot8756837734:AAH1IvNHQToW1Lq0gd4Mai0IDC_qAVsFQgM/getUpdates "HTTP/1.1 200 OK"
2026-04-02 09:12:14,971 - httpx - INFO - HTTP Request: POST https://api.telegram.org/bot8756837734:AAH1IvNHQToW1Lq0gd4Mai0IDC_qAVsFQgM/getUpdates "HTTP/1.1 200 OK"
2026-04-02 09:12:25,053 - httpx - INFO - HTTP Request: POST https://api.telegram.org/bot8756837734:AAH1IvNHQToW1Lq0gd4Mai0IDC_qAVsFQgM/getUpdates "HTTP/1.1 200 OK"
2026-04-02 09:12:35,242 - httpx - INFO - HTTP Request: POST https://api.telegram.org/bot8756837734:AAH1IvNHQToW1Lq0gd4Mai0IDC_qAVsFQgM/getUpdates "HTTP/1.1 200 OK"
2026-04-02 09:12:45,385 - httpx - INFO - HTTP Request: POST https://api.telegram.org/bot8756837734:AAH1IvNHQToW1Lq0gd4Mai0IDC_qAVsFQgM/getUpdates "HTTP/1.1 200 OK"
2026-04-02 09:12:55,468 - httpx - INFO - HTTP Request: POST https://api.telegram.org/bot8756837734:AAH1IvNHQToW1Lq0gd4Mai0IDC_qAVsFQgM/getUpdates "HTTP/1.1 200 OK"
2026-04-02 09:13:05,552 - httpx - INFO - HTTP Request: POST https://api.telegram.org/bot8756837734:AAH1IvNHQToW1Lq0gd4Mai0IDC_qAVsFQgM/getUpdates "HTTP/1.1 200 OK"
2026-04-02 09:13:15,677 - httpx - INFO - HTTP Request: POST https://api.telegram.org/bot8756837734:AAH1IvNHQToW1Lq0gd4Mai0IDC_qAVsFQgM/getUpdates "HTTP/1.1 200 OK"
2026-04-02 09:13:25,771 - httpx - INFO - HTTP Request: POST https://api.telegram.org/bot8756837734:AAH1IvNHQToW1Lq0gd4Mai0IDC_qAVsFQgM/getUpdates "HTTP/1.1 200 OK"
2026-04-02 09:13:35,974 - httpx - INFO - HTTP Request: POST https://api.telegram.org/bot8756837734:AAH1IvNHQToW1Lq0gd4Mai0IDC_qAVsFQgM/getUpdates "HTTP/1.1 200 OK"
2026-04-02 09:13:46,215 - httpx - INFO - HTTP Request: POST https://api.telegram.org/bot8756837734:AAH1IvNHQToW1Lq0gd4Mai0IDC_qAVsFQgM/getUpdates "HTTP/1.1 200 OK"
2026-04-02 09:13:56,445 - httpx - INFO - HTTP Request: POST https://api.telegram.org/bot8756837734:AAH1IvNHQToW1Lq0gd4Mai0IDC_qAVsFQgM/getUpdates "HTTP/1.1 200 OK"
2026-04-02 09:14:06,528 - httpx - INFO - HTTP Request: POST https://api.telegram.org/bot8756837734:AAH1IvNHQToW1Lq0gd4Mai0IDC_qAVsFQgM/getUpdates "HTTP/1.1 200 OK"
2026-04-02 09:14:16,600 - httpx - INFO - HTTP Request: POST https://api.telegram.org/bot8756837734:AAH1IvNHQToW1Lq0gd4Mai0IDC_qAVsFQgM/getUpdates "HTTP/1.1 200 OK"
2026-04-02 09:14:26,964 - httpx - INFO - HTTP Request: POST https://api.telegram.org/bot8756837734:AAH1IvNHQToW1Lq0gd4Mai0IDC_qAVsFQgM/getUpdates "HTTP/1.1 200 OK"
2026-04-02 09:14:37,505 - httpx - INFO - HTTP Request: POST https://api.telegram.org/bot8756837734:AAH1IvNHQToW1Lq0gd4Mai0IDC_qAVsFQgM/getUpdates "HTTP/1.1 200 OK"
2026-04-02 09:15:03,004 - httpx - INFO - HTTP Request: POST https://api.telegram.org/bot8756837734:AAH1IvNHQToW1Lq0gd4Mai0IDC_qAVsFQgM/getUpdates "HTTP/1.1 200 OK"
2026-04-02 09:15:13,105 - httpx - INFO - HTTP Request: POST https://api.telegram.org/bot8756837734:AAH1IvNHQToW1Lq0gd4Mai0IDC_qAVsFQgM/getUpdates "HTTP/1.1 200 OK"
2026-04-02 09:15:23,382 - httpx - INFO - HTTP Request: POST https://api.telegram.org/bot8756837734:AAH1IvNHQToW1Lq0gd4Mai0IDC_qAVsFQgM/getUpdates "HTTP/1.1 200 OK"
2026-04-02 09:15:33,825 - httpx - INFO - HTTP Request: POST https://api.telegram.org/bot8756837734:AAH1IvNHQToW1Lq0gd4Mai0IDC_qAVsFQgM/getUpdates "HTTP/1.1 200 OK"
2026-04-02 09:15:43,890 - httpx - INFO - HTTP Request: POST https://api.telegram.org/bot8756837734:AAH1IvNHQToW1Lq0gd4Mai0IDC_qAVsFQgM/getUpdates "HTTP/1.1 200 OK"
2026-04-02 09:15:54,001 - httpx - INFO - HTTP Request: POST https://api.telegram.org/bot8756837734:AAH1IvNHQToW1Lq0gd4Mai0IDC_qAVsFQgM/getUpdates "HTTP/1.1 200 OK"
2026-04-02 09:16:04,444 - httpx - INFO - HTTP Request: POST https://api.telegram.org/bot8756837734:AAH1IvNHQToW1Lq0gd4Mai0IDC_qAVsFQgM/getUpdates "HTTP/1.1 200 OK"
2026-04-02 09:16:15,097 - httpx - INFO - HTTP Request: POST https://api.telegram.org/bot8756837734:AAH1IvNHQToW1Lq0gd4Mai0IDC_qAVsFQgM/getUpdates "HTTP/1.1 200 OK"
2026-04-02 09:16:25,263 - httpx - INFO - HTTP Request: POST https://api.telegram.org/bot8756837734:AAH1IvNHQToW1Lq0gd4Mai0IDC_qAVsFQgM/getUpdates "HTTP/1.1 200 OK"
2026-04-02 09:16:35,472 - httpx - INFO - HTTP Request: POST https://api.telegram.org/bot8756837734:AAH1IvNHQToW1Lq0gd4Mai0IDC_qAVsFQgM/getUpdates "HTTP/1.1 200 OK"
2026-04-02 09:16:45,541 - httpx - INFO - HTTP Request: POST https://api.telegram.org/bot8756837734:AAH1IvNHQToW1Lq0gd4Mai0IDC_qAVsFQgM/getUpdates "HTTP/1.1 200 OK"
2026-04-02 09:16:55,651 - httpx - INFO - HTTP Request: POST https://api.telegram.org/bot8756837734:AAH1IvNHQToW1Lq0gd4Mai0IDC_qAVsFQgM/getUpdates "HTTP/1.1 200 OK"
2026-04-02 09:17:05,882 - httpx - INFO - HTTP Request: POST https://api.telegram.org/bot8756837734:AAH1IvNHQToW1Lq0gd4Mai0IDC_qAVsFQgM/getUpdates "HTTP/1.1 200 OK"
2026-04-02 09:17:15,963 - httpx - INFO - HTTP Request: POST https://api.telegram.org/bot8756837734:AAH1IvNHQToW1Lq0gd4Mai0IDC_qAVsFQgM/getUpdates "HTTP/1.1 200 OK"
2026-04-02 09:17:26,042 - httpx - INFO - HTTP Request: POST https://api.telegram.org/bot8756837734:AAH1IvNHQToW1Lq0gd4Mai0IDC_qAVsFQgM/getUpdates "HTTP/1.1 200 OK"
2026-04-02 09:17:36,711 - httpx - INFO - HTTP Request: POST https://api.telegram.org/bot8756837734:AAH1IvNHQToW1Lq0gd4Mai0IDC_qAVsFQgM/getUpdates "HTTP/1.1 200 OK"
2026-04-02 09:17:46,782 - httpx - INFO - HTTP Request: POST https://api.telegram.org/bot8756837734:AAH1IvNHQToW1Lq0gd4Mai0IDC_qAVsFQgM/getUpdates "HTTP/1.1 200 OK"
2026-04-02 09:17:56,858 - httpx - INFO - HTTP Request: POST https://api.telegram.org/bot8756837734:AAH1IvNHQToW1Lq0gd4Mai0IDC_qAVsFQgM/getUpdates "HTTP/1.1 200 OK"
2026-04-02 09:18:06,946 - httpx - INFO - HTTP Request: POST https://api.telegram.org/bot8756837734:AAH1IvNHQToW1Lq0gd4Mai0IDC_qAVsFQgM/getUpdates "HTTP/1.1 200 OK"
2026-04-02 09:18:17,018 - httpx - INFO - HTTP Request: POST https://api.telegram.org/bot8756837734:AAH1IvNHQToW1Lq0gd4Mai0IDC_qAVsFQgM/getUpdates "HTTP/1.1 200 OK"
2026-04-02 09:18:27,165 - httpx - INFO - HTTP Request: POST https://api.telegram.org/bot8756837734:AAH1IvNHQToW1Lq0gd4Mai0IDC_qAVsFQgM/getUpdates "HTTP/1.1 200 OK"
2026-04-02 09:18:37,530 - httpx - INFO - HTTP Request: POST https://api.telegram.org/bot8756837734:AAH1IvNHQToW1Lq0gd4Mai0IDC_qAVsFQgM/getUpdates "HTTP/1.1 200 OK"
2026-04-02 09:18:48,079 - httpx - INFO - HTTP Request: POST https://api.telegram.org/bot8756837734:AAH1IvNHQToW1Lq0gd4Mai0IDC_qAVsFQgM/getUpdates "HTTP/1.1 200 OK"
2026-04-02 09:18:58,833 - httpx - INFO - HTTP Request: POST https://api.telegram.org/bot8756837734:AAH1IvNHQToW1Lq0gd4Mai0IDC_qAVsFQgM/getUpdates "HTTP/1.1 200 OK"
2026-04-02 09:19:09,071 - httpx - INFO - HTTP Request: POST https://api.telegram.org/bot8756837734:AAH1IvNHQToW1Lq0gd4Mai0IDC_qAVsFQgM/getUpdates "HTTP/1.1 200 OK"
2026-04-02 09:19:19,313 - httpx - INFO - HTTP Request: POST https://api.telegram.org/bot8756837734:AAH1IvNHQToW1Lq0gd4Mai0IDC_qAVsFQgM/getUpdates "HTTP/1.1 200 OK"
2026-04-02 09:19:29,549 - httpx - INFO - HTTP Request: POST https://api.telegram.org/bot8756837734:AAH1IvNHQToW1Lq0gd4Mai0IDC_qAVsFQgM/getUpdates "HTTP/1.1 200 OK"
2026-04-02 09:19:39,632 - httpx - INFO - HTTP Request: POST https://api.telegram.org/bot8756837734:AAH1IvNHQToW1Lq0gd4Mai0IDC_qAVsFQgM/getUpdates "HTTP/1.1 200 OK"
2026-04-02 09:19:50,481 - httpx - INFO - HTTP Request: POST https://api.telegram.org/bot8756837734:AAH1IvNHQToW1Lq0gd4Mai0IDC_qAVsFQgM/getUpdates "HTTP/1.1 200 OK"
2026-04-02 09:20:00,887 - httpx - INFO - HTTP Request: POST https://api.telegram.org/bot8756837734:AAH1IvNHQToW1Lq0gd4Mai0IDC_qAVsFQgM/getUpdates "HTTP/1.1 200 OK"
2026-04-02 09:20:11,538 - httpx - INFO - HTTP Request: POST https://api.telegram.org/bot8756837734:AAH1IvNHQToW1Lq0gd4Mai0IDC_qAVsFQgM/getUpdates "HTTP/1.1 200 OK"
2026-04-02 09:20:21,643 - httpx - INFO - HTTP Request: POST https://api.telegram.org/bot8756837734:AAH1IvNHQToW1Lq0gd4Mai0IDC_qAVsFQgM/getUpdates "HTTP/1.1 200 OK"
2026-04-02 09:20:32,115 - httpx - INFO - HTTP Request: POST https://api.telegram.org/bot8756837734:AAH1IvNHQToW1Lq0gd4Mai0IDC_qAVsFQgM/getUpdates "HTTP/1.1 200 OK"
2026-04-02 09:20:42,216 - httpx - INFO - HTTP Request: POST https://api.telegram.org/bot8756837734:AAH1IvNHQToW1Lq0gd4Mai0IDC_qAVsFQgM/getUpdates "HTTP/1.1 200 OK"
2026-04-02 09:20:52,296 - httpx - INFO - HTTP Request: POST https://api.telegram.org/bot8756837734:AAH1IvNHQToW1Lq0gd4Mai0IDC_qAVsFQgM/getUpdates "HTTP/1.1 200 OK"
2026-04-02 09:21:02,435 - httpx - INFO - HTTP Request: POST https://api.telegram.org/bot8756837734:AAH1IvNHQToW1Lq0gd4Mai0IDC_qAVsFQgM/getUpdates "HTTP/1.1 200 OK"
2026-04-02 09:21:12,635 - httpx - INFO - HTTP Request: POST https://api.telegram.org/bot8756837734:AAH1IvNHQToW1Lq0gd4Mai0IDC_qAVsFQgM/getUpdates "HTTP/1.1 200 OK"
2026-04-02 09:21:22,919 - httpx - INFO - HTTP Request: POST https://api.telegram.org/bot8756837734:AAH1IvNHQToW1Lq0gd4Mai0IDC_qAVsFQgM/getUpdates "HTTP/1.1 200 OK"
2026-04-02 09:21:33,018 - httpx - INFO - HTTP Request: POST https://api.telegram.org/bot8756837734:AAH1IvNHQToW1Lq0gd4Mai0IDC_qAVsFQgM/getUpdates "HTTP/1.1 200 OK"
2026-04-02 09:21:43,391 - httpx - INFO - HTTP Request: POST https://api.telegram.org/bot8756837734:AAH1IvNHQToW1Lq0gd4Mai0IDC_qAVsFQgM/getUpdates "HTTP/1.1 200 OK"
2026-04-02 09:21:53,641 - httpx - INFO - HTTP Request: POST https://api.telegram.org/bot8756837734:AAH1IvNHQToW1Lq0gd4Mai0IDC_qAVsFQgM/getUpdates "HTTP/1.1 200 OK"
2026-04-02 09:22:03,890 - httpx - INFO - HTTP Request: POST https://api.telegram.org/bot8756837734:AAH1IvNHQToW1Lq0gd4Mai0IDC_qAVsFQgM/getUpdates "HTTP/1.1 200 OK"
2026-04-02 09:22:14,038 - httpx - INFO - HTTP Request: POST https://api.telegram.org/bot8756837734:AAH1IvNHQToW1Lq0gd4Mai0IDC_qAVsFQgM/getUpdates "HTTP/1.1 200 OK"
2026-04-02 09:22:24,348 - httpx - INFO - HTTP Request: POST https://api.telegram.org/bot8756837734:AAH1IvNHQToW1Lq0gd4Mai0IDC_qAVsFQgM/getUpdates "HTTP/1.1 200 OK"
2026-04-02 09:22:34,487 - httpx - INFO - HTTP Request: POST https://api.telegram.org/bot8756837734:AAH1IvNHQToW1Lq0gd4Mai0IDC_qAVsFQgM/getUpdates "HTTP/1.1 200 OK"
2026-04-02 09:22:44,567 - httpx - INFO - HTTP Request: POST https://api.telegram.org/bot8756837734:AAH1IvNHQToW1Lq0gd4Mai0IDC_qAVsFQgM/getUpdates "HTTP/1.1 200 OK"
2026-04-02 09:22:54,648 - httpx - INFO - HTTP Request: POST https://api.telegram.org/bot8756837734:AAH1IvNHQToW1Lq0gd4Mai0IDC_qAVsFQgM/getUpdates "HTTP/1.1 200 OK"
2026-04-02 09:23:04,900 - httpx - INFO - HTTP Request: POST https://api.telegram.org/bot8756837734:AAH1IvNHQToW1Lq0gd4Mai0IDC_qAVsFQgM/getUpdates "HTTP/1.1 200 OK"
2026-04-02 09:23:15,033 - httpx - INFO - HTTP Request: POST https://api.telegram.org/bot8756837734:AAH1IvNHQToW1Lq0gd4Mai0IDC_qAVsFQgM/getUpdates "HTTP/1.1 200 OK"
2026-04-02 09:23:25,155 - httpx - INFO - HTTP Request: POST https://api.telegram.org/bot8756837734:AAH1IvNHQToW1Lq0gd4Mai0IDC_qAVsFQgM/getUpdates "HTTP/1.1 200 OK"
2026-04-02 09:23:35,228 - httpx - INFO - HTTP Request: POST https://api.telegram.org/bot8756837734:AAH1IvNHQToW1Lq0gd4Mai0IDC_qAVsFQgM/getUpdates "HTTP/1.1 200 OK"
2026-04-02 09:23:45,344 - httpx - INFO - HTTP Request: POST https://api.telegram.org/bot8756837734:AAH1IvNHQToW1Lq0gd4Mai0IDC_qAVsFQgM/getUpdates "HTTP/1.1 200 OK"
2026-04-02 09:23:55,452 - httpx - INFO - HTTP Request: POST https://api.telegram.org/bot8756837734:AAH1IvNHQToW1Lq0gd4Mai0IDC_qAVsFQgM/getUpdates "HTTP/1.1 200 OK"
2026-04-02 09:24:05,647 - httpx - INFO - HTTP Request: POST https://api.telegram.org/bot8756837734:AAH1IvNHQToW1Lq0gd4Mai0IDC_qAVsFQgM/getUpdates "HTTP/1.1 200 OK"
2026-04-02 09:24:15,734 - httpx - INFO - HTTP Request: POST https://api.telegram.org/bot8756837734:AAH1IvNHQToW1Lq0gd4Mai0IDC_qAVsFQgM/getUpdates "HTTP/1.1 200 OK"
2026-04-02 09:24:25,828 - httpx - INFO - HTTP Request: POST https://api.telegram.org/bot8756837734:AAH1IvNHQToW1Lq0gd4Mai0IDC_qAVsFQgM/getUpdates "HTTP/1.1 200 OK"
2026-04-02 09:24:35,935 - httpx - INFO - HTTP Request: POST https://api.telegram.org/bot8756837734:AAH1IvNHQToW1Lq0gd4Mai0IDC_qAVsFQgM/getUpdates "HTTP/1.1 200 OK"
2026-04-02 09:24:46,389 - httpx - INFO - HTTP Request: POST https://api.telegram.org/bot8756837734:AAH1IvNHQToW1Lq0gd4Mai0IDC_qAVsFQgM/getUpdates "HTTP/1.1 200 OK"
2026-04-02 09:24:56,603 - httpx - INFO - HTTP Request: POST https://api.telegram.org/bot8756837734:AAH1IvNHQToW1Lq0gd4Mai0IDC_qAVsFQgM/getUpdates "HTTP/1.1 200 OK"
2026-04-02 09:25:06,751 - httpx - INFO - HTTP Request: POST https://api.telegram.org/bot8756837734:AAH1IvNHQToW1Lq0gd4Mai0IDC_qAVsFQgM/getUpdates "HTTP/1.1 200 OK"
2026-04-02 09:25:16,824 - httpx - INFO - HTTP Request: POST https://api.telegram.org/bot8756837734:AAH1IvNHQToW1Lq0gd4Mai0IDC_qAVsFQgM/getUpdates "HTTP/1.1 200 OK"
2026-04-02 09:25:26,933 - httpx - INFO - HTTP Request: POST https://api.telegram.org/bot8756837734:AAH1IvNHQToW1Lq0gd4Mai0IDC_qAVsFQgM/getUpdates "HTTP/1.1 200 OK"
2026-04-02 09:25:37,023 - httpx - INFO - HTTP Request: POST https://api.telegram.org/bot8756837734:AAH1IvNHQToW1Lq0gd4Mai0IDC_qAVsFQgM/getUpdates "HTTP/1.1 200 OK"
2026-04-02 09:25:47,200 - httpx - INFO - HTTP Request: POST https://api.telegram.org/bot8756837734:AAH1IvNHQToW1Lq0gd4Mai0IDC_qAVsFQgM/getUpdates "HTTP/1.1 200 OK"
2026-04-02 09:25:57,295 - httpx - INFO - HTTP Request: POST https://api.telegram.org/bot8756837734:AAH1IvNHQToW1Lq0gd4Mai0IDC_qAVsFQgM/getUpdates "HTTP/1.1 200 OK"
2026-04-02 09:26:07,380 - httpx - INFO - HTTP Request: POST https://api.telegram.org/bot8756837734:AAH1IvNHQToW1Lq0gd4Mai0IDC_qAVsFQgM/getUpdates "HTTP/1.1 200 OK"
2026-04-02 09:26:17,510 - httpx - INFO - HTTP Request: POST https://api.telegram.org/bot8756837734:AAH1IvNHQToW1Lq0gd4Mai0IDC_qAVsFQgM/getUpdates "HTTP/1.1 200 OK"
2026-04-02 09:26:27,653 - httpx - INFO - HTTP Request: POST https://api.telegram.org/bot8756837734:AAH1IvNHQToW1Lq0gd4Mai0IDC_qAVsFQgM/getUpdates "HTTP/1.1 200 OK"
2026-04-02 09:26:37,731 - httpx - INFO - HTTP Request: POST https://api.telegram.org/bot8756837734:AAH1IvNHQToW1Lq0gd4Mai0IDC_qAVsFQgM/getUpdates "HTTP/1.1 200 OK"
2026-04-02 09:26:47,826 - httpx - INFO - HTTP Request: POST https://api.telegram.org/bot8756837734:AAH1IvNHQToW1Lq0gd4Mai0IDC_qAVsFQgM/getUpdates "HTTP/1.1 200 OK"
2026-04-02 09:26:57,960 - httpx - INFO - HTTP Request: POST https://api.telegram.org/bot8756837734:AAH1IvNHQToW1Lq0gd4Mai0IDC_qAVsFQgM/getUpdates "HTTP/1.1 200 OK"
2026-04-02 09:27:08,047 - httpx - INFO - HTTP Request: POST https://api.telegram.org/bot8756837734:AAH1IvNHQToW1Lq0gd4Mai0IDC_qAVsFQgM/getUpdates "HTTP/1.1 200 OK"
2026-04-02 09:27:18,235 - httpx - INFO - HTTP Request: POST https://api.telegram.org/bot8756837734:AAH1IvNHQToW1Lq0gd4Mai0IDC_qAVsFQgM/getUpdates "HTTP/1.1 200 OK"
2026-04-02 09:27:28,483 - httpx - INFO - HTTP Request: POST https://api.telegram.org/bot8756837734:AAH1IvNHQToW1Lq0gd4Mai0IDC_qAVsFQgM/getUpdates "HTTP/1.1 200 OK"
2026-04-02 09:27:38,601 - httpx - INFO - HTTP Request: POST https://api.telegram.org/bot8756837734:AAH1IvNHQToW1Lq0gd4Mai0IDC_qAVsFQgM/getUpdates "HTTP/1.1 200 OK"
2026-04-02 09:27:48,752 - httpx - INFO - HTTP Request: POST https://api.telegram.org/bot8756837734:AAH1IvNHQToW1Lq0gd4Mai0IDC_qAVsFQgM/getUpdates "HTTP/1.1 200 OK"
2026-04-02 09:27:58,891 - httpx - INFO - HTTP Request: POST https://api.telegram.org/bot8756837734:AAH1IvNHQToW1Lq0gd4Mai0IDC_qAVsFQgM/getUpdates "HTTP/1.1 200 OK"
2026-04-02 09:28:09,030 - httpx - INFO - HTTP Request: POST https://api.telegram.org/bot8756837734:AAH1IvNHQToW1Lq0gd4Mai0IDC_qAVsFQgM/getUpdates "HTTP/1.1 200 OK"
2026-04-02 09:28:19,128 - httpx - INFO - HTTP Request: POST https://api.telegram.org/bot8756837734:AAH1IvNHQToW1Lq0gd4Mai0IDC_qAVsFQgM/getUpdates "HTTP/1.1 200 OK"
2026-04-02 09:28:29,503 - httpx - INFO - HTTP Request: POST https://api.telegram.org/bot8756837734:AAH1IvNHQToW1Lq0gd4Mai0IDC_qAVsFQgM/getUpdates "HTTP/1.1 200 OK"
2026-04-02 09:28:39,743 - httpx - INFO - HTTP Request: POST https://api.telegram.org/bot8756837734:AAH1IvNHQToW1Lq0gd4Mai0IDC_qAVsFQgM/getUpdates "HTTP/1.1 200 OK"
2026-04-02 09:28:50,114 - httpx - INFO - HTTP Request: POST https://api.telegram.org/bot8756837734:AAH1IvNHQToW1Lq0gd4Mai0IDC_qAVsFQgM/getUpdates "HTTP/1.1 200 OK"
2026-04-02 09:29:00,490 - httpx - INFO - HTTP Request: POST https://api.telegram.org/bot8756837734:AAH1IvNHQToW1Lq0gd4Mai0IDC_qAVsFQgM/getUpdates "HTTP/1.1 200 OK"
2026-04-02 09:29:10,670 - httpx - INFO - HTTP Request: POST https://api.telegram.org/bot8756837734:AAH1IvNHQToW1Lq0gd4Mai0IDC_qAVsFQgM/getUpdates "HTTP/1.1 200 OK"
2026-04-02 09:29:20,806 - httpx - INFO - HTTP Request: POST https://api.telegram.org/bot8756837734:AAH1IvNHQToW1Lq0gd4Mai0IDC_qAVsFQgM/getUpdates "HTTP/1.1 200 OK"
2026-04-02 09:29:31,469 - httpx - INFO - HTTP Request: POST https://api.telegram.org/bot8756837734:AAH1IvNHQToW1Lq0gd4Mai0IDC_qAVsFQgM/getUpdates "HTTP/1.1 200 OK"
2026-04-02 09:29:41,738 - httpx - INFO - HTTP Request: POST https://api.telegram.org/bot8756837734:AAH1IvNHQToW1Lq0gd4Mai0IDC_qAVsFQgM/getUpdates "HTTP/1.1 200 OK"
2026-04-02 09:29:52,357 - httpx - INFO - HTTP Request: POST https://api.telegram.org/bot8756837734:AAH1IvNHQToW1Lq0gd4Mai0IDC_qAVsFQgM/getUpdates "HTTP/1.1 200 OK"
2026-04-02 09:30:02,488 - httpx - INFO - HTTP Request: POST https://api.telegram.org/bot8756837734:AAH1IvNHQToW1Lq0gd4Mai0IDC_qAVsFQgM/getUpdates "HTTP/1.1 200 OK"
2026-04-02 09:30:12,573 - httpx - INFO - HTTP Request: POST https://api.telegram.org/bot8756837734:AAH1IvNHQToW1Lq0gd4Mai0IDC_qAVsFQgM/getUpdates "HTTP/1.1 200 OK"
2026-04-02 09:30:22,969 - httpx - INFO - HTTP Request: POST https://api.telegram.org/bot8756837734:AAH1IvNHQToW1Lq0gd4Mai0IDC_qAVsFQgM/getUpdates "HTTP/1.1 200 OK"
2026-04-02 09:30:33,062 - httpx - INFO - HTTP Request: POST https://api.telegram.org/bot8756837734:AAH1IvNHQToW1Lq0gd4Mai0IDC_qAVsFQgM/getUpdates "HTTP/1.1 200 OK"
2026-04-02 09:30:43,449 - httpx - INFO - HTTP Request: POST https://api.telegram.org/bot8756837734:AAH1IvNHQToW1Lq0gd4Mai0IDC_qAVsFQgM/getUpdates "HTTP/1.1 200 OK"
2026-04-02 09:30:53,646 - httpx - INFO - HTTP Request: POST https://api.telegram.org/bot8756837734:AAH1IvNHQToW1Lq0gd4Mai0IDC_qAVsFQgM/getUpdates "HTTP/1.1 200 OK"
2026-04-02 09:31:04,135 - httpx - INFO - HTTP Request: POST https://api.telegram.org/bot8756837734:AAH1IvNHQToW1Lq0gd4Mai0IDC_qAVsFQgM/getUpdates "HTTP/1.1 200 OK"
2026-04-02 09:31:14,483 - httpx - INFO - HTTP Request: POST https://api.telegram.org/bot8756837734:AAH1IvNHQToW1Lq0gd4Mai0IDC_qAVsFQgM/getUpdates "HTTP/1.1 200 OK"
2026-04-02 09:31:24,646 - httpx - INFO - HTTP Request: POST https://api.telegram.org/bot8756837734:AAH1IvNHQToW1Lq0gd4Mai0IDC_qAVsFQgM/getUpdates "HTTP/1.1 200 OK"
2026-04-02 09:31:34,957 - httpx - INFO - HTTP Request: POST https://api.telegram.org/bot8756837734:AAH1IvNHQToW1Lq0gd4Mai0IDC_qAVsFQgM/getUpdates "HTTP/1.1 200 OK"
2026-04-02 09:31:45,302 - httpx - INFO - HTTP Request: POST https://api.telegram.org/bot8756837734:AAH1IvNHQToW1Lq0gd4Mai0IDC_qAVsFQgM/getUpdates "HTTP/1.1 200 OK"
2026-04-02 09:31:55,465 - httpx - INFO - HTTP Request: POST https://api.telegram.org/bot8756837734:AAH1IvNHQToW1Lq0gd4Mai0IDC_qAVsFQgM/getUpdates "HTTP/1.1 200 OK"
2026-04-02 09:32:05,984 - httpx - INFO - HTTP Request: POST https://api.telegram.org/bot8756837734:AAH1IvNHQToW1Lq0gd4Mai0IDC_qAVsFQgM/getUpdates "HTTP/1.1 200 OK"
2026-04-02 09:32:16,066 - httpx - INFO - HTTP Request: POST https://api.telegram.org/bot8756837734:AAH1IvNHQToW1Lq0gd4Mai0IDC_qAVsFQgM/getUpdates "HTTP/1.1 200 OK"
2026-04-02 09:32:26,164 - httpx - INFO - HTTP Request: POST https://api.telegram.org/bot8756837734:AAH1IvNHQToW1Lq0gd4Mai0IDC_qAVsFQgM/getUpdates "HTTP/1.1 200 OK"
2026-04-02 09:32:36,397 - httpx - INFO - HTTP Request: POST https://api.telegram.org/bot8756837734:AAH1IvNHQToW1Lq0gd4Mai0IDC_qAVsFQgM/getUpdates "HTTP/1.1 200 OK"
2026-04-02 09:32:46,643 - httpx - INFO - HTTP Request: POST https://api.telegram.org/bot8756837734:AAH1IvNHQToW1Lq0gd4Mai0IDC_qAVsFQgM/getUpdates "HTTP/1.1 200 OK"
2026-04-02 09:32:56,878 - httpx - INFO - HTTP Request: POST https://api.telegram.org/bot8756837734:AAH1IvNHQToW1Lq0gd4Mai0IDC_qAVsFQgM/getUpdates "HTTP/1.1 200 OK"
2026-04-02 09:33:07,125 - httpx - INFO - HTTP Request: POST https://api.telegram.org/bot8756837734:AAH1IvNHQToW1Lq0gd4Mai0IDC_qAVsFQgM/getUpdates "HTTP/1.1 200 OK"
2026-04-02 09:33:17,358 - httpx - INFO - HTTP Request: POST https://api.telegram.org/bot8756837734:AAH1IvNHQToW1Lq0gd4Mai0IDC_qAVsFQgM/getUpdates "HTTP/1.1 200 OK"
2026-04-02 09:33:27,713 - httpx - INFO - HTTP Request: POST https://api.telegram.org/bot8756837734:AAH1IvNHQToW1Lq0gd4Mai0IDC_qAVsFQgM/getUpdates "HTTP/1.1 200 OK"
2026-04-02 09:33:37,833 - httpx - INFO - HTTP Request: POST https://api.telegram.org/bot8756837734:AAH1IvNHQToW1Lq0gd4Mai0IDC_qAVsFQgM/getUpdates "HTTP/1.1 200 OK"
2026-04-02 09:33:48,080 - httpx - INFO - HTTP Request: POST https://api.telegram.org/bot8756837734:AAH1IvNHQToW1Lq0gd4Mai0IDC_qAVsFQgM/getUpdates "HTTP/1.1 200 OK"
2026-04-02 09:33:58,325 - httpx - INFO - HTTP Request: POST https://api.telegram.org/bot8756837734:AAH1IvNHQToW1Lq0gd4Mai0IDC_qAVsFQgM/getUpdates "HTTP/1.1 200 OK"
2026-04-02 09:34:08,409 - httpx - INFO - HTTP Request: POST https://api.telegram.org/bot8756837734:AAH1IvNHQToW1Lq0gd4Mai0IDC_qAVsFQgM/getUpdates "HTTP/1.1 200 OK"
2026-04-02 09:34:18,659 - httpx - INFO - HTTP Request: POST https://api.telegram.org/bot8756837734:AAH1IvNHQToW1Lq0gd4Mai0IDC_qAVsFQgM/getUpdates "HTTP/1.1 200 OK"
2026-04-02 09:34:28,770 - httpx - INFO - HTTP Request: POST https://api.telegram.org/bot8756837734:AAH1IvNHQToW1Lq0gd4Mai0IDC_qAVsFQgM/getUpdates "HTTP/1.1 200 OK"
2026-04-02 09:37:04,408 - telegram.ext.Application - ERROR - No error handlers are registered, logging exception.
Traceback (most recent call last):
  File "/Users/zumrudsahverdieva/mrkbot/.venv/lib/python3.9/site-packages/httpx/_transports/default.py", line 101, in map_httpcore_exceptions
    yield
  File "/Users/zumrudsahverdieva/mrkbot/.venv/lib/python3.9/site-packages/httpx/_transports/default.py", line 394, in handle_async_request
    resp = await self._pool.handle_async_request(req)
  File "/Users/zumrudsahverdieva/mrkbot/.venv/lib/python3.9/site-packages/httpcore/_async/connection_pool.py", line 256, in handle_async_request
    raise exc from None
  File "/Users/zumrudsahverdieva/mrkbot/.venv/lib/python3.9/site-packages/httpcore/_async/connection_pool.py", line 236, in handle_async_request
    response = await connection.handle_async_request(
  File "/Users/zumrudsahverdieva/mrkbot/.venv/lib/python3.9/site-packages/httpcore/_async/connection.py", line 101, in handle_async_request
    raise exc
  File "/Users/zumrudsahverdieva/mrkbot/.venv/lib/python3.9/site-packages/httpcore/_async/connection.py", line 78, in handle_async_request
    stream = await self._connect(request)
  File "/Users/zumrudsahverdieva/mrkbot/.venv/lib/python3.9/site-packages/httpcore/_async/connection.py", line 124, in _connect
    stream = await self._network_backend.connect_tcp(**kwargs)
  File "/Users/zumrudsahverdieva/mrkbot/.venv/lib/python3.9/site-packages/httpcore/_backends/auto.py", line 31, in connect_tcp
    return await self._backend.connect_tcp(
  File "/Users/zumrudsahverdieva/mrkbot/.venv/lib/python3.9/site-packages/httpcore/_backends/anyio.py", line 122, in connect_tcp
    stream._raw_socket.setsockopt(*option)  # type: ignore[attr-defined] # pragma: no cover
  File "/Library/Developer/CommandLineTools/Library/Frameworks/Python3.framework/Versions/3.9/lib/python3.9/contextlib.py", line 135, in __exit__
    self.gen.throw(type, value, traceback)
  File "/Users/zumrudsahverdieva/mrkbot/.venv/lib/python3.9/site-packages/httpcore/_exceptions.py", line 14, in map_exceptions
    raise to_exc(exc) from exc
httpcore.ConnectError: [Errno 8] nodename nor servname provided, or not known

The above exception was the direct cause of the following exception:

Traceback (most recent call last):
  File "/Users/zumrudsahverdieva/mrkbot/.venv/lib/python3.9/site-packages/telegram/request/_httpxrequest.py", line 279, in do_request
    res = await self._client.request(
  File "/Users/zumrudsahverdieva/mrkbot/.venv/lib/python3.9/site-packages/httpx/_client.py", line 1540, in request
    return await self.send(request, auth=auth, follow_redirects=follow_redirects)
  File "/Users/zumrudsahverdieva/mrkbot/.venv/lib/python3.9/site-packages/httpx/_client.py", line 1629, in send
    response = await self._send_handling_auth(
  File "/Users/zumrudsahverdieva/mrkbot/.venv/lib/python3.9/site-packages/httpx/_client.py", line 1657, in _send_handling_auth
    response = await self._send_handling_redirects(
  File "/Users/zumrudsahverdieva/mrkbot/.venv/lib/python3.9/site-packages/httpx/_client.py", line 1694, in _send_handling_redirects
    response = await self._send_single_request(request)
  File "/Users/zumrudsahverdieva/mrkbot/.venv/lib/python3.9/site-packages/httpx/_client.py", line 1730, in _send_single_request
    response = await transport.handle_async_request(request)
  File "/Users/zumrudsahverdieva/mrkbot/.venv/lib/python3.9/site-packages/httpx/_transports/default.py", line 394, in handle_async_request
    resp = await self._pool.handle_async_request(req)
  File "/Library/Developer/CommandLineTools/Library/Frameworks/Python3.framework/Versions/3.9/lib/python3.9/contextlib.py", line 135, in __exit__
    self.gen.throw(type, value, traceback)
  File "/Users/zumrudsahverdieva/mrkbot/.venv/lib/python3.9/site-packages/httpx/_transports/default.py", line 118, in map_httpcore_exceptions
    raise mapped_exc(message) from exc
httpx.ConnectError: [Errno 8] nodename nor servname provided, or not known

The above exception was the direct cause of the following exception:

Traceback (most recent call last):
  File "/Users/zumrudsahverdieva/mrkbot/.venv/lib/python3.9/site-packages/telegram/ext/_utils/networkloop.py", line 134, in network_retry_loop
    await do_action()
  File "/Users/zumrudsahverdieva/mrkbot/.venv/lib/python3.9/site-packages/telegram/ext/_utils/networkloop.py", line 127, in do_action
    action_cb_task.result()
  File "/Users/zumrudsahverdieva/mrkbot/.venv/lib/python3.9/site-packages/telegram/ext/_updater.py", line 340, in polling_action_cb
    updates = await self.bot.get_updates(
  File "/Users/zumrudsahverdieva/mrkbot/.venv/lib/python3.9/site-packages/telegram/ext/_extbot.py", line 676, in get_updates
    updates = await super().get_updates(
  File "/Users/zumrudsahverdieva/mrkbot/.venv/lib/python3.9/site-packages/telegram/_bot.py", line 4780, in get_updates
    await self._post(
  File "/Users/zumrudsahverdieva/mrkbot/.venv/lib/python3.9/site-packages/telegram/_bot.py", line 703, in _post
    return await self._do_post(
  File "/Users/zumrudsahverdieva/mrkbot/.venv/lib/python3.9/site-packages/telegram/ext/_extbot.py", line 372, in _do_post
    return await super()._do_post(
  File "/Users/zumrudsahverdieva/mrkbot/.venv/lib/python3.9/site-packages/telegram/_bot.py", line 732, in _do_post
    result = await request.post(
  File "/Users/zumrudsahverdieva/mrkbot/.venv/lib/python3.9/site-packages/telegram/request/_baserequest.py", line 198, in post
    result = await self._request_wrapper(
  File "/Users/zumrudsahverdieva/mrkbot/.venv/lib/python3.9/site-packages/telegram/request/_baserequest.py", line 305, in _request_wrapper
    code, payload = await self.do_request(
  File "/Users/zumrudsahverdieva/mrkbot/.venv/lib/python3.9/site-packages/telegram/request/_httpxrequest.py", line 303, in do_request
    raise NetworkError(f"httpx.{err.__class__.__name__}: {err}") from err
telegram.error.NetworkError: httpx.ConnectError: [Errno 8] nodename nor servname provided, or not known
2026-04-02 09:37:05,417 - telegram.ext.Application - ERROR - No error handlers are registered, logging exception.
Traceback (most recent call last):
  File "/Users/zumrudsahverdieva/mrkbot/.venv/lib/python3.9/site-packages/httpx/_transports/default.py", line 101, in map_httpcore_exceptions
    yield
  File "/Users/zumrudsahverdieva/mrkbot/.venv/lib/python3.9/site-packages/httpx/_transports/default.py", line 394, in handle_async_request
    resp = await self._pool.handle_async_request(req)
  File "/Users/zumrudsahverdieva/mrkbot/.venv/lib/python3.9/site-packages/httpcore/_async/connection_pool.py", line 256, in handle_async_request
    raise exc from None
  File "/Users/zumrudsahverdieva/mrkbot/.venv/lib/python3.9/site-packages/httpcore/_async/connection_pool.py", line 236, in handle_async_request
    response = await connection.handle_async_request(
  File "/Users/zumrudsahverdieva/mrkbot/.venv/lib/python3.9/site-packages/httpcore/_async/connection.py", line 101, in handle_async_request
    raise exc
  File "/Users/zumrudsahverdieva/mrkbot/.venv/lib/python3.9/site-packages/httpcore/_async/connection.py", line 78, in handle_async_request
    stream = await self._connect(request)
  File "/Users/zumrudsahverdieva/mrkbot/.venv/lib/python3.9/site-packages/httpcore/_async/connection.py", line 124, in _connect
    stream = await self._network_backend.connect_tcp(**kwargs)
  File "/Users/zumrudsahverdieva/mrkbot/.venv/lib/python3.9/site-packages/httpcore/_backends/auto.py", line 31, in connect_tcp
    return await self._backend.connect_tcp(
  File "/Users/zumrudsahverdieva/mrkbot/.venv/lib/python3.9/site-packages/httpcore/_backends/anyio.py", line 122, in connect_tcp
    stream._raw_socket.setsockopt(*option)  # type: ignore[attr-defined] # pragma: no cover
  File "/Library/Developer/CommandLineTools/Library/Frameworks/Python3.framework/Versions/3.9/lib/python3.9/contextlib.py", line 135, in __exit__
    self.gen.throw(type, value, traceback)
  File "/Users/zumrudsahverdieva/mrkbot/.venv/lib/python3.9/site-packages/httpcore/_exceptions.py", line 14, in map_exceptions
    raise to_exc(exc) from exc
httpcore.ConnectError: [Errno 8] nodename nor servname provided, or not known

The above exception was the direct cause of the following exception:

Traceback (most recent call last):
  File "/Users/zumrudsahverdieva/mrkbot/.venv/lib/python3.9/site-packages/telegram/request/_httpxrequest.py", line 279, in do_request
    res = await self._client.request(
  File "/Users/zumrudsahverdieva/mrkbot/.venv/lib/python3.9/site-packages/httpx/_client.py", line 1540, in request
    return await self.send(request, auth=auth, follow_redirects=follow_redirects)
  File "/Users/zumrudsahverdieva/mrkbot/.venv/lib/python3.9/site-packages/httpx/_client.py", line 1629, in send
    response = await self._send_handling_auth(
  File "/Users/zumrudsahverdieva/mrkbot/.venv/lib/python3.9/site-packages/httpx/_client.py", line 1657, in _send_handling_auth
    response = await self._send_handling_redirects(
  File "/Users/zumrudsahverdieva/mrkbot/.venv/lib/python3.9/site-packages/httpx/_client.py", line 1694, in _send_handling_redirects
    response = await self._send_single_request(request)
  File "/Users/zumrudsahverdieva/mrkbot/.venv/lib/python3.9/site-packages/httpx/_client.py", line 1730, in _send_single_request
    response = await transport.handle_async_request(request)
  File "/Users/zumrudsahverdieva/mrkbot/.venv/lib/python3.9/site-packages/httpx/_transports/default.py", line 394, in handle_async_request
    resp = await self._pool.handle_async_request(req)
  File "/Library/Developer/CommandLineTools/Library/Frameworks/Python3.framework/Versions/3.9/lib/python3.9/contextlib.py", line 135, in __exit__
    self.gen.throw(type, value, traceback)
  File "/Users/zumrudsahverdieva/mrkbot/.venv/lib/python3.9/site-packages/httpx/_transports/default.py", line 118, in map_httpcore_exceptions
    raise mapped_exc(message) from exc
httpx.ConnectError: [Errno 8] nodename nor servname provided, or not known

The above exception was the direct cause of the following exception:

Traceback (most recent call last):
  File "/Users/zumrudsahverdieva/mrkbot/.venv/lib/python3.9/site-packages/telegram/ext/_utils/networkloop.py", line 134, in network_retry_loop
    await do_action()
  File "/Users/zumrudsahverdieva/mrkbot/.venv/lib/python3.9/site-packages/telegram/ext/_utils/networkloop.py", line 127, in do_action
    action_cb_task.result()
  File "/Users/zumrudsahverdieva/mrkbot/.venv/lib/python3.9/site-packages/telegram/ext/_updater.py", line 340, in polling_action_cb
    updates = await self.bot.get_updates(
  File "/Users/zumrudsahverdieva/mrkbot/.venv/lib/python3.9/site-packages/telegram/ext/_extbot.py", line 676, in get_updates
    updates = await super().get_updates(
  File "/Users/zumrudsahverdieva/mrkbot/.venv/lib/python3.9/site-packages/telegram/_bot.py", line 4780, in get_updates
    await self._post(
  File "/Users/zumrudsahverdieva/mrkbot/.venv/lib/python3.9/site-packages/telegram/_bot.py", line 703, in _post
    return await self._do_post(
  File "/Users/zumrudsahverdieva/mrkbot/.venv/lib/python3.9/site-packages/telegram/ext/_extbot.py", line 372, in _do_post
    return await super()._do_post(
  File "/Users/zumrudsahverdieva/mrkbot/.venv/lib/python3.9/site-packages/telegram/_bot.py", line 732, in _do_post
    result = await request.post(
  File "/Users/zumrudsahverdieva/mrkbot/.venv/lib/python3.9/site-packages/telegram/request/_baserequest.py", line 198, in post
    result = await self._request_wrapper(
  File "/Users/zumrudsahverdieva/mrkbot/.venv/lib/python3.9/site-packages/telegram/request/_baserequest.py", line 305, in _request_wrapper
    code, payload = await self.do_request(
  File "/Users/zumrudsahverdieva/mrkbot/.venv/lib/python3.9/site-packages/telegram/request/_httpxrequest.py", line 303, in do_request
    raise NetworkError(f"httpx.{err.__class__.__name__}: {err}") from err
telegram.error.NetworkError: httpx.ConnectError: [Errno 8] nodename nor servname provided, or not known
2026-04-02 09:37:06,925 - telegram.ext.Application - ERROR - No error handlers are registered, logging exception.
Traceback (most recent call last):
  File "/Users/zumrudsahverdieva/mrkbot/.venv/lib/python3.9/site-packages/httpx/_transports/default.py", line 101, in map_httpcore_exceptions
    yield
  File "/Users/zumrudsahverdieva/mrkbot/.venv/lib/python3.9/site-packages/httpx/_transports/default.py", line 394, in handle_async_request
    resp = await self._pool.handle_async_request(req)
  File "/Users/zumrudsahverdieva/mrkbot/.venv/lib/python3.9/site-packages/httpcore/_async/connection_pool.py", line 256, in handle_async_request
    raise exc from None
  File "/Users/zumrudsahverdieva/mrkbot/.venv/lib/python3.9/site-packages/httpcore/_async/connection_pool.py", line 236, in handle_async_request
    response = await connection.handle_async_request(
  File "/Users/zumrudsahverdieva/mrkbot/.venv/lib/python3.9/site-packages/httpcore/_async/connection.py", line 101, in handle_async_request
    raise exc
  File "/Users/zumrudsahverdieva/mrkbot/.venv/lib/python3.9/site-packages/httpcore/_async/connection.py", line 78, in handle_async_request
    stream = await self._connect(request)
  File "/Users/zumrudsahverdieva/mrkbot/.venv/lib/python3.9/site-packages/httpcore/_async/connection.py", line 124, in _connect
    stream = await self._network_backend.connect_tcp(**kwargs)
  File "/Users/zumrudsahverdieva/mrkbot/.venv/lib/python3.9/site-packages/httpcore/_backends/auto.py", line 31, in connect_tcp
    return await self._backend.connect_tcp(
  File "/Users/zumrudsahverdieva/mrkbot/.venv/lib/python3.9/site-packages/httpcore/_backends/anyio.py", line 122, in connect_tcp
    stream._raw_socket.setsockopt(*option)  # type: ignore[attr-defined] # pragma: no cover
  File "/Library/Developer/CommandLineTools/Library/Frameworks/Python3.framework/Versions/3.9/lib/python3.9/contextlib.py", line 135, in __exit__
    self.gen.throw(type, value, traceback)
  File "/Users/zumrudsahverdieva/mrkbot/.venv/lib/python3.9/site-packages/httpcore/_exceptions.py", line 14, in map_exceptions
    raise to_exc(exc) from exc
httpcore.ConnectError: [Errno 8] nodename nor servname provided, or not known

The above exception was the direct cause of the following exception:

Traceback (most recent call last):
  File "/Users/zumrudsahverdieva/mrkbot/.venv/lib/python3.9/site-packages/telegram/request/_httpxrequest.py", line 279, in do_request
    res = await self._client.request(
  File "/Users/zumrudsahverdieva/mrkbot/.venv/lib/python3.9/site-packages/httpx/_client.py", line 1540, in request
    return await self.send(request, auth=auth, follow_redirects=follow_redirects)
  File "/Users/zumrudsahverdieva/mrkbot/.venv/lib/python3.9/site-packages/httpx/_client.py", line 1629, in send
    response = await self._send_handling_auth(
  File "/Users/zumrudsahverdieva/mrkbot/.venv/lib/python3.9/site-packages/httpx/_client.py", line 1657, in _send_handling_auth
    response = await self._send_handling_redirects(
  File "/Users/zumrudsahverdieva/mrkbot/.venv/lib/python3.9/site-packages/httpx/_client.py", line 1694, in _send_handling_redirects
    response = await self._send_single_request(request)
  File "/Users/zumrudsahverdieva/mrkbot/.venv/lib/python3.9/site-packages/httpx/_client.py", line 1730, in _send_single_request
    response = await transport.handle_async_request(request)
  File "/Users/zumrudsahverdieva/mrkbot/.venv/lib/python3.9/site-packages/httpx/_transports/default.py", line 394, in handle_async_request
    resp = await self._pool.handle_async_request(req)
  File "/Library/Developer/CommandLineTools/Library/Frameworks/Python3.framework/Versions/3.9/lib/python3.9/contextlib.py", line 135, in __exit__
    self.gen.throw(type, value, traceback)
  File "/Users/zumrudsahverdieva/mrkbot/.venv/lib/python3.9/site-packages/httpx/_transports/default.py", line 118, in map_httpcore_exceptions
    raise mapped_exc(message) from exc
httpx.ConnectError: [Errno 8] nodename nor servname provided, or not known

The above exception was the direct cause of the following exception:

Traceback (most recent call last):
  File "/Users/zumrudsahverdieva/mrkbot/.venv/lib/python3.9/site-packages/telegram/ext/_utils/networkloop.py", line 134, in network_retry_loop
    await do_action()
  File "/Users/zumrudsahverdieva/mrkbot/.venv/lib/python3.9/site-packages/telegram/ext/_utils/networkloop.py", line 127, in do_action
    action_cb_task.result()
  File "/Users/zumrudsahverdieva/mrkbot/.venv/lib/python3.9/site-packages/telegram/ext/_updater.py", line 340, in polling_action_cb
    updates = await self.bot.get_updates(
  File "/Users/zumrudsahverdieva/mrkbot/.venv/lib/python3.9/site-packages/telegram/ext/_extbot.py", line 676, in get_updates
    updates = await super().get_updates(
  File "/Users/zumrudsahverdieva/mrkbot/.venv/lib/python3.9/site-packages/telegram/_bot.py", line 4780, in get_updates
    await self._post(
  File "/Users/zumrudsahverdieva/mrkbot/.venv/lib/python3.9/site-packages/telegram/_bot.py", line 703, in _post
    return await self._do_post(
  File "/Users/zumrudsahverdieva/mrkbot/.venv/lib/python3.9/site-packages/telegram/ext/_extbot.py", line 372, in _do_post
    return await super()._do_post(
  File "/Users/zumrudsahverdieva/mrkbot/.venv/lib/python3.9/site-packages/telegram/_bot.py", line 732, in _do_post
    result = await request.post(
  File "/Users/zumrudsahverdieva/mrkbot/.venv/lib/python3.9/site-packages/telegram/request/_baserequest.py", line 198, in post
    result = await self._request_wrapper(
  File "/Users/zumrudsahverdieva/mrkbot/.venv/lib/python3.9/site-packages/telegram/request/_baserequest.py", line 305, in _request_wrapper
    code, payload = await self.do_request(
  File "/Users/zumrudsahverdieva/mrkbot/.venv/lib/python3.9/site-packages/telegram/request/_httpxrequest.py", line 303, in do_request
    raise NetworkError(f"httpx.{err.__class__.__name__}: {err}") from err
telegram.error.NetworkError: httpx.ConnectError: [Errno 8] nodename nor servname provided, or not known
2026-04-02 09:37:09,183 - telegram.ext.Application - ERROR - No error handlers are registered, logging exception.
Traceback (most recent call last):
  File "/Users/zumrudsahverdieva/mrkbot/.venv/lib/python3.9/site-packages/httpx/_transports/default.py", line 101, in map_httpcore_exceptions
    yield
  File "/Users/zumrudsahverdieva/mrkbot/.venv/lib/python3.9/site-packages/httpx/_transports/default.py", line 394, in handle_async_request
    resp = await self._pool.handle_async_request(req)
  File "/Users/zumrudsahverdieva/mrkbot/.venv/lib/python3.9/site-packages/httpcore/_async/connection_pool.py", line 256, in handle_async_request
    raise exc from None
  File "/Users/zumrudsahverdieva/mrkbot/.venv/lib/python3.9/site-packages/httpcore/_async/connection_pool.py", line 236, in handle_async_request
    response = await connection.handle_async_request(
  File "/Users/zumrudsahverdieva/mrkbot/.venv/lib/python3.9/site-packages/httpcore/_async/connection.py", line 101, in handle_async_request
    raise exc
  File "/Users/zumrudsahverdieva/mrkbot/.venv/lib/python3.9/site-packages/httpcore/_async/connection.py", line 78, in handle_async_request
    stream = await self._connect(request)
  File "/Users/zumrudsahverdieva/mrkbot/.venv/lib/python3.9/site-packages/httpcore/_async/connection.py", line 124, in _connect
    stream = await self._network_backend.connect_tcp(**kwargs)
  File "/Users/zumrudsahverdieva/mrkbot/.venv/lib/python3.9/site-packages/httpcore/_backends/auto.py", line 31, in connect_tcp
    return await self._backend.connect_tcp(
  File "/Users/zumrudsahverdieva/mrkbot/.venv/lib/python3.9/site-packages/httpcore/_backends/anyio.py", line 122, in connect_tcp
    stream._raw_socket.setsockopt(*option)  # type: ignore[attr-defined] # pragma: no cover
  File "/Library/Developer/CommandLineTools/Library/Frameworks/Python3.framework/Versions/3.9/lib/python3.9/contextlib.py", line 135, in __exit__
    self.gen.throw(type, value, traceback)
  File "/Users/zumrudsahverdieva/mrkbot/.venv/lib/python3.9/site-packages/httpcore/_exceptions.py", line 14, in map_exceptions
    raise to_exc(exc) from exc
httpcore.ConnectError: [Errno 8] nodename nor servname provided, or not known

The above exception was the direct cause of the following exception:

Traceback (most recent call last):
  File "/Users/zumrudsahverdieva/mrkbot/.venv/lib/python3.9/site-packages/telegram/request/_httpxrequest.py", line 279, in do_request
    res = await self._client.request(
  File "/Users/zumrudsahverdieva/mrkbot/.venv/lib/python3.9/site-packages/httpx/_client.py", line 1540, in request
    return await self.send(request, auth=auth, follow_redirects=follow_redirects)
  File "/Users/zumrudsahverdieva/mrkbot/.venv/lib/python3.9/site-packages/httpx/_client.py", line 1629, in send
    response = await self._send_handling_auth(
  File "/Users/zumrudsahverdieva/mrkbot/.venv/lib/python3.9/site-packages/httpx/_client.py", line 1657, in _send_handling_auth
    response = await self._send_handling_redirects(
  File "/Users/zumrudsahverdieva/mrkbot/.venv/lib/python3.9/site-packages/httpx/_client.py", line 1694, in _send_handling_redirects
    response = await self._send_single_request(request)
  File "/Users/zumrudsahverdieva/mrkbot/.venv/lib/python3.9/site-packages/httpx/_client.py", line 1730, in _send_single_request
    response = await transport.handle_async_request(request)
  File "/Users/zumrudsahverdieva/mrkbot/.venv/lib/python3.9/site-packages/httpx/_transports/default.py", line 394, in handle_async_request
    resp = await self._pool.handle_async_request(req)
  File "/Library/Developer/CommandLineTools/Library/Frameworks/Python3.framework/Versions/3.9/lib/python3.9/contextlib.py", line 135, in __exit__
    self.gen.throw(type, value, traceback)
  File "/Users/zumrudsahverdieva/mrkbot/.venv/lib/python3.9/site-packages/httpx/_transports/default.py", line 118, in map_httpcore_exceptions
    raise mapped_exc(message) from exc
httpx.ConnectError: [Errno 8] nodename nor servname provided, or not known

The above exception was the direct cause of the following exception:

Traceback (most recent call last):
  File "/Users/zumrudsahverdieva/mrkbot/.venv/lib/python3.9/site-packages/telegram/ext/_utils/networkloop.py", line 134, in network_retry_loop
    await do_action()
  File "/Users/zumrudsahverdieva/mrkbot/.venv/lib/python3.9/site-packages/telegram/ext/_utils/networkloop.py", line 127, in do_action
    action_cb_task.result()
  File "/Users/zumrudsahverdieva/mrkbot/.venv/lib/python3.9/site-packages/telegram/ext/_updater.py", line 340, in polling_action_cb
    updates = await self.bot.get_updates(
  File "/Users/zumrudsahverdieva/mrkbot/.venv/lib/python3.9/site-packages/telegram/ext/_extbot.py", line 676, in get_updates
    updates = await super().get_updates(
  File "/Users/zumrudsahverdieva/mrkbot/.venv/lib/python3.9/site-packages/telegram/_bot.py", line 4780, in get_updates
    await self._post(
  File "/Users/zumrudsahverdieva/mrkbot/.venv/lib/python3.9/site-packages/telegram/_bot.py", line 703, in _post
    return await self._do_post(
  File "/Users/zumrudsahverdieva/mrkbot/.venv/lib/python3.9/site-packages/telegram/ext/_extbot.py", line 372, in _do_post
    return await super()._do_post(
  File "/Users/zumrudsahverdieva/mrkbot/.venv/lib/python3.9/site-packages/telegram/_bot.py", line 732, in _do_post
    result = await request.post(
  File "/Users/zumrudsahverdieva/mrkbot/.venv/lib/python3.9/site-packages/telegram/request/_baserequest.py", line 198, in post
    result = await self._request_wrapper(
  File "/Users/zumrudsahverdieva/mrkbot/.venv/lib/python3.9/site-packages/telegram/request/_baserequest.py", line 305, in _request_wrapper
    code, payload = await self.do_request(
  File "/Users/zumrudsahverdieva/mrkbot/.venv/lib/python3.9/site-packages/telegram/request/_httpxrequest.py", line 303, in do_request
    raise NetworkError(f"httpx.{err.__class__.__name__}: {err}") from err
telegram.error.NetworkError: httpx.ConnectError: [Errno 8] nodename nor servname provided, or not known
2026-04-02 09:37:12,565 - telegram.ext.Application - ERROR - No error handlers are registered, logging exception.
Traceback (most recent call last):
  File "/Users/zumrudsahverdieva/mrkbot/.venv/lib/python3.9/site-packages/httpx/_transports/default.py", line 101, in map_httpcore_exceptions
    yield
  File "/Users/zumrudsahverdieva/mrkbot/.venv/lib/python3.9/site-packages/httpx/_transports/default.py", line 394, in handle_async_request
    resp = await self._pool.handle_async_request(req)
  File "/Users/zumrudsahverdieva/mrkbot/.venv/lib/python3.9/site-packages/httpcore/_async/connection_pool.py", line 256, in handle_async_request
    raise exc from None
  File "/Users/zumrudsahverdieva/mrkbot/.venv/lib/python3.9/site-packages/httpcore/_async/connection_pool.py", line 236, in handle_async_request
    response = await connection.handle_async_request(
  File "/Users/zumrudsahverdieva/mrkbot/.venv/lib/python3.9/site-packages/httpcore/_async/connection.py", line 101, in handle_async_request
    raise exc
  File "/Users/zumrudsahverdieva/mrkbot/.venv/lib/python3.9/site-packages/httpcore/_async/connection.py", line 78, in handle_async_request
    stream = await self._connect(request)
  File "/Users/zumrudsahverdieva/mrkbot/.venv/lib/python3.9/site-packages/httpcore/_async/connection.py", line 124, in _connect
    stream = await self._network_backend.connect_tcp(**kwargs)
  File "/Users/zumrudsahverdieva/mrkbot/.venv/lib/python3.9/site-packages/httpcore/_backends/auto.py", line 31, in connect_tcp
    return await self._backend.connect_tcp(
  File "/Users/zumrudsahverdieva/mrkbot/.venv/lib/python3.9/site-packages/httpcore/_backends/anyio.py", line 122, in connect_tcp
    stream._raw_socket.setsockopt(*option)  # type: ignore[attr-defined] # pragma: no cover
  File "/Library/Developer/CommandLineTools/Library/Frameworks/Python3.framework/Versions/3.9/lib/python3.9/contextlib.py", line 135, in __exit__
    self.gen.throw(type, value, traceback)
  File "/Users/zumrudsahverdieva/mrkbot/.venv/lib/python3.9/site-packages/httpcore/_exceptions.py", line 14, in map_exceptions
    raise to_exc(exc) from exc
httpcore.ConnectError: [Errno 8] nodename nor servname provided, or not known

The above exception was the direct cause of the following exception:

Traceback (most recent call last):
  File "/Users/zumrudsahverdieva/mrkbot/.venv/lib/python3.9/site-packages/telegram/request/_httpxrequest.py", line 279, in do_request
    res = await self._client.request(
  File "/Users/zumrudsahverdieva/mrkbot/.venv/lib/python3.9/site-packages/httpx/_client.py", line 1540, in request
    return await self.send(request, auth=auth, follow_redirects=follow_redirects)
  File "/Users/zumrudsahverdieva/mrkbot/.venv/lib/python3.9/site-packages/httpx/_client.py", line 1629, in send
    response = await self._send_handling_auth(
  File "/Users/zumrudsahverdieva/mrkbot/.venv/lib/python3.9/site-packages/httpx/_client.py", line 1657, in _send_handling_auth
    response = await self._send_handling_redirects(
  File "/Users/zumrudsahverdieva/mrkbot/.venv/lib/python3.9/site-packages/httpx/_client.py", line 1694, in _send_handling_redirects
    response = await self._send_single_request(request)
  File "/Users/zumrudsahverdieva/mrkbot/.venv/lib/python3.9/site-packages/httpx/_client.py", line 1730, in _send_single_request
    response = await transport.handle_async_request(request)
  File "/Users/zumrudsahverdieva/mrkbot/.venv/lib/python3.9/site-packages/httpx/_transports/default.py", line 394, in handle_async_request
    resp = await self._pool.handle_async_request(req)
  File "/Library/Developer/CommandLineTools/Library/Frameworks/Python3.framework/Versions/3.9/lib/python3.9/contextlib.py", line 135, in __exit__
    self.gen.throw(type, value, traceback)
  File "/Users/zumrudsahverdieva/mrkbot/.venv/lib/python3.9/site-packages/httpx/_transports/default.py", line 118, in map_httpcore_exceptions
    raise mapped_exc(message) from exc
httpx.ConnectError: [Errno 8] nodename nor servname provided, or not known

The above exception was the direct cause of the following exception:

Traceback (most recent call last):
  File "/Users/zumrudsahverdieva/mrkbot/.venv/lib/python3.9/site-packages/telegram/ext/_utils/networkloop.py", line 134, in network_retry_loop
    await do_action()
  File "/Users/zumrudsahverdieva/mrkbot/.venv/lib/python3.9/site-packages/telegram/ext/_utils/networkloop.py", line 127, in do_action
    action_cb_task.result()
  File "/Users/zumrudsahverdieva/mrkbot/.venv/lib/python3.9/site-packages/telegram/ext/_updater.py", line 340, in polling_action_cb
    updates = await self.bot.get_updates(
  File "/Users/zumrudsahverdieva/mrkbot/.venv/lib/python3.9/site-packages/telegram/ext/_extbot.py", line 676, in get_updates
    updates = await super().get_updates(
  File "/Users/zumrudsahverdieva/mrkbot/.venv/lib/python3.9/site-packages/telegram/_bot.py", line 4780, in get_updates
    await self._post(
  File "/Users/zumrudsahverdieva/mrkbot/.venv/lib/python3.9/site-packages/telegram/_bot.py", line 703, in _post
    return await self._do_post(
  File "/Users/zumrudsahverdieva/mrkbot/.venv/lib/python3.9/site-packages/telegram/ext/_extbot.py", line 372, in _do_post
    return await super()._do_post(
  File "/Users/zumrudsahverdieva/mrkbot/.venv/lib/python3.9/site-packages/telegram/_bot.py", line 732, in _do_post
    result = await request.post(
  File "/Users/zumrudsahverdieva/mrkbot/.venv/lib/python3.9/site-packages/telegram/request/_baserequest.py", line 198, in post
    result = await self._request_wrapper(
  File "/Users/zumrudsahverdieva/mrkbot/.venv/lib/python3.9/site-packages/telegram/request/_baserequest.py", line 305, in _request_wrapper
    code, payload = await self.do_request(
  File "/Users/zumrudsahverdieva/mrkbot/.venv/lib/python3.9/site-packages/telegram/request/_httpxrequest.py", line 303, in do_request
    raise NetworkError(f"httpx.{err.__class__.__name__}: {err}") from err
telegram.error.NetworkError: httpx.ConnectError: [Errno 8] nodename nor servname provided, or not known
2026-04-02 09:37:17,634 - telegram.ext.Application - ERROR - No error handlers are registered, logging exception.
Traceback (most recent call last):
  File "/Users/zumrudsahverdieva/mrkbot/.venv/lib/python3.9/site-packages/httpx/_transports/default.py", line 101, in map_httpcore_exceptions
    yield
  File "/Users/zumrudsahverdieva/mrkbot/.venv/lib/python3.9/site-packages/httpx/_transports/default.py", line 394, in handle_async_request
    resp = await self._pool.handle_async_request(req)
  File "/Users/zumrudsahverdieva/mrkbot/.venv/lib/python3.9/site-packages/httpcore/_async/connection_pool.py", line 256, in handle_async_request
    raise exc from None
  File "/Users/zumrudsahverdieva/mrkbot/.venv/lib/python3.9/site-packages/httpcore/_async/connection_pool.py", line 236, in handle_async_request
    response = await connection.handle_async_request(
  File "/Users/zumrudsahverdieva/mrkbot/.venv/lib/python3.9/site-packages/httpcore/_async/connection.py", line 101, in handle_async_request
    raise exc
  File "/Users/zumrudsahverdieva/mrkbot/.venv/lib/python3.9/site-packages/httpcore/_async/connection.py", line 78, in handle_async_request
    stream = await self._connect(request)
  File "/Users/zumrudsahverdieva/mrkbot/.venv/lib/python3.9/site-packages/httpcore/_async/connection.py", line 124, in _connect
    stream = await self._network_backend.connect_tcp(**kwargs)
  File "/Users/zumrudsahverdieva/mrkbot/.venv/lib/python3.9/site-packages/httpcore/_backends/auto.py", line 31, in connect_tcp
    return await self._backend.connect_tcp(
  File "/Users/zumrudsahverdieva/mrkbot/.venv/lib/python3.9/site-packages/httpcore/_backends/anyio.py", line 122, in connect_tcp
    stream._raw_socket.setsockopt(*option)  # type: ignore[attr-defined] # pragma: no cover
  File "/Library/Developer/CommandLineTools/Library/Frameworks/Python3.framework/Versions/3.9/lib/python3.9/contextlib.py", line 135, in __exit__
    self.gen.throw(type, value, traceback)
  File "/Users/zumrudsahverdieva/mrkbot/.venv/lib/python3.9/site-packages/httpcore/_exceptions.py", line 14, in map_exceptions
    raise to_exc(exc) from exc
httpcore.ConnectError: [Errno 8] nodename nor servname provided, or not known

The above exception was the direct cause of the following exception:

Traceback (most recent call last):
  File "/Users/zumrudsahverdieva/mrkbot/.venv/lib/python3.9/site-packages/telegram/request/_httpxrequest.py", line 279, in do_request
    res = await self._client.request(
  File "/Users/zumrudsahverdieva/mrkbot/.venv/lib/python3.9/site-packages/httpx/_client.py", line 1540, in request
    return await self.send(request, auth=auth, follow_redirects=follow_redirects)
  File "/Users/zumrudsahverdieva/mrkbot/.venv/lib/python3.9/site-packages/httpx/_client.py", line 1629, in send
    response = await self._send_handling_auth(
  File "/Users/zumrudsahverdieva/mrkbot/.venv/lib/python3.9/site-packages/httpx/_client.py", line 1657, in _send_handling_auth
    response = await self._send_handling_redirects(
  File "/Users/zumrudsahverdieva/mrkbot/.venv/lib/python3.9/site-packages/httpx/_client.py", line 1694, in _send_handling_redirects
    response = await self._send_single_request(request)
  File "/Users/zumrudsahverdieva/mrkbot/.venv/lib/python3.9/site-packages/httpx/_client.py", line 1730, in _send_single_request
    response = await transport.handle_async_request(request)
  File "/Users/zumrudsahverdieva/mrkbot/.venv/lib/python3.9/site-packages/httpx/_transports/default.py", line 394, in handle_async_request
    resp = await self._pool.handle_async_request(req)
  File "/Library/Developer/CommandLineTools/Library/Frameworks/Python3.framework/Versions/3.9/lib/python3.9/contextlib.py", line 135, in __exit__
    self.gen.throw(type, value, traceback)
  File "/Users/zumrudsahverdieva/mrkbot/.venv/lib/python3.9/site-packages/httpx/_transports/default.py", line 118, in map_httpcore_exceptions
    raise mapped_exc(message) from exc
httpx.ConnectError: [Errno 8] nodename nor servname provided, or not known

The above exception was the direct cause of the following exception:

Traceback (most recent call last):
  File "/Users/zumrudsahverdieva/mrkbot/.venv/lib/python3.9/site-packages/telegram/ext/_utils/networkloop.py", line 134, in network_retry_loop
    await do_action()
  File "/Users/zumrudsahverdieva/mrkbot/.venv/lib/python3.9/site-packages/telegram/ext/_utils/networkloop.py", line 127, in do_action
    action_cb_task.result()
  File "/Users/zumrudsahverdieva/mrkbot/.venv/lib/python3.9/site-packages/telegram/ext/_updater.py", line 340, in polling_action_cb
    updates = await self.bot.get_updates(
  File "/Users/zumrudsahverdieva/mrkbot/.venv/lib/python3.9/site-packages/telegram/ext/_extbot.py", line 676, in get_updates
    updates = await super().get_updates(
  File "/Users/zumrudsahverdieva/mrkbot/.venv/lib/python3.9/site-packages/telegram/_bot.py", line 4780, in get_updates
    await self._post(
  File "/Users/zumrudsahverdieva/mrkbot/.venv/lib/python3.9/site-packages/telegram/_bot.py", line 703, in _post
    return await self._do_post(
  File "/Users/zumrudsahverdieva/mrkbot/.venv/lib/python3.9/site-packages/telegram/ext/_extbot.py", line 372, in _do_post
    return await super()._do_post(
  File "/Users/zumrudsahverdieva/mrkbot/.venv/lib/python3.9/site-packages/telegram/_bot.py", line 732, in _do_post
    result = await request.post(
  File "/Users/zumrudsahverdieva/mrkbot/.venv/lib/python3.9/site-packages/telegram/request/_baserequest.py", line 198, in post
    result = await self._request_wrapper(
  File "/Users/zumrudsahverdieva/mrkbot/.venv/lib/python3.9/site-packages/telegram/request/_baserequest.py", line 305, in _request_wrapper
    code, payload = await self.do_request(
  File "/Users/zumrudsahverdieva/mrkbot/.venv/lib/python3.9/site-packages/telegram/request/_httpxrequest.py", line 303, in do_request
    raise NetworkError(f"httpx.{err.__class__.__name__}: {err}") from err
telegram.error.NetworkError: httpx.ConnectError: [Errno 8] nodename nor servname provided, or not known
2026-04-02 09:37:25,237 - telegram.ext.Application - ERROR - No error handlers are registered, logging exception.
Traceback (most recent call last):
  File "/Users/zumrudsahverdieva/mrkbot/.venv/lib/python3.9/site-packages/httpx/_transports/default.py", line 101, in map_httpcore_exceptions
    yield
  File "/Users/zumrudsahverdieva/mrkbot/.venv/lib/python3.9/site-packages/httpx/_transports/default.py", line 394, in handle_async_request
    resp = await self._pool.handle_async_request(req)
  File "/Users/zumrudsahverdieva/mrkbot/.venv/lib/python3.9/site-packages/httpcore/_async/connection_pool.py", line 256, in handle_async_request
    raise exc from None
  File "/Users/zumrudsahverdieva/mrkbot/.venv/lib/python3.9/site-packages/httpcore/_async/connection_pool.py", line 236, in handle_async_request
    response = await connection.handle_async_request(
  File "/Users/zumrudsahverdieva/mrkbot/.venv/lib/python3.9/site-packages/httpcore/_async/connection.py", line 101, in handle_async_request
    raise exc
  File "/Users/zumrudsahverdieva/mrkbot/.venv/lib/python3.9/site-packages/httpcore/_async/connection.py", line 78, in handle_async_request
    stream = await self._connect(request)
  File "/Users/zumrudsahverdieva/mrkbot/.venv/lib/python3.9/site-packages/httpcore/_async/connection.py", line 124, in _connect
    stream = await self._network_backend.connect_tcp(**kwargs)
  File "/Users/zumrudsahverdieva/mrkbot/.venv/lib/python3.9/site-packages/httpcore/_backends/auto.py", line 31, in connect_tcp
    return await self._backend.connect_tcp(
  File "/Users/zumrudsahverdieva/mrkbot/.venv/lib/python3.9/site-packages/httpcore/_backends/anyio.py", line 122, in connect_tcp
    stream._raw_socket.setsockopt(*option)  # type: ignore[attr-defined] # pragma: no cover
  File "/Library/Developer/CommandLineTools/Library/Frameworks/Python3.framework/Versions/3.9/lib/python3.9/contextlib.py", line 135, in __exit__
    self.gen.throw(type, value, traceback)
  File "/Users/zumrudsahverdieva/mrkbot/.venv/lib/python3.9/site-packages/httpcore/_exceptions.py", line 14, in map_exceptions
    raise to_exc(exc) from exc
httpcore.ConnectError: [Errno 8] nodename nor servname provided, or not known

The above exception was the direct cause of the following exception:

Traceback (most recent call last):
  File "/Users/zumrudsahverdieva/mrkbot/.venv/lib/python3.9/site-packages/telegram/request/_httpxrequest.py", line 279, in do_request
    res = await self._client.request(
  File "/Users/zumrudsahverdieva/mrkbot/.venv/lib/python3.9/site-packages/httpx/_client.py", line 1540, in request
    return await self.send(request, auth=auth, follow_redirects=follow_redirects)
  File "/Users/zumrudsahverdieva/mrkbot/.venv/lib/python3.9/site-packages/httpx/_client.py", line 1629, in send
    response = await self._send_handling_auth(
  File "/Users/zumrudsahverdieva/mrkbot/.venv/lib/python3.9/site-packages/httpx/_client.py", line 1657, in _send_handling_auth
    response = await self._send_handling_redirects(
  File "/Users/zumrudsahverdieva/mrkbot/.venv/lib/python3.9/site-packages/httpx/_client.py", line 1694, in _send_handling_redirects
    response = await self._send_single_request(request)
  File "/Users/zumrudsahverdieva/mrkbot/.venv/lib/python3.9/site-packages/httpx/_client.py", line 1730, in _send_single_request
    response = await transport.handle_async_request(request)
  File "/Users/zumrudsahverdieva/mrkbot/.venv/lib/python3.9/site-packages/httpx/_transports/default.py", line 394, in handle_async_request
    resp = await self._pool.handle_async_request(req)
  File "/Library/Developer/CommandLineTools/Library/Frameworks/Python3.framework/Versions/3.9/lib/python3.9/contextlib.py", line 135, in __exit__
    self.gen.throw(type, value, traceback)
  File "/Users/zumrudsahverdieva/mrkbot/.venv/lib/python3.9/site-packages/httpx/_transports/default.py", line 118, in map_httpcore_exceptions
    raise mapped_exc(message) from exc
httpx.ConnectError: [Errno 8] nodename nor servname provided, or not known

The above exception was the direct cause of the following exception:

Traceback (most recent call last):
  File "/Users/zumrudsahverdieva/mrkbot/.venv/lib/python3.9/site-packages/telegram/ext/_utils/networkloop.py", line 134, in network_retry_loop
    await do_action()
  File "/Users/zumrudsahverdieva/mrkbot/.venv/lib/python3.9/site-packages/telegram/ext/_utils/networkloop.py", line 127, in do_action
    action_cb_task.result()
  File "/Users/zumrudsahverdieva/mrkbot/.venv/lib/python3.9/site-packages/telegram/ext/_updater.py", line 340, in polling_action_cb
    updates = await self.bot.get_updates(
  File "/Users/zumrudsahverdieva/mrkbot/.venv/lib/python3.9/site-packages/telegram/ext/_extbot.py", line 676, in get_updates
    updates = await super().get_updates(
  File "/Users/zumrudsahverdieva/mrkbot/.venv/lib/python3.9/site-packages/telegram/_bot.py", line 4780, in get_updates
    await self._post(
  File "/Users/zumrudsahverdieva/mrkbot/.venv/lib/python3.9/site-packages/telegram/_bot.py", line 703, in _post
    return await self._do_post(
  File "/Users/zumrudsahverdieva/mrkbot/.venv/lib/python3.9/site-packages/telegram/ext/_extbot.py", line 372, in _do_post
    return await super()._do_post(
  File "/Users/zumrudsahverdieva/mrkbot/.venv/lib/python3.9/site-packages/telegram/_bot.py", line 732, in _do_post
    result = await request.post(
  File "/Users/zumrudsahverdieva/mrkbot/.venv/lib/python3.9/site-packages/telegram/request/_baserequest.py", line 198, in post
    result = await self._request_wrapper(
  File "/Users/zumrudsahverdieva/mrkbot/.venv/lib/python3.9/site-packages/telegram/request/_baserequest.py", line 305, in _request_wrapper
    code, payload = await self.do_request(
  File "/Users/zumrudsahverdieva/mrkbot/.venv/lib/python3.9/site-packages/telegram/request/_httpxrequest.py", line 303, in do_request
    raise NetworkError(f"httpx.{err.__class__.__name__}: {err}") from err
telegram.error.NetworkError: httpx.ConnectError: [Errno 8] nodename nor servname provided, or not known
2026-04-02 09:37:36,638 - telegram.ext.Application - ERROR - No error handlers are registered, logging exception.
Traceback (most recent call last):
  File "/Users/zumrudsahverdieva/mrkbot/.venv/lib/python3.9/site-packages/httpx/_transports/default.py", line 101, in map_httpcore_exceptions
    yield
  File "/Users/zumrudsahverdieva/mrkbot/.venv/lib/python3.9/site-packages/httpx/_transports/default.py", line 394, in handle_async_request
    resp = await self._pool.handle_async_request(req)
  File "/Users/zumrudsahverdieva/mrkbot/.venv/lib/python3.9/site-packages/httpcore/_async/connection_pool.py", line 256, in handle_async_request
    raise exc from None
  File "/Users/zumrudsahverdieva/mrkbot/.venv/lib/python3.9/site-packages/httpcore/_async/connection_pool.py", line 236, in handle_async_request
    response = await connection.handle_async_request(
  File "/Users/zumrudsahverdieva/mrkbot/.venv/lib/python3.9/site-packages/httpcore/_async/connection.py", line 101, in handle_async_request
    raise exc
  File "/Users/zumrudsahverdieva/mrkbot/.venv/lib/python3.9/site-packages/httpcore/_async/connection.py", line 78, in handle_async_request
    stream = await self._connect(request)
  File "/Users/zumrudsahverdieva/mrkbot/.venv/lib/python3.9/site-packages/httpcore/_async/connection.py", line 124, in _connect
    stream = await self._network_backend.connect_tcp(**kwargs)
  File "/Users/zumrudsahverdieva/mrkbot/.venv/lib/python3.9/site-packages/httpcore/_backends/auto.py", line 31, in connect_tcp
    return await self._backend.connect_tcp(
  File "/Users/zumrudsahverdieva/mrkbot/.venv/lib/python3.9/site-packages/httpcore/_backends/anyio.py", line 122, in connect_tcp
    stream._raw_socket.setsockopt(*option)  # type: ignore[attr-defined] # pragma: no cover
  File "/Library/Developer/CommandLineTools/Library/Frameworks/Python3.framework/Versions/3.9/lib/python3.9/contextlib.py", line 135, in __exit__
    self.gen.throw(type, value, traceback)
  File "/Users/zumrudsahverdieva/mrkbot/.venv/lib/python3.9/site-packages/httpcore/_exceptions.py", line 14, in map_exceptions
    raise to_exc(exc) from exc
httpcore.ConnectError: [Errno 8] nodename nor servname provided, or not known

The above exception was the direct cause of the following exception:

Traceback (most recent call last):
  File "/Users/zumrudsahverdieva/mrkbot/.venv/lib/python3.9/site-packages/telegram/request/_httpxrequest.py", line 279, in do_request
    res = await self._client.request(
  File "/Users/zumrudsahverdieva/mrkbot/.venv/lib/python3.9/site-packages/httpx/_client.py", line 1540, in request
    return await self.send(request, auth=auth, follow_redirects=follow_redirects)
  File "/Users/zumrudsahverdieva/mrkbot/.venv/lib/python3.9/site-packages/httpx/_client.py", line 1629, in send
    response = await self._send_handling_auth(
  File "/Users/zumrudsahverdieva/mrkbot/.venv/lib/python3.9/site-packages/httpx/_client.py", line 1657, in _send_handling_auth
    response = await self._send_handling_redirects(
  File "/Users/zumrudsahverdieva/mrkbot/.venv/lib/python3.9/site-packages/httpx/_client.py", line 1694, in _send_handling_redirects
    response = await self._send_single_request(request)
  File "/Users/zumrudsahverdieva/mrkbot/.venv/lib/python3.9/site-packages/httpx/_client.py", line 1730, in _send_single_request
    response = await transport.handle_async_request(request)
  File "/Users/zumrudsahverdieva/mrkbot/.venv/lib/python3.9/site-packages/httpx/_transports/default.py", line 394, in handle_async_request
    resp = await self._pool.handle_async_request(req)
  File "/Library/Developer/CommandLineTools/Library/Frameworks/Python3.framework/Versions/3.9/lib/python3.9/contextlib.py", line 135, in __exit__
    self.gen.throw(type, value, traceback)
  File "/Users/zumrudsahverdieva/mrkbot/.venv/lib/python3.9/site-packages/httpx/_transports/default.py", line 118, in map_httpcore_exceptions
    raise mapped_exc(message) from exc
httpx.ConnectError: [Errno 8] nodename nor servname provided, or not known

The above exception was the direct cause of the following exception:

Traceback (most recent call last):
  File "/Users/zumrudsahverdieva/mrkbot/.venv/lib/python3.9/site-packages/telegram/ext/_utils/networkloop.py", line 134, in network_retry_loop
    await do_action()
  File "/Users/zumrudsahverdieva/mrkbot/.venv/lib/python3.9/site-packages/telegram/ext/_utils/networkloop.py", line 127, in do_action
    action_cb_task.result()
  File "/Users/zumrudsahverdieva/mrkbot/.venv/lib/python3.9/site-packages/telegram/ext/_updater.py", line 340, in polling_action_cb
    updates = await self.bot.get_updates(
  File "/Users/zumrudsahverdieva/mrkbot/.venv/lib/python3.9/site-packages/telegram/ext/_extbot.py", line 676, in get_updates
    updates = await super().get_updates(
  File "/Users/zumrudsahverdieva/mrkbot/.venv/lib/python3.9/site-packages/telegram/_bot.py", line 4780, in get_updates
    await self._post(
  File "/Users/zumrudsahverdieva/mrkbot/.venv/lib/python3.9/site-packages/telegram/_bot.py", line 703, in _post
    return await self._do_post(
  File "/Users/zumrudsahverdieva/mrkbot/.venv/lib/python3.9/site-packages/telegram/ext/_extbot.py", line 372, in _do_post
    return await super()._do_post(
  File "/Users/zumrudsahverdieva/mrkbot/.venv/lib/python3.9/site-packages/telegram/_bot.py", line 732, in _do_post
    result = await request.post(
  File "/Users/zumrudsahverdieva/mrkbot/.venv/lib/python3.9/site-packages/telegram/request/_baserequest.py", line 198, in post
    result = await self._request_wrapper(
  File "/Users/zumrudsahverdieva/mrkbot/.venv/lib/python3.9/site-packages/telegram/request/_baserequest.py", line 305, in _request_wrapper
    code, payload = await self.do_request(
  File "/Users/zumrudsahverdieva/mrkbot/.venv/lib/python3.9/site-packages/telegram/request/_httpxrequest.py", line 303, in do_request
    raise NetworkError(f"httpx.{err.__class__.__name__}: {err}") from err
telegram.error.NetworkError: httpx.ConnectError: [Errno 8] nodename nor servname provided, or not known
2026-04-02 09:46:43,070 - telegram.ext.Application - ERROR - No error handlers are registered, logging exception.
Traceback (most recent call last):
  File "/Users/zumrudsahverdieva/mrkbot/.venv/lib/python3.9/site-packages/httpx/_transports/default.py", line 101, in map_httpcore_exceptions
    yield
  File "/Users/zumrudsahverdieva/mrkbot/.venv/lib/python3.9/site-packages/httpx/_transports/default.py", line 394, in handle_async_request
    resp = await self._pool.handle_async_request(req)
  File "/Users/zumrudsahverdieva/mrkbot/.venv/lib/python3.9/site-packages/httpcore/_async/connection_pool.py", line 256, in handle_async_request
    raise exc from None
  File "/Users/zumrudsahverdieva/mrkbot/.venv/lib/python3.9/site-packages/httpcore/_async/connection_pool.py", line 236, in handle_async_request
    response = await connection.handle_async_request(
  File "/Users/zumrudsahverdieva/mrkbot/.venv/lib/python3.9/site-packages/httpcore/_async/connection.py", line 101, in handle_async_request
    raise exc
  File "/Users/zumrudsahverdieva/mrkbot/.venv/lib/python3.9/site-packages/httpcore/_async/connection.py", line 78, in handle_async_request
    stream = await self._connect(request)
  File "/Users/zumrudsahverdieva/mrkbot/.venv/lib/python3.9/site-packages/httpcore/_async/connection.py", line 124, in _connect
    stream = await self._network_backend.connect_tcp(**kwargs)
  File "/Users/zumrudsahverdieva/mrkbot/.venv/lib/python3.9/site-packages/httpcore/_backends/auto.py", line 31, in connect_tcp
    return await self._backend.connect_tcp(
  File "/Users/zumrudsahverdieva/mrkbot/.venv/lib/python3.9/site-packages/httpcore/_backends/anyio.py", line 122, in connect_tcp
    stream._raw_socket.setsockopt(*option)  # type: ignore[attr-defined] # pragma: no cover
  File "/Library/Developer/CommandLineTools/Library/Frameworks/Python3.framework/Versions/3.9/lib/python3.9/contextlib.py", line 135, in __exit__
    self.gen.throw(type, value, traceback)
  File "/Users/zumrudsahverdieva/mrkbot/.venv/lib/python3.9/site-packages/httpcore/_exceptions.py", line 14, in map_exceptions
    raise to_exc(exc) from exc
httpcore.ConnectError: [Errno 8] nodename nor servname provided, or not known

The above exception was the direct cause of the following exception:

Traceback (most recent call last):
  File "/Users/zumrudsahverdieva/mrkbot/.venv/lib/python3.9/site-packages/telegram/request/_httpxrequest.py", line 279, in do_request
    res = await self._client.request(
  File "/Users/zumrudsahverdieva/mrkbot/.venv/lib/python3.9/site-packages/httpx/_client.py", line 1540, in request
    return await self.send(request, auth=auth, follow_redirects=follow_redirects)
  File "/Users/zumrudsahverdieva/mrkbot/.venv/lib/python3.9/site-packages/httpx/_client.py", line 1629, in send
    response = await self._send_handling_auth(
  File "/Users/zumrudsahverdieva/mrkbot/.venv/lib/python3.9/site-packages/httpx/_client.py", line 1657, in _send_handling_auth
    response = await self._send_handling_redirects(
  File "/Users/zumrudsahverdieva/mrkbot/.venv/lib/python3.9/site-packages/httpx/_client.py", line 1694, in _send_handling_redirects
    response = await self._send_single_request(request)
  File "/Users/zumrudsahverdieva/mrkbot/.venv/lib/python3.9/site-packages/httpx/_client.py", line 1730, in _send_single_request
    response = await transport.handle_async_request(request)
  File "/Users/zumrudsahverdieva/mrkbot/.venv/lib/python3.9/site-packages/httpx/_transports/default.py", line 394, in handle_async_request
    resp = await self._pool.handle_async_request(req)
  File "/Library/Developer/CommandLineTools/Library/Frameworks/Python3.framework/Versions/3.9/lib/python3.9/contextlib.py", line 135, in __exit__
    self.gen.throw(type, value, traceback)
  File "/Users/zumrudsahverdieva/mrkbot/.venv/lib/python3.9/site-packages/httpx/_transports/default.py", line 118, in map_httpcore_exceptions
    raise mapped_exc(message) from exc
httpx.ConnectError: [Errno 8] nodename nor servname provided, or not known

The above exception was the direct cause of the following exception:

Traceback (most recent call last):
  File "/Users/zumrudsahverdieva/mrkbot/.venv/lib/python3.9/site-packages/telegram/ext/_utils/networkloop.py", line 134, in network_retry_loop
    await do_action()
  File "/Users/zumrudsahverdieva/mrkbot/.venv/lib/python3.9/site-packages/telegram/ext/_utils/networkloop.py", line 127, in do_action
    action_cb_task.result()
  File "/Users/zumrudsahverdieva/mrkbot/.venv/lib/python3.9/site-packages/telegram/ext/_updater.py", line 340, in polling_action_cb
    updates = await self.bot.get_updates(
  File "/Users/zumrudsahverdieva/mrkbot/.venv/lib/python3.9/site-packages/telegram/ext/_extbot.py", line 676, in get_updates
    updates = await super().get_updates(
  File "/Users/zumrudsahverdieva/mrkbot/.venv/lib/python3.9/site-packages/telegram/_bot.py", line 4780, in get_updates
    await self._post(
  File "/Users/zumrudsahverdieva/mrkbot/.venv/lib/python3.9/site-packages/telegram/_bot.py", line 703, in _post
    return await self._do_post(
  File "/Users/zumrudsahverdieva/mrkbot/.venv/lib/python3.9/site-packages/telegram/ext/_extbot.py", line 372, in _do_post
    return await super()._do_post(
  File "/Users/zumrudsahverdieva/mrkbot/.venv/lib/python3.9/site-packages/telegram/_bot.py", line 732, in _do_post
    result = await request.post(
  File "/Users/zumrudsahverdieva/mrkbot/.venv/lib/python3.9/site-packages/telegram/request/_baserequest.py", line 198, in post
    result = await self._request_wrapper(
  File "/Users/zumrudsahverdieva/mrkbot/.venv/lib/python3.9/site-packages/telegram/request/_baserequest.py", line 305, in _request_wrapper
    code, payload = await self.do_request(
  File "/Users/zumrudsahverdieva/mrkbot/.venv/lib/python3.9/site-packages/telegram/request/_httpxrequest.py", line 303, in do_request
    raise NetworkError(f"httpx.{err.__class__.__name__}: {err}") from err
telegram.error.NetworkError: httpx.ConnectError: [Errno 8] nodename nor servname provided, or not known
2026-04-02 09:47:19,191 - httpx - INFO - HTTP Request: POST https://api.telegram.org/bot8756837734:AAH1IvNHQToW1Lq0gd4Mai0IDC_qAVsFQgM/getUpdates "HTTP/1.1 200 OK"
2026-04-02 10:02:59,173 - telegram.ext.Application - ERROR - No error handlers are registered, logging exception.
Traceback (most recent call last):
  File "/Users/zumrudsahverdieva/mrkbot/.venv/lib/python3.9/site-packages/httpx/_transports/default.py", line 101, in map_httpcore_exceptions
    yield
  File "/Users/zumrudsahverdieva/mrkbot/.venv/lib/python3.9/site-packages/httpx/_transports/default.py", line 394, in handle_async_request
    resp = await self._pool.handle_async_request(req)
  File "/Users/zumrudsahverdieva/mrkbot/.venv/lib/python3.9/site-packages/httpcore/_async/connection_pool.py", line 256, in handle_async_request
    raise exc from None
  File "/Users/zumrudsahverdieva/mrkbot/.venv/lib/python3.9/site-packages/httpcore/_async/connection_pool.py", line 236, in handle_async_request
    response = await connection.handle_async_request(
  File "/Users/zumrudsahverdieva/mrkbot/.venv/lib/python3.9/site-packages/httpcore/_async/connection.py", line 101, in handle_async_request
    raise exc
  File "/Users/zumrudsahverdieva/mrkbot/.venv/lib/python3.9/site-packages/httpcore/_async/connection.py", line 78, in handle_async_request
    stream = await self._connect(request)
  File "/Users/zumrudsahverdieva/mrkbot/.venv/lib/python3.9/site-packages/httpcore/_async/connection.py", line 124, in _connect
    stream = await self._network_backend.connect_tcp(**kwargs)
  File "/Users/zumrudsahverdieva/mrkbot/.venv/lib/python3.9/site-packages/httpcore/_backends/auto.py", line 31, in connect_tcp
    return await self._backend.connect_tcp(
  File "/Users/zumrudsahverdieva/mrkbot/.venv/lib/python3.9/site-packages/httpcore/_backends/anyio.py", line 122, in connect_tcp
    stream._raw_socket.setsockopt(*option)  # type: ignore[attr-defined] # pragma: no cover
  File "/Library/Developer/CommandLineTools/Library/Frameworks/Python3.framework/Versions/3.9/lib/python3.9/contextlib.py", line 135, in __exit__
    self.gen.throw(type, value, traceback)
  File "/Users/zumrudsahverdieva/mrkbot/.venv/lib/python3.9/site-packages/httpcore/_exceptions.py", line 14, in map_exceptions
    raise to_exc(exc) from exc
httpcore.ConnectError: [Errno 8] nodename nor servname provided, or not known

The above exception was the direct cause of the following exception:

Traceback (most recent call last):
  File "/Users/zumrudsahverdieva/mrkbot/.venv/lib/python3.9/site-packages/telegram/request/_httpxrequest.py", line 279, in do_request
    res = await self._client.request(
  File "/Users/zumrudsahverdieva/mrkbot/.venv/lib/python3.9/site-packages/httpx/_client.py", line 1540, in request
    return await self.send(request, auth=auth, follow_redirects=follow_redirects)
  File "/Users/zumrudsahverdieva/mrkbot/.venv/lib/python3.9/site-packages/httpx/_client.py", line 1629, in send
    response = await self._send_handling_auth(
  File "/Users/zumrudsahverdieva/mrkbot/.venv/lib/python3.9/site-packages/httpx/_client.py", line 1657, in _send_handling_auth
    response = await self._send_handling_redirects(
  File "/Users/zumrudsahverdieva/mrkbot/.venv/lib/python3.9/site-packages/httpx/_client.py", line 1694, in _send_handling_redirects
    response = await self._send_single_request(request)
  File "/Users/zumrudsahverdieva/mrkbot/.venv/lib/python3.9/site-packages/httpx/_client.py", line 1730, in _send_single_request
    response = await transport.handle_async_request(request)
  File "/Users/zumrudsahverdieva/mrkbot/.venv/lib/python3.9/site-packages/httpx/_transports/default.py", line 394, in handle_async_request
    resp = await self._pool.handle_async_request(req)
  File "/Library/Developer/CommandLineTools/Library/Frameworks/Python3.framework/Versions/3.9/lib/python3.9/contextlib.py", line 135, in __exit__
    self.gen.throw(type, value, traceback)
  File "/Users/zumrudsahverdieva/mrkbot/.venv/lib/python3.9/site-packages/httpx/_transports/default.py", line 118, in map_httpcore_exceptions
    raise mapped_exc(message) from exc
httpx.ConnectError: [Errno 8] nodename nor servname provided, or not known

The above exception was the direct cause of the following exception:

Traceback (most recent call last):
  File "/Users/zumrudsahverdieva/mrkbot/.venv/lib/python3.9/site-packages/telegram/ext/_utils/networkloop.py", line 134, in network_retry_loop
    await do_action()
  File "/Users/zumrudsahverdieva/mrkbot/.venv/lib/python3.9/site-packages/telegram/ext/_utils/networkloop.py", line 127, in do_action
    action_cb_task.result()
  File "/Users/zumrudsahverdieva/mrkbot/.venv/lib/python3.9/site-packages/telegram/ext/_updater.py", line 340, in polling_action_cb
    updates = await self.bot.get_updates(
  File "/Users/zumrudsahverdieva/mrkbot/.venv/lib/python3.9/site-packages/telegram/ext/_extbot.py", line 676, in get_updates
    updates = await super().get_updates(
  File "/Users/zumrudsahverdieva/mrkbot/.venv/lib/python3.9/site-packages/telegram/_bot.py", line 4780, in get_updates
    await self._post(
  File "/Users/zumrudsahverdieva/mrkbot/.venv/lib/python3.9/site-packages/telegram/_bot.py", line 703, in _post
    return await self._do_post(
  File "/Users/zumrudsahverdieva/mrkbot/.venv/lib/python3.9/site-packages/telegram/ext/_extbot.py", line 372, in _do_post
    return await super()._do_post(
  File "/Users/zumrudsahverdieva/mrkbot/.venv/lib/python3.9/site-packages/telegram/_bot.py", line 732, in _do_post
    result = await request.post(
  File "/Users/zumrudsahverdieva/mrkbot/.venv/lib/python3.9/site-packages/telegram/request/_baserequest.py", line 198, in post
    result = await self._request_wrapper(
  File "/Users/zumrudsahverdieva/mrkbot/.venv/lib/python3.9/site-packages/telegram/request/_baserequest.py", line 305, in _request_wrapper
    code, payload = await self.do_request(
  File "/Users/zumrudsahverdieva/mrkbot/.venv/lib/python3.9/site-packages/telegram/request/_httpxrequest.py", line 303, in do_request
    raise NetworkError(f"httpx.{err.__class__.__name__}: {err}") from err
telegram.error.NetworkError: httpx.ConnectError: [Errno 8] nodename nor servname provided, or not known
2026-04-02 10:03:00,184 - telegram.ext.Application - ERROR - No error handlers are registered, logging exception.
Traceback (most recent call last):
  File "/Users/zumrudsahverdieva/mrkbot/.venv/lib/python3.9/site-packages/httpx/_transports/default.py", line 101, in map_httpcore_exceptions
    yield
  File "/Users/zumrudsahverdieva/mrkbot/.venv/lib/python3.9/site-packages/httpx/_transports/default.py", line 394, in handle_async_request
    resp = await self._pool.handle_async_request(req)
  File "/Users/zumrudsahverdieva/mrkbot/.venv/lib/python3.9/site-packages/httpcore/_async/connection_pool.py", line 256, in handle_async_request
    raise exc from None
  File "/Users/zumrudsahverdieva/mrkbot/.venv/lib/python3.9/site-packages/httpcore/_async/connection_pool.py", line 236, in handle_async_request
    response = await connection.handle_async_request(
  File "/Users/zumrudsahverdieva/mrkbot/.venv/lib/python3.9/site-packages/httpcore/_async/connection.py", line 101, in handle_async_request
    raise exc
  File "/Users/zumrudsahverdieva/mrkbot/.venv/lib/python3.9/site-packages/httpcore/_async/connection.py", line 78, in handle_async_request
    stream = await self._connect(request)
  File "/Users/zumrudsahverdieva/mrkbot/.venv/lib/python3.9/site-packages/httpcore/_async/connection.py", line 124, in _connect
    stream = await self._network_backend.connect_tcp(**kwargs)
  File "/Users/zumrudsahverdieva/mrkbot/.venv/lib/python3.9/site-packages/httpcore/_backends/auto.py", line 31, in connect_tcp
    return await self._backend.connect_tcp(
  File "/Users/zumrudsahverdieva/mrkbot/.venv/lib/python3.9/site-packages/httpcore/_backends/anyio.py", line 122, in connect_tcp
    stream._raw_socket.setsockopt(*option)  # type: ignore[attr-defined] # pragma: no cover
  File "/Library/Developer/CommandLineTools/Library/Frameworks/Python3.framework/Versions/3.9/lib/python3.9/contextlib.py", line 135, in __exit__
    self.gen.throw(type, value, traceback)
  File "/Users/zumrudsahverdieva/mrkbot/.venv/lib/python3.9/site-packages/httpcore/_exceptions.py", line 14, in map_exceptions
    raise to_exc(exc) from exc
httpcore.ConnectError: [Errno 8] nodename nor servname provided, or not known

The above exception was the direct cause of the following exception:

Traceback (most recent call last):
  File "/Users/zumrudsahverdieva/mrkbot/.venv/lib/python3.9/site-packages/telegram/request/_httpxrequest.py", line 279, in do_request
    res = await self._client.request(
  File "/Users/zumrudsahverdieva/mrkbot/.venv/lib/python3.9/site-packages/httpx/_client.py", line 1540, in request
    return await self.send(request, auth=auth, follow_redirects=follow_redirects)
  File "/Users/zumrudsahverdieva/mrkbot/.venv/lib/python3.9/site-packages/httpx/_client.py", line 1629, in send
    response = await self._send_handling_auth(
  File "/Users/zumrudsahverdieva/mrkbot/.venv/lib/python3.9/site-packages/httpx/_client.py", line 1657, in _send_handling_auth
    response = await self._send_handling_redirects(
  File "/Users/zumrudsahverdieva/mrkbot/.venv/lib/python3.9/site-packages/httpx/_client.py", line 1694, in _send_handling_redirects
    response = await self._send_single_request(request)
  File "/Users/zumrudsahverdieva/mrkbot/.venv/lib/python3.9/site-packages/httpx/_client.py", line 1730, in _send_single_request
    response = await transport.handle_async_request(request)
  File "/Users/zumrudsahverdieva/mrkbot/.venv/lib/python3.9/site-packages/httpx/_transports/default.py", line 394, in handle_async_request
    resp = await self._pool.handle_async_request(req)
  File "/Library/Developer/CommandLineTools/Library/Frameworks/Python3.framework/Versions/3.9/lib/python3.9/contextlib.py", line 135, in __exit__
    self.gen.throw(type, value, traceback)
  File "/Users/zumrudsahverdieva/mrkbot/.venv/lib/python3.9/site-packages/httpx/_transports/default.py", line 118, in map_httpcore_exceptions
    raise mapped_exc(message) from exc
httpx.ConnectError: [Errno 8] nodename nor servname provided, or not known

The above exception was the direct cause of the following exception:

Traceback (most recent call last):
  File "/Users/zumrudsahverdieva/mrkbot/.venv/lib/python3.9/site-packages/telegram/ext/_utils/networkloop.py", line 134, in network_retry_loop
    await do_action()
  File "/Users/zumrudsahverdieva/mrkbot/.venv/lib/python3.9/site-packages/telegram/ext/_utils/networkloop.py", line 127, in do_action
    action_cb_task.result()
  File "/Users/zumrudsahverdieva/mrkbot/.venv/lib/python3.9/site-packages/telegram/ext/_updater.py", line 340, in polling_action_cb
    updates = await self.bot.get_updates(
  File "/Users/zumrudsahverdieva/mrkbot/.venv/lib/python3.9/site-packages/telegram/ext/_extbot.py", line 676, in get_updates
    updates = await super().get_updates(
  File "/Users/zumrudsahverdieva/mrkbot/.venv/lib/python3.9/site-packages/telegram/_bot.py", line 4780, in get_updates
    await self._post(
  File "/Users/zumrudsahverdieva/mrkbot/.venv/lib/python3.9/site-packages/telegram/_bot.py", line 703, in _post
    return await self._do_post(
  File "/Users/zumrudsahverdieva/mrkbot/.venv/lib/python3.9/site-packages/telegram/ext/_extbot.py", line 372, in _do_post
    return await super()._do_post(
  File "/Users/zumrudsahverdieva/mrkbot/.venv/lib/python3.9/site-packages/telegram/_bot.py", line 732, in _do_post
    result = await request.post(
  File "/Users/zumrudsahverdieva/mrkbot/.venv/lib/python3.9/site-packages/telegram/request/_baserequest.py", line 198, in post
    result = await self._request_wrapper(
  File "/Users/zumrudsahverdieva/mrkbot/.venv/lib/python3.9/site-packages/telegram/request/_baserequest.py", line 305, in _request_wrapper
    code, payload = await self.do_request(
  File "/Users/zumrudsahverdieva/mrkbot/.venv/lib/python3.9/site-packages/telegram/request/_httpxrequest.py", line 303, in do_request
    raise NetworkError(f"httpx.{err.__class__.__name__}: {err}") from err
telegram.error.NetworkError: httpx.ConnectError: [Errno 8] nodename nor servname provided, or not known
2026-04-02 10:03:12,044 - httpx - INFO - HTTP Request: POST https://api.telegram.org/bot8756837734:AAH1IvNHQToW1Lq0gd4Mai0IDC_qAVsFQgM/getUpdates "HTTP/1.1 200 OK"
2026-04-02 10:03:22,133 - httpx - INFO - HTTP Request: POST https://api.telegram.org/bot8756837734:AAH1IvNHQToW1Lq0gd4Mai0IDC_qAVsFQgM/getUpdates "HTTP/1.1 200 OK"
2026-04-02 10:19:10,180 - telegram.ext.Application - ERROR - No error handlers are registered, logging exception.
Traceback (most recent call last):
  File "/Users/zumrudsahverdieva/mrkbot/.venv/lib/python3.9/site-packages/httpx/_transports/default.py", line 101, in map_httpcore_exceptions
    yield
  File "/Users/zumrudsahverdieva/mrkbot/.venv/lib/python3.9/site-packages/httpx/_transports/default.py", line 394, in handle_async_request
    resp = await self._pool.handle_async_request(req)
  File "/Users/zumrudsahverdieva/mrkbot/.venv/lib/python3.9/site-packages/httpcore/_async/connection_pool.py", line 256, in handle_async_request
    raise exc from None
  File "/Users/zumrudsahverdieva/mrkbot/.venv/lib/python3.9/site-packages/httpcore/_async/connection_pool.py", line 236, in handle_async_request
    response = await connection.handle_async_request(
  File "/Users/zumrudsahverdieva/mrkbot/.venv/lib/python3.9/site-packages/httpcore/_async/connection.py", line 101, in handle_async_request
    raise exc
  File "/Users/zumrudsahverdieva/mrkbot/.venv/lib/python3.9/site-packages/httpcore/_async/connection.py", line 78, in handle_async_request
    stream = await self._connect(request)
  File "/Users/zumrudsahverdieva/mrkbot/.venv/lib/python3.9/site-packages/httpcore/_async/connection.py", line 124, in _connect
    stream = await self._network_backend.connect_tcp(**kwargs)
  File "/Users/zumrudsahverdieva/mrkbot/.venv/lib/python3.9/site-packages/httpcore/_backends/auto.py", line 31, in connect_tcp
    return await self._backend.connect_tcp(
  File "/Users/zumrudsahverdieva/mrkbot/.venv/lib/python3.9/site-packages/httpcore/_backends/anyio.py", line 122, in connect_tcp
    stream._raw_socket.setsockopt(*option)  # type: ignore[attr-defined] # pragma: no cover
  File "/Library/Developer/CommandLineTools/Library/Frameworks/Python3.framework/Versions/3.9/lib/python3.9/contextlib.py", line 135, in __exit__
    self.gen.throw(type, value, traceback)
  File "/Users/zumrudsahverdieva/mrkbot/.venv/lib/python3.9/site-packages/httpcore/_exceptions.py", line 14, in map_exceptions
    raise to_exc(exc) from exc
httpcore.ConnectError: [Errno 8] nodename nor servname provided, or not known

The above exception was the direct cause of the following exception:

Traceback (most recent call last):
  File "/Users/zumrudsahverdieva/mrkbot/.venv/lib/python3.9/site-packages/telegram/request/_httpxrequest.py", line 279, in do_request
    res = await self._client.request(
  File "/Users/zumrudsahverdieva/mrkbot/.venv/lib/python3.9/site-packages/httpx/_client.py", line 1540, in request
    return await self.send(request, auth=auth, follow_redirects=follow_redirects)
  File "/Users/zumrudsahverdieva/mrkbot/.venv/lib/python3.9/site-packages/httpx/_client.py", line 1629, in send
    response = await self._send_handling_auth(
  File "/Users/zumrudsahverdieva/mrkbot/.venv/lib/python3.9/site-packages/httpx/_client.py", line 1657, in _send_handling_auth
    response = await self._send_handling_redirects(
  File "/Users/zumrudsahverdieva/mrkbot/.venv/lib/python3.9/site-packages/httpx/_client.py", line 1694, in _send_handling_redirects
    response = await self._send_single_request(request)
  File "/Users/zumrudsahverdieva/mrkbot/.venv/lib/python3.9/site-packages/httpx/_client.py", line 1730, in _send_single_request
    response = await transport.handle_async_request(request)
  File "/Users/zumrudsahverdieva/mrkbot/.venv/lib/python3.9/site-packages/httpx/_transports/default.py", line 394, in handle_async_request
    resp = await self._pool.handle_async_request(req)
  File "/Library/Developer/CommandLineTools/Library/Frameworks/Python3.framework/Versions/3.9/lib/python3.9/contextlib.py", line 135, in __exit__
    self.gen.throw(type, value, traceback)
  File "/Users/zumrudsahverdieva/mrkbot/.venv/lib/python3.9/site-packages/httpx/_transports/default.py", line 118, in map_httpcore_exceptions
    raise mapped_exc(message) from exc
httpx.ConnectError: [Errno 8] nodename nor servname provided, or not known

The above exception was the direct cause of the following exception:

Traceback (most recent call last):
  File "/Users/zumrudsahverdieva/mrkbot/.venv/lib/python3.9/site-packages/telegram/ext/_utils/networkloop.py", line 134, in network_retry_loop
    await do_action()
  File "/Users/zumrudsahverdieva/mrkbot/.venv/lib/python3.9/site-packages/telegram/ext/_utils/networkloop.py", line 127, in do_action
    action_cb_task.result()
  File "/Users/zumrudsahverdieva/mrkbot/.venv/lib/python3.9/site-packages/telegram/ext/_updater.py", line 340, in polling_action_cb
    updates = await self.bot.get_updates(
  File "/Users/zumrudsahverdieva/mrkbot/.venv/lib/python3.9/site-packages/telegram/ext/_extbot.py", line 676, in get_updates
    updates = await super().get_updates(
  File "/Users/zumrudsahverdieva/mrkbot/.venv/lib/python3.9/site-packages/telegram/_bot.py", line 4780, in get_updates
    await self._post(
  File "/Users/zumrudsahverdieva/mrkbot/.venv/lib/python3.9/site-packages/telegram/_bot.py", line 703, in _post
    return await self._do_post(
  File "/Users/zumrudsahverdieva/mrkbot/.venv/lib/python3.9/site-packages/telegram/ext/_extbot.py", line 372, in _do_post
    return await super()._do_post(
  File "/Users/zumrudsahverdieva/mrkbot/.venv/lib/python3.9/site-packages/telegram/_bot.py", line 732, in _do_post
    result = await request.post(
  File "/Users/zumrudsahverdieva/mrkbot/.venv/lib/python3.9/site-packages/telegram/request/_baserequest.py", line 198, in post
    result = await self._request_wrapper(
  File "/Users/zumrudsahverdieva/mrkbot/.venv/lib/python3.9/site-packages/telegram/request/_baserequest.py", line 305, in _request_wrapper
    code, payload = await self.do_request(
  File "/Users/zumrudsahverdieva/mrkbot/.venv/lib/python3.9/site-packages/telegram/request/_httpxrequest.py", line 303, in do_request
    raise NetworkError(f"httpx.{err.__class__.__name__}: {err}") from err
telegram.error.NetworkError: httpx.ConnectError: [Errno 8] nodename nor servname provided, or not known
2026-04-02 10:19:21,690 - httpx - INFO - HTTP Request: POST https://api.telegram.org/bot8756837734:AAH1IvNHQToW1Lq0gd4Mai0IDC_qAVsFQgM/getUpdates "HTTP/1.1 200 OK"
2026-04-02 10:19:31,897 - httpx - INFO - HTTP Request: POST https://api.telegram.org/bot8756837734:AAH1IvNHQToW1Lq0gd4Mai0IDC_qAVsFQgM/getUpdates "HTTP/1.1 200 OK"
2026-04-02 10:19:42,137 - httpx - INFO - HTTP Request: POST https://api.telegram.org/bot8756837734:AAH1IvNHQToW1Lq0gd4Mai0IDC_qAVsFQgM/getUpdates "HTTP/1.1 200 OK"
2026-04-02 10:35:22,767 - telegram.ext.Application - ERROR - No error handlers are registered, logging exception.
Traceback (most recent call last):
  File "/Users/zumrudsahverdieva/mrkbot/.venv/lib/python3.9/site-packages/httpx/_transports/default.py", line 101, in map_httpcore_exceptions
    yield
  File "/Users/zumrudsahverdieva/mrkbot/.venv/lib/python3.9/site-packages/httpx/_transports/default.py", line 394, in handle_async_request
    resp = await self._pool.handle_async_request(req)
  File "/Users/zumrudsahverdieva/mrkbot/.venv/lib/python3.9/site-packages/httpcore/_async/connection_pool.py", line 256, in handle_async_request
    raise exc from None
  File "/Users/zumrudsahverdieva/mrkbot/.venv/lib/python3.9/site-packages/httpcore/_async/connection_pool.py", line 236, in handle_async_request
    response = await connection.handle_async_request(
  File "/Users/zumrudsahverdieva/mrkbot/.venv/lib/python3.9/site-packages/httpcore/_async/connection.py", line 101, in handle_async_request
    raise exc
  File "/Users/zumrudsahverdieva/mrkbot/.venv/lib/python3.9/site-packages/httpcore/_async/connection.py", line 78, in handle_async_request
    stream = await self._connect(request)
  File "/Users/zumrudsahverdieva/mrkbot/.venv/lib/python3.9/site-packages/httpcore/_async/connection.py", line 124, in _connect
    stream = await self._network_backend.connect_tcp(**kwargs)
  File "/Users/zumrudsahverdieva/mrkbot/.venv/lib/python3.9/site-packages/httpcore/_backends/auto.py", line 31, in connect_tcp
    return await self._backend.connect_tcp(
  File "/Users/zumrudsahverdieva/mrkbot/.venv/lib/python3.9/site-packages/httpcore/_backends/anyio.py", line 122, in connect_tcp
    stream._raw_socket.setsockopt(*option)  # type: ignore[attr-defined] # pragma: no cover
  File "/Library/Developer/CommandLineTools/Library/Frameworks/Python3.framework/Versions/3.9/lib/python3.9/contextlib.py", line 135, in __exit__
    self.gen.throw(type, value, traceback)
  File "/Users/zumrudsahverdieva/mrkbot/.venv/lib/python3.9/site-packages/httpcore/_exceptions.py", line 14, in map_exceptions
    raise to_exc(exc) from exc
httpcore.ConnectError: [Errno 8] nodename nor servname provided, or not known

The above exception was the direct cause of the following exception:

Traceback (most recent call last):
  File "/Users/zumrudsahverdieva/mrkbot/.venv/lib/python3.9/site-packages/telegram/request/_httpxrequest.py", line 279, in do_request
    res = await self._client.request(
  File "/Users/zumrudsahverdieva/mrkbot/.venv/lib/python3.9/site-packages/httpx/_client.py", line 1540, in request
    return await self.send(request, auth=auth, follow_redirects=follow_redirects)
  File "/Users/zumrudsahverdieva/mrkbot/.venv/lib/python3.9/site-packages/httpx/_client.py", line 1629, in send
    response = await self._send_handling_auth(
  File "/Users/zumrudsahverdieva/mrkbot/.venv/lib/python3.9/site-packages/httpx/_client.py", line 1657, in _send_handling_auth
    response = await self._send_handling_redirects(
  File "/Users/zumrudsahverdieva/mrkbot/.venv/lib/python3.9/site-packages/httpx/_client.py", line 1694, in _send_handling_redirects
    response = await self._send_single_request(request)
  File "/Users/zumrudsahverdieva/mrkbot/.venv/lib/python3.9/site-packages/httpx/_client.py", line 1730, in _send_single_request
    response = await transport.handle_async_request(request)
  File "/Users/zumrudsahverdieva/mrkbot/.venv/lib/python3.9/site-packages/httpx/_transports/default.py", line 394, in handle_async_request
    resp = await self._pool.handle_async_request(req)
  File "/Library/Developer/CommandLineTools/Library/Frameworks/Python3.framework/Versions/3.9/lib/python3.9/contextlib.py", line 135, in __exit__
    self.gen.throw(type, value, traceback)
  File "/Users/zumrudsahverdieva/mrkbot/.venv/lib/python3.9/site-packages/httpx/_transports/default.py", line 118, in map_httpcore_exceptions
    raise mapped_exc(message) from exc
httpx.ConnectError: [Errno 8] nodename nor servname provided, or not known

The above exception was the direct cause of the following exception:

Traceback (most recent call last):
  File "/Users/zumrudsahverdieva/mrkbot/.venv/lib/python3.9/site-packages/telegram/ext/_utils/networkloop.py", line 134, in network_retry_loop
    await do_action()
  File "/Users/zumrudsahverdieva/mrkbot/.venv/lib/python3.9/site-packages/telegram/ext/_utils/networkloop.py", line 127, in do_action
    action_cb_task.result()
  File "/Users/zumrudsahverdieva/mrkbot/.venv/lib/python3.9/site-packages/telegram/ext/_updater.py", line 340, in polling_action_cb
    updates = await self.bot.get_updates(
  File "/Users/zumrudsahverdieva/mrkbot/.venv/lib/python3.9/site-packages/telegram/ext/_extbot.py", line 676, in get_updates
    updates = await super().get_updates(
  File "/Users/zumrudsahverdieva/mrkbot/.venv/lib/python3.9/site-packages/telegram/_bot.py", line 4780, in get_updates
    await self._post(
  File "/Users/zumrudsahverdieva/mrkbot/.venv/lib/python3.9/site-packages/telegram/_bot.py", line 703, in _post
    return await self._do_post(
  File "/Users/zumrudsahverdieva/mrkbot/.venv/lib/python3.9/site-packages/telegram/ext/_extbot.py", line 372, in _do_post
    return await super()._do_post(
  File "/Users/zumrudsahverdieva/mrkbot/.venv/lib/python3.9/site-packages/telegram/_bot.py", line 732, in _do_post
    result = await request.post(
  File "/Users/zumrudsahverdieva/mrkbot/.venv/lib/python3.9/site-packages/telegram/request/_baserequest.py", line 198, in post
    result = await self._request_wrapper(
  File "/Users/zumrudsahverdieva/mrkbot/.venv/lib/python3.9/site-packages/telegram/request/_baserequest.py", line 305, in _request_wrapper
    code, payload = await self.do_request(
  File "/Users/zumrudsahverdieva/mrkbot/.venv/lib/python3.9/site-packages/telegram/request/_httpxrequest.py", line 303, in do_request
    raise NetworkError(f"httpx.{err.__class__.__name__}: {err}") from err
telegram.error.NetworkError: httpx.ConnectError: [Errno 8] nodename nor servname provided, or not known
2026-04-02 10:35:34,244 - httpx - INFO - HTTP Request: POST https://api.telegram.org/bot8756837734:AAH1IvNHQToW1Lq0gd4Mai0IDC_qAVsFQgM/getUpdates "HTTP/1.1 200 OK"
2026-04-02 10:35:44,383 - httpx - INFO - HTTP Request: POST https://api.telegram.org/bot8756837734:AAH1IvNHQToW1Lq0gd4Mai0IDC_qAVsFQgM/getUpdates "HTTP/1.1 200 OK"
2026-04-02 10:35:54,519 - httpx - INFO - HTTP Request: POST https://api.telegram.org/bot8756837734:AAH1IvNHQToW1Lq0gd4Mai0IDC_qAVsFQgM/getUpdates "HTTP/1.1 200 OK"
2026-04-02 10:37:07,163 - httpx - INFO - HTTP Request: POST https://api.telegram.org/bot8756837734:AAH1IvNHQToW1Lq0gd4Mai0IDC_qAVsFQgM/getUpdates "HTTP/1.1 200 OK"
2026-04-02 10:37:17,242 - httpx - INFO - HTTP Request: POST https://api.telegram.org/bot8756837734:AAH1IvNHQToW1Lq0gd4Mai0IDC_qAVsFQgM/getUpdates "HTTP/1.1 200 OK"
2026-04-02 10:37:27,308 - httpx - INFO - HTTP Request: POST https://api.telegram.org/bot8756837734:AAH1IvNHQToW1Lq0gd4Mai0IDC_qAVsFQgM/getUpdates "HTTP/1.1 200 OK"
2026-04-02 10:37:37,534 - httpx - INFO - HTTP Request: POST https://api.telegram.org/bot8756837734:AAH1IvNHQToW1Lq0gd4Mai0IDC_qAVsFQgM/getUpdates "HTTP/1.1 200 OK"
2026-04-02 10:37:47,623 - httpx - INFO - HTTP Request: POST https://api.telegram.org/bot8756837734:AAH1IvNHQToW1Lq0gd4Mai0IDC_qAVsFQgM/getUpdates "HTTP/1.1 200 OK"
2026-04-02 10:37:57,812 - httpx - INFO - HTTP Request: POST https://api.telegram.org/bot8756837734:AAH1IvNHQToW1Lq0gd4Mai0IDC_qAVsFQgM/getUpdates "HTTP/1.1 200 OK"
2026-04-02 10:38:07,945 - httpx - INFO - HTTP Request: POST https://api.telegram.org/bot8756837734:AAH1IvNHQToW1Lq0gd4Mai0IDC_qAVsFQgM/getUpdates "HTTP/1.1 200 OK"
2026-04-02 10:38:18,018 - httpx - INFO - HTTP Request: POST https://api.telegram.org/bot8756837734:AAH1IvNHQToW1Lq0gd4Mai0IDC_qAVsFQgM/getUpdates "HTTP/1.1 200 OK"
2026-04-02 10:38:28,085 - httpx - INFO - HTTP Request: POST https://api.telegram.org/bot8756837734:AAH1IvNHQToW1Lq0gd4Mai0IDC_qAVsFQgM/getUpdates "HTTP/1.1 200 OK"
2026-04-02 10:38:38,165 - httpx - INFO - HTTP Request: POST https://api.telegram.org/bot8756837734:AAH1IvNHQToW1Lq0gd4Mai0IDC_qAVsFQgM/getUpdates "HTTP/1.1 200 OK"
2026-04-02 10:38:48,291 - httpx - INFO - HTTP Request: POST https://api.telegram.org/bot8756837734:AAH1IvNHQToW1Lq0gd4Mai0IDC_qAVsFQgM/getUpdates "HTTP/1.1 200 OK"
2026-04-02 10:38:58,634 - httpx - INFO - HTTP Request: POST https://api.telegram.org/bot8756837734:AAH1IvNHQToW1Lq0gd4Mai0IDC_qAVsFQgM/getUpdates "HTTP/1.1 200 OK"
2026-04-02 10:39:08,733 - httpx - INFO - HTTP Request: POST https://api.telegram.org/bot8756837734:AAH1IvNHQToW1Lq0gd4Mai0IDC_qAVsFQgM/getUpdates "HTTP/1.1 200 OK"
2026-04-02 10:39:18,811 - httpx - INFO - HTTP Request: POST https://api.telegram.org/bot8756837734:AAH1IvNHQToW1Lq0gd4Mai0IDC_qAVsFQgM/getUpdates "HTTP/1.1 200 OK"
2026-04-02 10:39:28,948 - httpx - INFO - HTTP Request: POST https://api.telegram.org/bot8756837734:AAH1IvNHQToW1Lq0gd4Mai0IDC_qAVsFQgM/getUpdates "HTTP/1.1 200 OK"
2026-04-02 10:39:39,025 - httpx - INFO - HTTP Request: POST https://api.telegram.org/bot8756837734:AAH1IvNHQToW1Lq0gd4Mai0IDC_qAVsFQgM/getUpdates "HTTP/1.1 200 OK"
2026-04-02 10:39:49,117 - httpx - INFO - HTTP Request: POST https://api.telegram.org/bot8756837734:AAH1IvNHQToW1Lq0gd4Mai0IDC_qAVsFQgM/getUpdates "HTTP/1.1 200 OK"
2026-04-02 10:39:59,254 - httpx - INFO - HTTP Request: POST https://api.telegram.org/bot8756837734:AAH1IvNHQToW1Lq0gd4Mai0IDC_qAVsFQgM/getUpdates "HTTP/1.1 200 OK"
2026-04-02 10:40:09,324 - httpx - INFO - HTTP Request: POST https://api.telegram.org/bot8756837734:AAH1IvNHQToW1Lq0gd4Mai0IDC_qAVsFQgM/getUpdates "HTTP/1.1 200 OK"
2026-04-02 10:40:19,529 - httpx - INFO - HTTP Request: POST https://api.telegram.org/bot8756837734:AAH1IvNHQToW1Lq0gd4Mai0IDC_qAVsFQgM/getUpdates "HTTP/1.1 200 OK"
2026-04-02 10:40:29,605 - httpx - INFO - HTTP Request: POST https://api.telegram.org/bot8756837734:AAH1IvNHQToW1Lq0gd4Mai0IDC_qAVsFQgM/getUpdates "HTTP/1.1 200 OK"
2026-04-02 10:40:39,674 - httpx - INFO - HTTP Request: POST https://api.telegram.org/bot8756837734:AAH1IvNHQToW1Lq0gd4Mai0IDC_qAVsFQgM/getUpdates "HTTP/1.1 200 OK"
2026-04-02 10:40:49,840 - httpx - INFO - HTTP Request: POST https://api.telegram.org/bot8756837734:AAH1IvNHQToW1Lq0gd4Mai0IDC_qAVsFQgM/getUpdates "HTTP/1.1 200 OK"
2026-04-02 10:40:59,978 - httpx - INFO - HTTP Request: POST https://api.telegram.org/bot8756837734:AAH1IvNHQToW1Lq0gd4Mai0IDC_qAVsFQgM/getUpdates "HTTP/1.1 200 OK"
2026-04-02 10:41:10,122 - httpx - INFO - HTTP Request: POST https://api.telegram.org/bot8756837734:AAH1IvNHQToW1Lq0gd4Mai0IDC_qAVsFQgM/getUpdates "HTTP/1.1 200 OK"
2026-04-02 10:41:20,253 - httpx - INFO - HTTP Request: POST https://api.telegram.org/bot8756837734:AAH1IvNHQToW1Lq0gd4Mai0IDC_qAVsFQgM/getUpdates "HTTP/1.1 200 OK"
2026-04-02 10:41:30,332 - httpx - INFO - HTTP Request: POST https://api.telegram.org/bot8756837734:AAH1IvNHQToW1Lq0gd4Mai0IDC_qAVsFQgM/getUpdates "HTTP/1.1 200 OK"
2026-04-02 10:41:40,529 - httpx - INFO - HTTP Request: POST https://api.telegram.org/bot8756837734:AAH1IvNHQToW1Lq0gd4Mai0IDC_qAVsFQgM/getUpdates "HTTP/1.1 200 OK"
2026-04-02 10:41:50,666 - httpx - INFO - HTTP Request: POST https://api.telegram.org/bot8756837734:AAH1IvNHQToW1Lq0gd4Mai0IDC_qAVsFQgM/getUpdates "HTTP/1.1 200 OK"
2026-04-02 10:42:00,911 - httpx - INFO - HTTP Request: POST https://api.telegram.org/bot8756837734:AAH1IvNHQToW1Lq0gd4Mai0IDC_qAVsFQgM/getUpdates "HTTP/1.1 200 OK"
2026-04-02 10:42:11,146 - httpx - INFO - HTTP Request: POST https://api.telegram.org/bot8756837734:AAH1IvNHQToW1Lq0gd4Mai0IDC_qAVsFQgM/getUpdates "HTTP/1.1 200 OK"
2026-04-02 10:42:21,242 - httpx - INFO - HTTP Request: POST https://api.telegram.org/bot8756837734:AAH1IvNHQToW1Lq0gd4Mai0IDC_qAVsFQgM/getUpdates "HTTP/1.1 200 OK"
2026-04-02 10:42:31,420 - httpx - INFO - HTTP Request: POST https://api.telegram.org/bot8756837734:AAH1IvNHQToW1Lq0gd4Mai0IDC_qAVsFQgM/getUpdates "HTTP/1.1 200 OK"
2026-04-02 10:42:41,560 - httpx - INFO - HTTP Request: POST https://api.telegram.org/bot8756837734:AAH1IvNHQToW1Lq0gd4Mai0IDC_qAVsFQgM/getUpdates "HTTP/1.1 200 OK"
2026-04-02 10:42:51,666 - httpx - INFO - HTTP Request: POST https://api.telegram.org/bot8756837734:AAH1IvNHQToW1Lq0gd4Mai0IDC_qAVsFQgM/getUpdates "HTTP/1.1 200 OK"
2026-04-02 10:43:01,749 - httpx - INFO - HTTP Request: POST https://api.telegram.org/bot8756837734:AAH1IvNHQToW1Lq0gd4Mai0IDC_qAVsFQgM/getUpdates "HTTP/1.1 200 OK"
2026-04-02 10:43:11,899 - httpx - INFO - HTTP Request: POST https://api.telegram.org/bot8756837734:AAH1IvNHQToW1Lq0gd4Mai0IDC_qAVsFQgM/getUpdates "HTTP/1.1 200 OK"
2026-04-02 10:43:22,006 - httpx - INFO - HTTP Request: POST https://api.telegram.org/bot8756837734:AAH1IvNHQToW1Lq0gd4Mai0IDC_qAVsFQgM/getUpdates "HTTP/1.1 200 OK"
2026-04-02 10:43:32,147 - httpx - INFO - HTTP Request: POST https://api.telegram.org/bot8756837734:AAH1IvNHQToW1Lq0gd4Mai0IDC_qAVsFQgM/getUpdates "HTTP/1.1 200 OK"
2026-04-02 10:43:57,532 - httpx - INFO - HTTP Request: POST https://api.telegram.org/bot8756837734:AAH1IvNHQToW1Lq0gd4Mai0IDC_qAVsFQgM/getUpdates "HTTP/1.1 200 OK"
2026-04-02 10:44:07,624 - httpx - INFO - HTTP Request: POST https://api.telegram.org/bot8756837734:AAH1IvNHQToW1Lq0gd4Mai0IDC_qAVsFQgM/getUpdates "HTTP/1.1 200 OK"
2026-04-02 10:44:17,695 - httpx - INFO - HTTP Request: POST https://api.telegram.org/bot8756837734:AAH1IvNHQToW1Lq0gd4Mai0IDC_qAVsFQgM/getUpdates "HTTP/1.1 200 OK"
2026-04-02 10:44:27,855 - httpx - INFO - HTTP Request: POST https://api.telegram.org/bot8756837734:AAH1IvNHQToW1Lq0gd4Mai0IDC_qAVsFQgM/getUpdates "HTTP/1.1 200 OK"
2026-04-02 10:44:37,924 - httpx - INFO - HTTP Request: POST https://api.telegram.org/bot8756837734:AAH1IvNHQToW1Lq0gd4Mai0IDC_qAVsFQgM/getUpdates "HTTP/1.1 200 OK"
2026-04-02 10:44:48,022 - httpx - INFO - HTTP Request: POST https://api.telegram.org/bot8756837734:AAH1IvNHQToW1Lq0gd4Mai0IDC_qAVsFQgM/getUpdates "HTTP/1.1 200 OK"
2026-04-02 10:44:58,164 - httpx - INFO - HTTP Request: POST https://api.telegram.org/bot8756837734:AAH1IvNHQToW1Lq0gd4Mai0IDC_qAVsFQgM/getUpdates "HTTP/1.1 200 OK"
2026-04-02 10:45:08,244 - httpx - INFO - HTTP Request: POST https://api.telegram.org/bot8756837734:AAH1IvNHQToW1Lq0gd4Mai0IDC_qAVsFQgM/getUpdates "HTTP/1.1 200 OK"
2026-04-02 10:45:18,308 - httpx - INFO - HTTP Request: POST https://api.telegram.org/bot8756837734:AAH1IvNHQToW1Lq0gd4Mai0IDC_qAVsFQgM/getUpdates "HTTP/1.1 200 OK"
2026-04-02 10:45:28,470 - httpx - INFO - HTTP Request: POST https://api.telegram.org/bot8756837734:AAH1IvNHQToW1Lq0gd4Mai0IDC_qAVsFQgM/getUpdates "HTTP/1.1 200 OK"
2026-04-02 10:45:38,712 - httpx - INFO - HTTP Request: POST https://api.telegram.org/bot8756837734:AAH1IvNHQToW1Lq0gd4Mai0IDC_qAVsFQgM/getUpdates "HTTP/1.1 200 OK"
2026-04-02 10:45:48,950 - httpx - INFO - HTTP Request: POST https://api.telegram.org/bot8756837734:AAH1IvNHQToW1Lq0gd4Mai0IDC_qAVsFQgM/getUpdates "HTTP/1.1 200 OK"
2026-04-02 10:45:59,087 - httpx - INFO - HTTP Request: POST https://api.telegram.org/bot8756837734:AAH1IvNHQToW1Lq0gd4Mai0IDC_qAVsFQgM/getUpdates "HTTP/1.1 200 OK"
2026-04-02 10:46:09,169 - httpx - INFO - HTTP Request: POST https://api.telegram.org/bot8756837734:AAH1IvNHQToW1Lq0gd4Mai0IDC_qAVsFQgM/getUpdates "HTTP/1.1 200 OK"
2026-04-02 10:46:19,372 - httpx - INFO - HTTP Request: POST https://api.telegram.org/bot8756837734:AAH1IvNHQToW1Lq0gd4Mai0IDC_qAVsFQgM/getUpdates "HTTP/1.1 200 OK"
2026-04-02 10:46:29,501 - httpx - INFO - HTTP Request: POST https://api.telegram.org/bot8756837734:AAH1IvNHQToW1Lq0gd4Mai0IDC_qAVsFQgM/getUpdates "HTTP/1.1 200 OK"
2026-04-02 10:46:39,639 - httpx - INFO - HTTP Request: POST https://api.telegram.org/bot8756837734:AAH1IvNHQToW1Lq0gd4Mai0IDC_qAVsFQgM/getUpdates "HTTP/1.1 200 OK"
2026-04-02 10:46:49,746 - httpx - INFO - HTTP Request: POST https://api.telegram.org/bot8756837734:AAH1IvNHQToW1Lq0gd4Mai0IDC_qAVsFQgM/getUpdates "HTTP/1.1 200 OK"
2026-04-02 10:46:59,913 - httpx - INFO - HTTP Request: POST https://api.telegram.org/bot8756837734:AAH1IvNHQToW1Lq0gd4Mai0IDC_qAVsFQgM/getUpdates "HTTP/1.1 200 OK"
2026-04-02 10:47:10,057 - httpx - INFO - HTTP Request: POST https://api.telegram.org/bot8756837734:AAH1IvNHQToW1Lq0gd4Mai0IDC_qAVsFQgM/getUpdates "HTTP/1.1 200 OK"
2026-04-02 10:47:20,139 - httpx - INFO - HTTP Request: POST https://api.telegram.org/bot8756837734:AAH1IvNHQToW1Lq0gd4Mai0IDC_qAVsFQgM/getUpdates "HTTP/1.1 200 OK"
2026-04-02 10:47:30,226 - httpx - INFO - HTTP Request: POST https://api.telegram.org/bot8756837734:AAH1IvNHQToW1Lq0gd4Mai0IDC_qAVsFQgM/getUpdates "HTTP/1.1 200 OK"
2026-04-02 10:47:40,311 - httpx - INFO - HTTP Request: POST https://api.telegram.org/bot8756837734:AAH1IvNHQToW1Lq0gd4Mai0IDC_qAVsFQgM/getUpdates "HTTP/1.1 200 OK"
2026-04-02 10:47:50,396 - httpx - INFO - HTTP Request: POST https://api.telegram.org/bot8756837734:AAH1IvNHQToW1Lq0gd4Mai0IDC_qAVsFQgM/getUpdates "HTTP/1.1 200 OK"
2026-04-02 10:48:00,467 - httpx - INFO - HTTP Request: POST https://api.telegram.org/bot8756837734:AAH1IvNHQToW1Lq0gd4Mai0IDC_qAVsFQgM/getUpdates "HTTP/1.1 200 OK"
2026-04-02 10:48:10,569 - httpx - INFO - HTTP Request: POST https://api.telegram.org/bot8756837734:AAH1IvNHQToW1Lq0gd4Mai0IDC_qAVsFQgM/getUpdates "HTTP/1.1 200 OK"
2026-04-02 10:48:20,708 - httpx - INFO - HTTP Request: POST https://api.telegram.org/bot8756837734:AAH1IvNHQToW1Lq0gd4Mai0IDC_qAVsFQgM/getUpdates "HTTP/1.1 200 OK"
2026-04-02 10:48:30,948 - httpx - INFO - HTTP Request: POST https://api.telegram.org/bot8756837734:AAH1IvNHQToW1Lq0gd4Mai0IDC_qAVsFQgM/getUpdates "HTTP/1.1 200 OK"
2026-04-02 10:48:41,085 - httpx - INFO - HTTP Request: POST https://api.telegram.org/bot8756837734:AAH1IvNHQToW1Lq0gd4Mai0IDC_qAVsFQgM/getUpdates "HTTP/1.1 200 OK"
2026-04-02 10:48:51,175 - httpx - INFO - HTTP Request: POST https://api.telegram.org/bot8756837734:AAH1IvNHQToW1Lq0gd4Mai0IDC_qAVsFQgM/getUpdates "HTTP/1.1 200 OK"
2026-04-02 10:49:01,469 - httpx - INFO - HTTP Request: POST https://api.telegram.org/bot8756837734:AAH1IvNHQToW1Lq0gd4Mai0IDC_qAVsFQgM/getUpdates "HTTP/1.1 200 OK"
2026-04-02 10:49:11,600 - httpx - INFO - HTTP Request: POST https://api.telegram.org/bot8756837734:AAH1IvNHQToW1Lq0gd4Mai0IDC_qAVsFQgM/getUpdates "HTTP/1.1 200 OK"
2026-04-02 10:49:21,664 - httpx - INFO - HTTP Request: POST https://api.telegram.org/bot8756837734:AAH1IvNHQToW1Lq0gd4Mai0IDC_qAVsFQgM/getUpdates "HTTP/1.1 200 OK"
2026-04-02 10:49:31,773 - httpx - INFO - HTTP Request: POST https://api.telegram.org/bot8756837734:AAH1IvNHQToW1Lq0gd4Mai0IDC_qAVsFQgM/getUpdates "HTTP/1.1 200 OK"
2026-04-02 10:49:41,912 - httpx - INFO - HTTP Request: POST https://api.telegram.org/bot8756837734:AAH1IvNHQToW1Lq0gd4Mai0IDC_qAVsFQgM/getUpdates "HTTP/1.1 200 OK"
2026-04-02 10:49:52,181 - httpx - INFO - HTTP Request: POST https://api.telegram.org/bot8756837734:AAH1IvNHQToW1Lq0gd4Mai0IDC_qAVsFQgM/getUpdates "HTTP/1.1 200 OK"
2026-04-02 10:50:02,493 - httpx - INFO - HTTP Request: POST https://api.telegram.org/bot8756837734:AAH1IvNHQToW1Lq0gd4Mai0IDC_qAVsFQgM/getUpdates "HTTP/1.1 200 OK"
2026-04-02 10:50:12,585 - httpx - INFO - HTTP Request: POST https://api.telegram.org/bot8756837734:AAH1IvNHQToW1Lq0gd4Mai0IDC_qAVsFQgM/getUpdates "HTTP/1.1 200 OK"
2026-04-02 10:50:22,706 - httpx - INFO - HTTP Request: POST https://api.telegram.org/bot8756837734:AAH1IvNHQToW1Lq0gd4Mai0IDC_qAVsFQgM/getUpdates "HTTP/1.1 200 OK"
2026-04-02 10:50:32,906 - httpx - INFO - HTTP Request: POST https://api.telegram.org/bot8756837734:AAH1IvNHQToW1Lq0gd4Mai0IDC_qAVsFQgM/getUpdates "HTTP/1.1 200 OK"
2026-04-02 10:50:43,047 - httpx - INFO - HTTP Request: POST https://api.telegram.org/bot8756837734:AAH1IvNHQToW1Lq0gd4Mai0IDC_qAVsFQgM/getUpdates "HTTP/1.1 200 OK"
2026-04-02 10:50:53,146 - httpx - INFO - HTTP Request: POST https://api.telegram.org/bot8756837734:AAH1IvNHQToW1Lq0gd4Mai0IDC_qAVsFQgM/getUpdates "HTTP/1.1 200 OK"
2026-04-02 10:51:03,327 - httpx - INFO - HTTP Request: POST https://api.telegram.org/bot8756837734:AAH1IvNHQToW1Lq0gd4Mai0IDC_qAVsFQgM/getUpdates "HTTP/1.1 200 OK"
2026-04-02 10:51:13,448 - httpx - INFO - HTTP Request: POST https://api.telegram.org/bot8756837734:AAH1IvNHQToW1Lq0gd4Mai0IDC_qAVsFQgM/getUpdates "HTTP/1.1 200 OK"
2026-04-02 10:51:23,552 - httpx - INFO - HTTP Request: POST https://api.telegram.org/bot8756837734:AAH1IvNHQToW1Lq0gd4Mai0IDC_qAVsFQgM/getUpdates "HTTP/1.1 200 OK"
2026-04-02 10:51:33,642 - httpx - INFO - HTTP Request: POST https://api.telegram.org/bot8756837734:AAH1IvNHQToW1Lq0gd4Mai0IDC_qAVsFQgM/getUpdates "HTTP/1.1 200 OK"
2026-04-02 10:51:43,748 - httpx - INFO - HTTP Request: POST https://api.telegram.org/bot8756837734:AAH1IvNHQToW1Lq0gd4Mai0IDC_qAVsFQgM/getUpdates "HTTP/1.1 200 OK"
2026-04-02 10:51:54,092 - httpx - INFO - HTTP Request: POST https://api.telegram.org/bot8756837734:AAH1IvNHQToW1Lq0gd4Mai0IDC_qAVsFQgM/getUpdates "HTTP/1.1 200 OK"
2026-04-02 10:52:04,180 - httpx - INFO - HTTP Request: POST https://api.telegram.org/bot8756837734:AAH1IvNHQToW1Lq0gd4Mai0IDC_qAVsFQgM/getUpdates "HTTP/1.1 200 OK"
2026-04-02 10:52:43,644 - httpx - INFO - HTTP Request: POST https://api.telegram.org/bot8756837734:AAH1IvNHQToW1Lq0gd4Mai0IDC_qAVsFQgM/getUpdates "HTTP/1.1 200 OK"
2026-04-02 10:52:53,746 - httpx - INFO - HTTP Request: POST https://api.telegram.org/bot8756837734:AAH1IvNHQToW1Lq0gd4Mai0IDC_qAVsFQgM/getUpdates "HTTP/1.1 200 OK"
2026-04-02 10:53:03,847 - httpx - INFO - HTTP Request: POST https://api.telegram.org/bot8756837734:AAH1IvNHQToW1Lq0gd4Mai0IDC_qAVsFQgM/getUpdates "HTTP/1.1 200 OK"
2026-04-02 10:53:13,989 - httpx - INFO - HTTP Request: POST https://api.telegram.org/bot8756837734:AAH1IvNHQToW1Lq0gd4Mai0IDC_qAVsFQgM/getUpdates "HTTP/1.1 200 OK"
2026-04-02 11:02:11,174 - httpx - INFO - HTTP Request: POST https://api.telegram.org/bot8756837734:AAH1IvNHQToW1Lq0gd4Mai0IDC_qAVsFQgM/getUpdates "HTTP/1.1 200 OK"
2026-04-02 11:02:21,415 - httpx - INFO - HTTP Request: POST https://api.telegram.org/bot8756837734:AAH1IvNHQToW1Lq0gd4Mai0IDC_qAVsFQgM/getUpdates "HTTP/1.1 200 OK"
2026-04-02 11:02:31,482 - httpx - INFO - HTTP Request: POST https://api.telegram.org/bot8756837734:AAH1IvNHQToW1Lq0gd4Mai0IDC_qAVsFQgM/getUpdates "HTTP/1.1 200 OK"
2026-04-02 11:18:22,796 - httpx - INFO - HTTP Request: POST https://api.telegram.org/bot8756837734:AAH1IvNHQToW1Lq0gd4Mai0IDC_qAVsFQgM/getUpdates "HTTP/1.1 200 OK"
2026-04-02 11:18:32,902 - httpx - INFO - HTTP Request: POST https://api.telegram.org/bot8756837734:AAH1IvNHQToW1Lq0gd4Mai0IDC_qAVsFQgM/getUpdates "HTTP/1.1 200 OK"
2026-04-02 11:18:43,021 - httpx - INFO - HTTP Request: POST https://api.telegram.org/bot8756837734:AAH1IvNHQToW1Lq0gd4Mai0IDC_qAVsFQgM/getUpdates "HTTP/1.1 200 OK"
2026-04-02 11:21:37,547 - httpx - INFO - HTTP Request: POST https://api.telegram.org/bot8756837734:AAH1IvNHQToW1Lq0gd4Mai0IDC_qAVsFQgM/getUpdates "HTTP/1.1 200 OK"
2026-04-02 11:21:47,751 - httpx - INFO - HTTP Request: POST https://api.telegram.org/bot8756837734:AAH1IvNHQToW1Lq0gd4Mai0IDC_qAVsFQgM/getUpdates "HTTP/1.1 200 OK"
2026-04-02 11:21:57,835 - httpx - INFO - HTTP Request: POST https://api.telegram.org/bot8756837734:AAH1IvNHQToW1Lq0gd4Mai0IDC_qAVsFQgM/getUpdates "HTTP/1.1 200 OK"
2026-04-02 11:22:09,335 - httpx - INFO - HTTP Request: POST https://api.telegram.org/bot8756837734:AAH1IvNHQToW1Lq0gd4Mai0IDC_qAVsFQgM/getUpdates "HTTP/1.1 200 OK"
2026-04-02 11:22:20,212 - httpx - INFO - HTTP Request: POST https://api.telegram.org/bot8756837734:AAH1IvNHQToW1Lq0gd4Mai0IDC_qAVsFQgM/getUpdates "HTTP/1.1 200 OK"
2026-04-02 11:22:30,350 - httpx - INFO - HTTP Request: POST https://api.telegram.org/bot8756837734:AAH1IvNHQToW1Lq0gd4Mai0IDC_qAVsFQgM/getUpdates "HTTP/1.1 200 OK"
2026-04-02 11:22:40,814 - httpx - INFO - HTTP Request: POST https://api.telegram.org/bot8756837734:AAH1IvNHQToW1Lq0gd4Mai0IDC_qAVsFQgM/getUpdates "HTTP/1.1 200 OK"
2026-04-02 11:22:51,445 - httpx - INFO - HTTP Request: POST https://api.telegram.org/bot8756837734:AAH1IvNHQToW1Lq0gd4Mai0IDC_qAVsFQgM/getUpdates "HTTP/1.1 200 OK"
2026-04-02 11:23:01,528 - httpx - INFO - HTTP Request: POST https://api.telegram.org/bot8756837734:AAH1IvNHQToW1Lq0gd4Mai0IDC_qAVsFQgM/getUpdates "HTTP/1.1 200 OK"
2026-04-02 11:23:11,720 - httpx - INFO - HTTP Request: POST https://api.telegram.org/bot8756837734:AAH1IvNHQToW1Lq0gd4Mai0IDC_qAVsFQgM/getUpdates "HTTP/1.1 200 OK"
2026-04-02 11:23:21,848 - httpx - INFO - HTTP Request: POST https://api.telegram.org/bot8756837734:AAH1IvNHQToW1Lq0gd4Mai0IDC_qAVsFQgM/getUpdates "HTTP/1.1 200 OK"
2026-04-02 11:23:31,924 - httpx - INFO - HTTP Request: POST https://api.telegram.org/bot8756837734:AAH1IvNHQToW1Lq0gd4Mai0IDC_qAVsFQgM/getUpdates "HTTP/1.1 200 OK"
2026-04-02 11:23:42,327 - httpx - INFO - HTTP Request: POST https://api.telegram.org/bot8756837734:AAH1IvNHQToW1Lq0gd4Mai0IDC_qAVsFQgM/getUpdates "HTTP/1.1 200 OK"
2026-04-02 11:23:52,408 - httpx - INFO - HTTP Request: POST https://api.telegram.org/bot8756837734:AAH1IvNHQToW1Lq0gd4Mai0IDC_qAVsFQgM/getUpdates "HTTP/1.1 200 OK"
2026-04-02 11:24:02,510 - httpx - INFO - HTTP Request: POST https://api.telegram.org/bot8756837734:AAH1IvNHQToW1Lq0gd4Mai0IDC_qAVsFQgM/getUpdates "HTTP/1.1 200 OK"
2026-04-02 11:24:12,662 - httpx - INFO - HTTP Request: POST https://api.telegram.org/bot8756837734:AAH1IvNHQToW1Lq0gd4Mai0IDC_qAVsFQgM/getUpdates "HTTP/1.1 200 OK"
2026-04-02 11:24:24,321 - httpx - INFO - HTTP Request: POST https://api.telegram.org/bot8756837734:AAH1IvNHQToW1Lq0gd4Mai0IDC_qAVsFQgM/getUpdates "HTTP/1.1 200 OK"
2026-04-02 11:24:35,264 - httpx - INFO - HTTP Request: POST https://api.telegram.org/bot8756837734:AAH1IvNHQToW1Lq0gd4Mai0IDC_qAVsFQgM/getUpdates "HTTP/1.1 200 OK"
2026-04-02 11:24:45,370 - httpx - INFO - HTTP Request: POST https://api.telegram.org/bot8756837734:AAH1IvNHQToW1Lq0gd4Mai0IDC_qAVsFQgM/getUpdates "HTTP/1.1 200 OK"
2026-04-02 11:24:55,921 - httpx - INFO - HTTP Request: POST https://api.telegram.org/bot8756837734:AAH1IvNHQToW1Lq0gd4Mai0IDC_qAVsFQgM/getUpdates "HTTP/1.1 200 OK"
2026-04-02 11:25:06,325 - httpx - INFO - HTTP Request: POST https://api.telegram.org/bot8756837734:AAH1IvNHQToW1Lq0gd4Mai0IDC_qAVsFQgM/getUpdates "HTTP/1.1 200 OK"
2026-04-02 11:25:16,500 - httpx - INFO - HTTP Request: POST https://api.telegram.org/bot8756837734:AAH1IvNHQToW1Lq0gd4Mai0IDC_qAVsFQgM/getUpdates "HTTP/1.1 200 OK"
2026-04-02 11:25:26,790 - httpx - INFO - HTTP Request: POST https://api.telegram.org/bot8756837734:AAH1IvNHQToW1Lq0gd4Mai0IDC_qAVsFQgM/getUpdates "HTTP/1.1 200 OK"
2026-04-02 11:25:37,150 - httpx - INFO - HTTP Request: POST https://api.telegram.org/bot8756837734:AAH1IvNHQToW1Lq0gd4Mai0IDC_qAVsFQgM/getUpdates "HTTP/1.1 200 OK"
2026-04-02 11:25:47,407 - httpx - INFO - HTTP Request: POST https://api.telegram.org/bot8756837734:AAH1IvNHQToW1Lq0gd4Mai0IDC_qAVsFQgM/getUpdates "HTTP/1.1 200 OK"
2026-04-02 11:25:57,608 - httpx - INFO - HTTP Request: POST https://api.telegram.org/bot8756837734:AAH1IvNHQToW1Lq0gd4Mai0IDC_qAVsFQgM/getUpdates "HTTP/1.1 200 OK"
2026-04-02 11:26:07,848 - httpx - INFO - HTTP Request: POST https://api.telegram.org/bot8756837734:AAH1IvNHQToW1Lq0gd4Mai0IDC_qAVsFQgM/getUpdates "HTTP/1.1 200 OK"
2026-04-02 11:26:17,960 - httpx - INFO - HTTP Request: POST https://api.telegram.org/bot8756837734:AAH1IvNHQToW1Lq0gd4Mai0IDC_qAVsFQgM/getUpdates "HTTP/1.1 200 OK"
2026-04-02 11:26:28,052 - httpx - INFO - HTTP Request: POST https://api.telegram.org/bot8756837734:AAH1IvNHQToW1Lq0gd4Mai0IDC_qAVsFQgM/getUpdates "HTTP/1.1 200 OK"
2026-04-02 11:26:53,524 - httpx - INFO - HTTP Request: POST https://api.telegram.org/bot8756837734:AAH1IvNHQToW1Lq0gd4Mai0IDC_qAVsFQgM/getUpdates "HTTP/1.1 200 OK"
2026-04-02 11:27:03,609 - httpx - INFO - HTTP Request: POST https://api.telegram.org/bot8756837734:AAH1IvNHQToW1Lq0gd4Mai0IDC_qAVsFQgM/getUpdates "HTTP/1.1 200 OK"
2026-04-02 11:27:14,261 - httpx - INFO - HTTP Request: POST https://api.telegram.org/bot8756837734:AAH1IvNHQToW1Lq0gd4Mai0IDC_qAVsFQgM/getUpdates "HTTP/1.1 200 OK"
2026-04-02 11:27:24,860 - httpx - INFO - HTTP Request: POST https://api.telegram.org/bot8756837734:AAH1IvNHQToW1Lq0gd4Mai0IDC_qAVsFQgM/getUpdates "HTTP/1.1 200 OK"
2026-04-02 11:27:34,963 - httpx - INFO - HTTP Request: POST https://api.telegram.org/bot8756837734:AAH1IvNHQToW1Lq0gd4Mai0IDC_qAVsFQgM/getUpdates "HTTP/1.1 200 OK"
2026-04-02 11:27:45,029 - httpx - INFO - HTTP Request: POST https://api.telegram.org/bot8756837734:AAH1IvNHQToW1Lq0gd4Mai0IDC_qAVsFQgM/getUpdates "HTTP/1.1 200 OK"
2026-04-02 11:27:55,265 - httpx - INFO - HTTP Request: POST https://api.telegram.org/bot8756837734:AAH1IvNHQToW1Lq0gd4Mai0IDC_qAVsFQgM/getUpdates "HTTP/1.1 200 OK"
2026-04-02 11:28:05,505 - httpx - INFO - HTTP Request: POST https://api.telegram.org/bot8756837734:AAH1IvNHQToW1Lq0gd4Mai0IDC_qAVsFQgM/getUpdates "HTTP/1.1 200 OK"
2026-04-02 11:28:15,607 - httpx - INFO - HTTP Request: POST https://api.telegram.org/bot8756837734:AAH1IvNHQToW1Lq0gd4Mai0IDC_qAVsFQgM/getUpdates "HTTP/1.1 200 OK"
2026-04-02 11:28:26,601 - httpx - INFO - HTTP Request: POST https://api.telegram.org/bot8756837734:AAH1IvNHQToW1Lq0gd4Mai0IDC_qAVsFQgM/getUpdates "HTTP/1.1 200 OK"
2026-04-02 11:28:37,392 - httpx - INFO - HTTP Request: POST https://api.telegram.org/bot8756837734:AAH1IvNHQToW1Lq0gd4Mai0IDC_qAVsFQgM/getUpdates "HTTP/1.1 200 OK"
2026-04-02 11:28:47,509 - httpx - INFO - HTTP Request: POST https://api.telegram.org/bot8756837734:AAH1IvNHQToW1Lq0gd4Mai0IDC_qAVsFQgM/getUpdates "HTTP/1.1 200 OK"
2026-04-02 11:28:57,630 - httpx - INFO - HTTP Request: POST https://api.telegram.org/bot8756837734:AAH1IvNHQToW1Lq0gd4Mai0IDC_qAVsFQgM/getUpdates "HTTP/1.1 200 OK"
2026-04-02 11:29:07,749 - httpx - INFO - HTTP Request: POST https://api.telegram.org/bot8756837734:AAH1IvNHQToW1Lq0gd4Mai0IDC_qAVsFQgM/getUpdates "HTTP/1.1 200 OK"
2026-04-02 11:29:17,855 - httpx - INFO - HTTP Request: POST https://api.telegram.org/bot8756837734:AAH1IvNHQToW1Lq0gd4Mai0IDC_qAVsFQgM/getUpdates "HTTP/1.1 200 OK"
2026-04-02 11:29:28,143 - httpx - INFO - HTTP Request: POST https://api.telegram.org/bot8756837734:AAH1IvNHQToW1Lq0gd4Mai0IDC_qAVsFQgM/getUpdates "HTTP/1.1 200 OK"
2026-04-02 11:29:38,249 - httpx - INFO - HTTP Request: POST https://api.telegram.org/bot8756837734:AAH1IvNHQToW1Lq0gd4Mai0IDC_qAVsFQgM/getUpdates "HTTP/1.1 200 OK"
2026-04-02 11:29:48,420 - httpx - INFO - HTTP Request: POST https://api.telegram.org/bot8756837734:AAH1IvNHQToW1Lq0gd4Mai0IDC_qAVsFQgM/getUpdates "HTTP/1.1 200 OK"
2026-04-02 11:29:58,559 - httpx - INFO - HTTP Request: POST https://api.telegram.org/bot8756837734:AAH1IvNHQToW1Lq0gd4Mai0IDC_qAVsFQgM/getUpdates "HTTP/1.1 200 OK"
2026-04-02 11:30:08,698 - httpx - INFO - HTTP Request: POST https://api.telegram.org/bot8756837734:AAH1IvNHQToW1Lq0gd4Mai0IDC_qAVsFQgM/getUpdates "HTTP/1.1 200 OK"
2026-04-02 11:30:18,810 - httpx - INFO - HTTP Request: POST https://api.telegram.org/bot8756837734:AAH1IvNHQToW1Lq0gd4Mai0IDC_qAVsFQgM/getUpdates "HTTP/1.1 200 OK"
2026-04-02 11:30:28,968 - httpx - INFO - HTTP Request: POST https://api.telegram.org/bot8756837734:AAH1IvNHQToW1Lq0gd4Mai0IDC_qAVsFQgM/getUpdates "HTTP/1.1 200 OK"
2026-04-02 11:30:39,064 - httpx - INFO - HTTP Request: POST https://api.telegram.org/bot8756837734:AAH1IvNHQToW1Lq0gd4Mai0IDC_qAVsFQgM/getUpdates "HTTP/1.1 200 OK"
2026-04-02 11:30:49,259 - httpx - INFO - HTTP Request: POST https://api.telegram.org/bot8756837734:AAH1IvNHQToW1Lq0gd4Mai0IDC_qAVsFQgM/getUpdates "HTTP/1.1 200 OK"
2026-04-02 11:30:59,341 - httpx - INFO - HTTP Request: POST https://api.telegram.org/bot8756837734:AAH1IvNHQToW1Lq0gd4Mai0IDC_qAVsFQgM/getUpdates "HTTP/1.1 200 OK"
2026-04-02 11:31:09,621 - httpx - INFO - HTTP Request: POST https://api.telegram.org/bot8756837734:AAH1IvNHQToW1Lq0gd4Mai0IDC_qAVsFQgM/getUpdates "HTTP/1.1 200 OK"
2026-04-02 11:31:19,758 - httpx - INFO - HTTP Request: POST https://api.telegram.org/bot8756837734:AAH1IvNHQToW1Lq0gd4Mai0IDC_qAVsFQgM/getUpdates "HTTP/1.1 200 OK"
2026-04-02 11:31:29,895 - httpx - INFO - HTTP Request: POST https://api.telegram.org/bot8756837734:AAH1IvNHQToW1Lq0gd4Mai0IDC_qAVsFQgM/getUpdates "HTTP/1.1 200 OK"
2026-04-02 11:31:40,345 - httpx - INFO - HTTP Request: POST https://api.telegram.org/bot8756837734:AAH1IvNHQToW1Lq0gd4Mai0IDC_qAVsFQgM/getUpdates "HTTP/1.1 200 OK"
2026-04-02 11:31:50,455 - httpx - INFO - HTTP Request: POST https://api.telegram.org/bot8756837734:AAH1IvNHQToW1Lq0gd4Mai0IDC_qAVsFQgM/getUpdates "HTTP/1.1 200 OK"
2026-04-02 11:32:00,569 - httpx - INFO - HTTP Request: POST https://api.telegram.org/bot8756837734:AAH1IvNHQToW1Lq0gd4Mai0IDC_qAVsFQgM/getUpdates "HTTP/1.1 200 OK"
2026-04-02 11:42:47,952 - httpx - INFO - HTTP Request: POST https://api.telegram.org/bot8756837734:AAH1IvNHQToW1Lq0gd4Mai0IDC_qAVsFQgM/getUpdates "HTTP/1.1 200 OK"
2026-04-02 11:42:58,017 - httpx - INFO - HTTP Request: POST https://api.telegram.org/bot8756837734:AAH1IvNHQToW1Lq0gd4Mai0IDC_qAVsFQgM/getUpdates "HTTP/1.1 200 OK"
2026-04-02 11:47:48,579 - httpx - INFO - HTTP Request: POST https://api.telegram.org/bot8756837734:AAH1IvNHQToW1Lq0gd4Mai0IDC_qAVsFQgM/getUpdates "HTTP/1.1 200 OK"
2026-04-02 11:47:58,712 - httpx - INFO - HTTP Request: POST https://api.telegram.org/bot8756837734:AAH1IvNHQToW1Lq0gd4Mai0IDC_qAVsFQgM/getUpdates "HTTP/1.1 200 OK"
2026-04-02 11:48:08,794 - httpx - INFO - HTTP Request: POST https://api.telegram.org/bot8756837734:AAH1IvNHQToW1Lq0gd4Mai0IDC_qAVsFQgM/getUpdates "HTTP/1.1 200 OK"
2026-04-02 11:51:09,634 - httpx - INFO - HTTP Request: POST https://api.telegram.org/bot8756837734:AAH1IvNHQToW1Lq0gd4Mai0IDC_qAVsFQgM/getUpdates "HTTP/1.1 200 OK"
2026-04-02 11:51:19,697 - httpx - INFO - HTTP Request: POST https://api.telegram.org/bot8756837734:AAH1IvNHQToW1Lq0gd4Mai0IDC_qAVsFQgM/getUpdates "HTTP/1.1 200 OK"
2026-04-02 11:51:29,980 - httpx - INFO - HTTP Request: POST https://api.telegram.org/bot8756837734:AAH1IvNHQToW1Lq0gd4Mai0IDC_qAVsFQgM/getUpdates "HTTP/1.1 200 OK"
2026-04-02 11:51:41,022 - httpx - INFO - HTTP Request: POST https://api.telegram.org/bot8756837734:AAH1IvNHQToW1Lq0gd4Mai0IDC_qAVsFQgM/getUpdates "HTTP/1.1 200 OK"
2026-04-02 11:51:51,117 - httpx - INFO - HTTP Request: POST https://api.telegram.org/bot8756837734:AAH1IvNHQToW1Lq0gd4Mai0IDC_qAVsFQgM/getUpdates "HTTP/1.1 200 OK"
2026-04-02 11:52:01,279 - httpx - INFO - HTTP Request: POST https://api.telegram.org/bot8756837734:AAH1IvNHQToW1Lq0gd4Mai0IDC_qAVsFQgM/getUpdates "HTTP/1.1 200 OK"
2026-04-02 11:52:11,546 - httpx - INFO - HTTP Request: POST https://api.telegram.org/bot8756837734:AAH1IvNHQToW1Lq0gd4Mai0IDC_qAVsFQgM/getUpdates "HTTP/1.1 200 OK"
2026-04-02 11:52:21,736 - httpx - INFO - HTTP Request: POST https://api.telegram.org/bot8756837734:AAH1IvNHQToW1Lq0gd4Mai0IDC_qAVsFQgM/getUpdates "HTTP/1.1 200 OK"
2026-04-02 11:52:32,385 - httpx - INFO - HTTP Request: POST https://api.telegram.org/bot8756837734:AAH1IvNHQToW1Lq0gd4Mai0IDC_qAVsFQgM/getUpdates "HTTP/1.1 200 OK"
2026-04-02 11:52:42,510 - httpx - INFO - HTTP Request: POST https://api.telegram.org/bot8756837734:AAH1IvNHQToW1Lq0gd4Mai0IDC_qAVsFQgM/getUpdates "HTTP/1.1 200 OK"
2026-04-02 11:52:52,590 - httpx - INFO - HTTP Request: POST https://api.telegram.org/bot8756837734:AAH1IvNHQToW1Lq0gd4Mai0IDC_qAVsFQgM/getUpdates "HTTP/1.1 200 OK"
2026-04-02 11:53:02,802 - httpx - INFO - HTTP Request: POST https://api.telegram.org/bot8756837734:AAH1IvNHQToW1Lq0gd4Mai0IDC_qAVsFQgM/getUpdates "HTTP/1.1 200 OK"
2026-04-02 11:53:29,572 - httpx - INFO - HTTP Request: POST https://api.telegram.org/bot8756837734:AAH1IvNHQToW1Lq0gd4Mai0IDC_qAVsFQgM/getUpdates "HTTP/1.1 200 OK"
2026-04-02 11:53:39,641 - httpx - INFO - HTTP Request: POST https://api.telegram.org/bot8756837734:AAH1IvNHQToW1Lq0gd4Mai0IDC_qAVsFQgM/getUpdates "HTTP/1.1 200 OK"
2026-04-02 11:54:05,112 - httpx - INFO - HTTP Request: POST https://api.telegram.org/bot8756837734:AAH1IvNHQToW1Lq0gd4Mai0IDC_qAVsFQgM/getUpdates "HTTP/1.1 200 OK"
2026-04-02 11:54:15,277 - httpx - INFO - HTTP Request: POST https://api.telegram.org/bot8756837734:AAH1IvNHQToW1Lq0gd4Mai0IDC_qAVsFQgM/getUpdates "HTTP/1.1 200 OK"
2026-04-02 11:54:40,843 - httpx - INFO - HTTP Request: POST https://api.telegram.org/bot8756837734:AAH1IvNHQToW1Lq0gd4Mai0IDC_qAVsFQgM/getUpdates "HTTP/1.1 200 OK"
2026-04-02 11:54:50,927 - httpx - INFO - HTTP Request: POST https://api.telegram.org/bot8756837734:AAH1IvNHQToW1Lq0gd4Mai0IDC_qAVsFQgM/getUpdates "HTTP/1.1 200 OK"
2026-04-02 11:55:01,168 - httpx - INFO - HTTP Request: POST https://api.telegram.org/bot8756837734:AAH1IvNHQToW1Lq0gd4Mai0IDC_qAVsFQgM/getUpdates "HTTP/1.1 200 OK"
2026-04-02 11:55:11,258 - httpx - INFO - HTTP Request: POST https://api.telegram.org/bot8756837734:AAH1IvNHQToW1Lq0gd4Mai0IDC_qAVsFQgM/getUpdates "HTTP/1.1 200 OK"
2026-04-02 11:55:21,456 - httpx - INFO - HTTP Request: POST https://api.telegram.org/bot8756837734:AAH1IvNHQToW1Lq0gd4Mai0IDC_qAVsFQgM/getUpdates "HTTP/1.1 200 OK"
2026-04-02 11:55:31,569 - httpx - INFO - HTTP Request: POST https://api.telegram.org/bot8756837734:AAH1IvNHQToW1Lq0gd4Mai0IDC_qAVsFQgM/getUpdates "HTTP/1.1 200 OK"
2026-04-02 11:55:57,213 - httpx - INFO - HTTP Request: POST https://api.telegram.org/bot8756837734:AAH1IvNHQToW1Lq0gd4Mai0IDC_qAVsFQgM/getUpdates "HTTP/1.1 200 OK"
2026-04-02 11:56:02,724 - httpx - INFO - HTTP Request: POST https://api.telegram.org/bot8756837734:AAH1IvNHQToW1Lq0gd4Mai0IDC_qAVsFQgM/getUpdates "HTTP/1.1 409 Conflict"
2026-04-02 11:56:02,727 - telegram.ext.Application - ERROR - No error handlers are registered, logging exception.
Traceback (most recent call last):
  File "/Users/zumrudsahverdieva/mrkbot/.venv/lib/python3.9/site-packages/telegram/ext/_utils/networkloop.py", line 134, in network_retry_loop
    await do_action()
  File "/Users/zumrudsahverdieva/mrkbot/.venv/lib/python3.9/site-packages/telegram/ext/_utils/networkloop.py", line 127, in do_action
    action_cb_task.result()
  File "/Users/zumrudsahverdieva/mrkbot/.venv/lib/python3.9/site-packages/telegram/ext/_updater.py", line 340, in polling_action_cb
    updates = await self.bot.get_updates(
  File "/Users/zumrudsahverdieva/mrkbot/.venv/lib/python3.9/site-packages/telegram/ext/_extbot.py", line 676, in get_updates
    updates = await super().get_updates(
  File "/Users/zumrudsahverdieva/mrkbot/.venv/lib/python3.9/site-packages/telegram/_bot.py", line 4780, in get_updates
    await self._post(
  File "/Users/zumrudsahverdieva/mrkbot/.venv/lib/python3.9/site-packages/telegram/_bot.py", line 703, in _post
    return await self._do_post(
  File "/Users/zumrudsahverdieva/mrkbot/.venv/lib/python3.9/site-packages/telegram/ext/_extbot.py", line 372, in _do_post
    return await super()._do_post(
  File "/Users/zumrudsahverdieva/mrkbot/.venv/lib/python3.9/site-packages/telegram/_bot.py", line 732, in _do_post
    result = await request.post(
  File "/Users/zumrudsahverdieva/mrkbot/.venv/lib/python3.9/site-packages/telegram/request/_baserequest.py", line 198, in post
    result = await self._request_wrapper(
  File "/Users/zumrudsahverdieva/mrkbot/.venv/lib/python3.9/site-packages/telegram/request/_baserequest.py", line 375, in _request_wrapper
    raise exception
telegram.error.Conflict: Conflict: terminated by other getUpdates request; make sure that only one bot instance is running
2026-04-02 11:56:13,952 - httpx - INFO - HTTP Request: POST https://api.telegram.org/bot8756837734:AAH1IvNHQToW1Lq0gd4Mai0IDC_qAVsFQgM/getUpdates "HTTP/1.1 200 OK"
2026-04-02 11:56:24,380 - httpx - INFO - HTTP Request: POST https://api.telegram.org/bot8756837734:AAH1IvNHQToW1Lq0gd4Mai0IDC_qAVsFQgM/getUpdates "HTTP/1.1 200 OK"
2026-04-02 11:56:35,151 - httpx - INFO - HTTP Request: POST https://api.telegram.org/bot8756837734:AAH1IvNHQToW1Lq0gd4Mai0IDC_qAVsFQgM/getUpdates "HTTP/1.1 200 OK"
2026-04-02 11:56:45,393 - httpx - INFO - HTTP Request: POST https://api.telegram.org/bot8756837734:AAH1IvNHQToW1Lq0gd4Mai0IDC_qAVsFQgM/getUpdates "HTTP/1.1 200 OK"
2026-04-02 11:56:55,571 - httpx - INFO - HTTP Request: POST https://api.telegram.org/bot8756837734:AAH1IvNHQToW1Lq0gd4Mai0IDC_qAVsFQgM/getUpdates "HTTP/1.1 200 OK"
2026-04-02 11:57:05,709 - httpx - INFO - HTTP Request: POST https://api.telegram.org/bot8756837734:AAH1IvNHQToW1Lq0gd4Mai0IDC_qAVsFQgM/getUpdates "HTTP/1.1 200 OK"
2026-04-02 11:57:15,908 - httpx - INFO - HTTP Request: POST https://api.telegram.org/bot8756837734:AAH1IvNHQToW1Lq0gd4Mai0IDC_qAVsFQgM/getUpdates "HTTP/1.1 200 OK"
2026-04-02 11:57:26,009 - httpx - INFO - HTTP Request: POST https://api.telegram.org/bot8756837734:AAH1IvNHQToW1Lq0gd4Mai0IDC_qAVsFQgM/getUpdates "HTTP/1.1 200 OK"
2026-04-02 11:57:36,198 - httpx - INFO - HTTP Request: POST https://api.telegram.org/bot8756837734:AAH1IvNHQToW1Lq0gd4Mai0IDC_qAVsFQgM/getUpdates "HTTP/1.1 200 OK"
2026-04-02 11:57:46,420 - httpx - INFO - HTTP Request: POST https://api.telegram.org/bot8756837734:AAH1IvNHQToW1Lq0gd4Mai0IDC_qAVsFQgM/getUpdates "HTTP/1.1 200 OK"
2026-04-02 11:57:56,522 - httpx - INFO - HTTP Request: POST https://api.telegram.org/bot8756837734:AAH1IvNHQToW1Lq0gd4Mai0IDC_qAVsFQgM/getUpdates "HTTP/1.1 200 OK"
2026-04-02 11:58:06,617 - httpx - INFO - HTTP Request: POST https://api.telegram.org/bot8756837734:AAH1IvNHQToW1Lq0gd4Mai0IDC_qAVsFQgM/getUpdates "HTTP/1.1 200 OK"
2026-04-02 11:58:17,144 - httpx - INFO - HTTP Request: POST https://api.telegram.org/bot8756837734:AAH1IvNHQToW1Lq0gd4Mai0IDC_qAVsFQgM/getUpdates "HTTP/1.1 200 OK"
2026-04-02 11:58:27,297 - httpx - INFO - HTTP Request: POST https://api.telegram.org/bot8756837734:AAH1IvNHQToW1Lq0gd4Mai0IDC_qAVsFQgM/getUpdates "HTTP/1.1 200 OK"
2026-04-02 11:58:37,440 - httpx - INFO - HTTP Request: POST https://api.telegram.org/bot8756837734:AAH1IvNHQToW1Lq0gd4Mai0IDC_qAVsFQgM/getUpdates "HTTP/1.1 200 OK"
2026-04-02 11:58:47,544 - httpx - INFO - HTTP Request: POST https://api.telegram.org/bot8756837734:AAH1IvNHQToW1Lq0gd4Mai0IDC_qAVsFQgM/getUpdates "HTTP/1.1 200 OK"
2026-04-02 11:58:57,628 - httpx - INFO - HTTP Request: POST https://api.telegram.org/bot8756837734:AAH1IvNHQToW1Lq0gd4Mai0IDC_qAVsFQgM/getUpdates "HTTP/1.1 200 OK"
2026-04-02 11:59:07,935 - httpx - INFO - HTTP Request: POST https://api.telegram.org/bot8756837734:AAH1IvNHQToW1Lq0gd4Mai0IDC_qAVsFQgM/getUpdates "HTTP/1.1 200 OK"
2026-04-02 11:59:18,055 - httpx - INFO - HTTP Request: POST https://api.telegram.org/bot8756837734:AAH1IvNHQToW1Lq0gd4Mai0IDC_qAVsFQgM/getUpdates "HTTP/1.1 200 OK"
2026-04-02 11:59:28,434 - httpx - INFO - HTTP Request: POST https://api.telegram.org/bot8756837734:AAH1IvNHQToW1Lq0gd4Mai0IDC_qAVsFQgM/getUpdates "HTTP/1.1 200 OK"
2026-04-02 11:59:39,491 - httpx - INFO - HTTP Request: POST https://api.telegram.org/bot8756837734:AAH1IvNHQToW1Lq0gd4Mai0IDC_qAVsFQgM/getUpdates "HTTP/1.1 200 OK"
2026-04-02 11:59:49,591 - httpx - INFO - HTTP Request: POST https://api.telegram.org/bot8756837734:AAH1IvNHQToW1Lq0gd4Mai0IDC_qAVsFQgM/getUpdates "HTTP/1.1 200 OK"
2026-04-02 11:59:59,715 - httpx - INFO - HTTP Request: POST https://api.telegram.org/bot8756837734:AAH1IvNHQToW1Lq0gd4Mai0IDC_qAVsFQgM/getUpdates "HTTP/1.1 200 OK"
2026-04-02 12:00:09,798 - httpx - INFO - HTTP Request: POST https://api.telegram.org/bot8756837734:AAH1IvNHQToW1Lq0gd4Mai0IDC_qAVsFQgM/getUpdates "HTTP/1.1 200 OK"
2026-04-02 12:00:19,898 - httpx - INFO - HTTP Request: POST https://api.telegram.org/bot8756837734:AAH1IvNHQToW1Lq0gd4Mai0IDC_qAVsFQgM/getUpdates "HTTP/1.1 200 OK"
2026-04-02 12:00:30,079 - httpx - INFO - HTTP Request: POST https://api.telegram.org/bot8756837734:AAH1IvNHQToW1Lq0gd4Mai0IDC_qAVsFQgM/getUpdates "HTTP/1.1 200 OK"
2026-04-02 12:00:40,226 - httpx - INFO - HTTP Request: POST https://api.telegram.org/bot8756837734:AAH1IvNHQToW1Lq0gd4Mai0IDC_qAVsFQgM/getUpdates "HTTP/1.1 200 OK"
2026-04-02 12:00:50,350 - httpx - INFO - HTTP Request: POST https://api.telegram.org/bot8756837734:AAH1IvNHQToW1Lq0gd4Mai0IDC_qAVsFQgM/getUpdates "HTTP/1.1 200 OK"
2026-04-02 12:01:00,497 - httpx - INFO - HTTP Request: POST https://api.telegram.org/bot8756837734:AAH1IvNHQToW1Lq0gd4Mai0IDC_qAVsFQgM/getUpdates "HTTP/1.1 200 OK"
2026-04-02 12:01:10,675 - httpx - INFO - HTTP Request: POST https://api.telegram.org/bot8756837734:AAH1IvNHQToW1Lq0gd4Mai0IDC_qAVsFQgM/getUpdates "HTTP/1.1 200 OK"
2026-04-02 12:01:23,186 - httpx - INFO - HTTP Request: POST https://api.telegram.org/bot8756837734:AAH1IvNHQToW1Lq0gd4Mai0IDC_qAVsFQgM/getUpdates "HTTP/1.1 200 OK"
2026-04-02 12:01:33,343 - httpx - INFO - HTTP Request: POST https://api.telegram.org/bot8756837734:AAH1IvNHQToW1Lq0gd4Mai0IDC_qAVsFQgM/getUpdates "HTTP/1.1 200 OK"
2026-04-02 12:01:45,619 - httpx - INFO - HTTP Request: POST https://api.telegram.org/bot8756837734:AAH1IvNHQToW1Lq0gd4Mai0IDC_qAVsFQgM/getUpdates "HTTP/1.1 200 OK"
2026-04-02 12:01:59,206 - httpx - INFO - HTTP Request: POST https://api.telegram.org/bot8756837734:AAH1IvNHQToW1Lq0gd4Mai0IDC_qAVsFQgM/getUpdates "HTTP/1.1 200 OK"
2026-04-02 12:02:09,702 - httpx - INFO - HTTP Request: POST https://api.telegram.org/bot8756837734:AAH1IvNHQToW1Lq0gd4Mai0IDC_qAVsFQgM/getUpdates "HTTP/1.1 200 OK"
2026-04-02 12:02:19,791 - httpx - INFO - HTTP Request: POST https://api.telegram.org/bot8756837734:AAH1IvNHQToW1Lq0gd4Mai0IDC_qAVsFQgM/getUpdates "HTTP/1.1 200 OK"
2026-04-02 12:02:30,933 - httpx - INFO - HTTP Request: POST https://api.telegram.org/bot8756837734:AAH1IvNHQToW1Lq0gd4Mai0IDC_qAVsFQgM/getUpdates "HTTP/1.1 200 OK"
2026-04-02 12:02:41,023 - httpx - INFO - HTTP Request: POST https://api.telegram.org/bot8756837734:AAH1IvNHQToW1Lq0gd4Mai0IDC_qAVsFQgM/getUpdates "HTTP/1.1 200 OK"
2026-04-02 12:02:51,135 - httpx - INFO - HTTP Request: POST https://api.telegram.org/bot8756837734:AAH1IvNHQToW1Lq0gd4Mai0IDC_qAVsFQgM/getUpdates "HTTP/1.1 200 OK"
2026-04-02 12:03:01,218 - httpx - INFO - HTTP Request: POST https://api.telegram.org/bot8756837734:AAH1IvNHQToW1Lq0gd4Mai0IDC_qAVsFQgM/getUpdates "HTTP/1.1 200 OK"
2026-04-02 12:03:11,347 - httpx - INFO - HTTP Request: POST https://api.telegram.org/bot8756837734:AAH1IvNHQToW1Lq0gd4Mai0IDC_qAVsFQgM/getUpdates "HTTP/1.1 200 OK"
2026-04-02 12:03:21,704 - httpx - INFO - HTTP Request: POST https://api.telegram.org/bot8756837734:AAH1IvNHQToW1Lq0gd4Mai0IDC_qAVsFQgM/getUpdates "HTTP/1.1 200 OK"
2026-04-02 12:03:31,833 - httpx - INFO - HTTP Request: POST https://api.telegram.org/bot8756837734:AAH1IvNHQToW1Lq0gd4Mai0IDC_qAVsFQgM/getUpdates "HTTP/1.1 200 OK"
2026-04-02 12:03:41,930 - httpx - INFO - HTTP Request: POST https://api.telegram.org/bot8756837734:AAH1IvNHQToW1Lq0gd4Mai0IDC_qAVsFQgM/getUpdates "HTTP/1.1 200 OK"
2026-04-02 12:03:52,009 - httpx - INFO - HTTP Request: POST https://api.telegram.org/bot8756837734:AAH1IvNHQToW1Lq0gd4Mai0IDC_qAVsFQgM/getUpdates "HTTP/1.1 200 OK"
2026-04-02 12:04:02,104 - httpx - INFO - HTTP Request: POST https://api.telegram.org/bot8756837734:AAH1IvNHQToW1Lq0gd4Mai0IDC_qAVsFQgM/getUpdates "HTTP/1.1 200 OK"
2026-04-02 12:04:12,215 - httpx - INFO - HTTP Request: POST https://api.telegram.org/bot8756837734:AAH1IvNHQToW1Lq0gd4Mai0IDC_qAVsFQgM/getUpdates "HTTP/1.1 200 OK"
2026-04-02 12:04:22,360 - httpx - INFO - HTTP Request: POST https://api.telegram.org/bot8756837734:AAH1IvNHQToW1Lq0gd4Mai0IDC_qAVsFQgM/getUpdates "HTTP/1.1 200 OK"
2026-04-02 12:04:32,437 - httpx - INFO - HTTP Request: POST https://api.telegram.org/bot8756837734:AAH1IvNHQToW1Lq0gd4Mai0IDC_qAVsFQgM/getUpdates "HTTP/1.1 200 OK"
2026-04-02 12:04:42,573 - httpx - INFO - HTTP Request: POST https://api.telegram.org/bot8756837734:AAH1IvNHQToW1Lq0gd4Mai0IDC_qAVsFQgM/getUpdates "HTTP/1.1 200 OK"
2026-04-02 12:04:52,817 - httpx - INFO - HTTP Request: POST https://api.telegram.org/bot8756837734:AAH1IvNHQToW1Lq0gd4Mai0IDC_qAVsFQgM/getUpdates "HTTP/1.1 200 OK"
2026-04-02 12:05:02,916 - httpx - INFO - HTTP Request: POST https://api.telegram.org/bot8756837734:AAH1IvNHQToW1Lq0gd4Mai0IDC_qAVsFQgM/getUpdates "HTTP/1.1 200 OK"
2026-04-02 12:05:13,091 - httpx - INFO - HTTP Request: POST https://api.telegram.org/bot8756837734:AAH1IvNHQToW1Lq0gd4Mai0IDC_qAVsFQgM/getUpdates "HTTP/1.1 200 OK"
2026-04-02 12:05:23,399 - httpx - INFO - HTTP Request: POST https://api.telegram.org/bot8756837734:AAH1IvNHQToW1Lq0gd4Mai0IDC_qAVsFQgM/getUpdates "HTTP/1.1 200 OK"
2026-04-02 12:05:33,477 - httpx - INFO - HTTP Request: POST https://api.telegram.org/bot8756837734:AAH1IvNHQToW1Lq0gd4Mai0IDC_qAVsFQgM/getUpdates "HTTP/1.1 200 OK"
2026-04-02 12:05:43,568 - httpx - INFO - HTTP Request: POST https://api.telegram.org/bot8756837734:AAH1IvNHQToW1Lq0gd4Mai0IDC_qAVsFQgM/getUpdates "HTTP/1.1 200 OK"
2026-04-02 12:05:53,653 - httpx - INFO - HTTP Request: POST https://api.telegram.org/bot8756837734:AAH1IvNHQToW1Lq0gd4Mai0IDC_qAVsFQgM/getUpdates "HTTP/1.1 200 OK"
2026-04-02 12:06:03,733 - httpx - INFO - HTTP Request: POST https://api.telegram.org/bot8756837734:AAH1IvNHQToW1Lq0gd4Mai0IDC_qAVsFQgM/getUpdates "HTTP/1.1 200 OK"
2026-04-02 12:06:14,124 - httpx - INFO - HTTP Request: POST https://api.telegram.org/bot8756837734:AAH1IvNHQToW1Lq0gd4Mai0IDC_qAVsFQgM/getUpdates "HTTP/1.1 200 OK"
2026-04-02 12:06:24,201 - httpx - INFO - HTTP Request: POST https://api.telegram.org/bot8756837734:AAH1IvNHQToW1Lq0gd4Mai0IDC_qAVsFQgM/getUpdates "HTTP/1.1 200 OK"
2026-04-02 12:06:34,301 - httpx - INFO - HTTP Request: POST https://api.telegram.org/bot8756837734:AAH1IvNHQToW1Lq0gd4Mai0IDC_qAVsFQgM/getUpdates "HTTP/1.1 200 OK"
2026-04-02 12:06:44,379 - httpx - INFO - HTTP Request: POST https://api.telegram.org/bot8756837734:AAH1IvNHQToW1Lq0gd4Mai0IDC_qAVsFQgM/getUpdates "HTTP/1.1 200 OK"
2026-04-02 12:06:54,484 - httpx - INFO - HTTP Request: POST https://api.telegram.org/bot8756837734:AAH1IvNHQToW1Lq0gd4Mai0IDC_qAVsFQgM/getUpdates "HTTP/1.1 200 OK"
2026-04-02 12:07:04,567 - httpx - INFO - HTTP Request: POST https://api.telegram.org/bot8756837734:AAH1IvNHQToW1Lq0gd4Mai0IDC_qAVsFQgM/getUpdates "HTTP/1.1 200 OK"
2026-04-02 12:07:14,779 - httpx - INFO - HTTP Request: POST https://api.telegram.org/bot8756837734:AAH1IvNHQToW1Lq0gd4Mai0IDC_qAVsFQgM/getUpdates "HTTP/1.1 200 OK"
2026-04-02 12:07:24,871 - httpx - INFO - HTTP Request: POST https://api.telegram.org/bot8756837734:AAH1IvNHQToW1Lq0gd4Mai0IDC_qAVsFQgM/getUpdates "HTTP/1.1 200 OK"
2026-04-02 12:07:34,957 - httpx - INFO - HTTP Request: POST https://api.telegram.org/bot8756837734:AAH1IvNHQToW1Lq0gd4Mai0IDC_qAVsFQgM/getUpdates "HTTP/1.1 200 OK"
2026-04-02 12:07:45,049 - httpx - INFO - HTTP Request: POST https://api.telegram.org/bot8756837734:AAH1IvNHQToW1Lq0gd4Mai0IDC_qAVsFQgM/getUpdates "HTTP/1.1 200 OK"
2026-04-02 12:07:55,294 - httpx - INFO - HTTP Request: POST https://api.telegram.org/bot8756837734:AAH1IvNHQToW1Lq0gd4Mai0IDC_qAVsFQgM/getUpdates "HTTP/1.1 200 OK"
2026-04-02 12:08:05,380 - httpx - INFO - HTTP Request: POST https://api.telegram.org/bot8756837734:AAH1IvNHQToW1Lq0gd4Mai0IDC_qAVsFQgM/getUpdates "HTTP/1.1 200 OK"
2026-04-02 12:08:15,452 - httpx - INFO - HTTP Request: POST https://api.telegram.org/bot8756837734:AAH1IvNHQToW1Lq0gd4Mai0IDC_qAVsFQgM/getUpdates "HTTP/1.1 200 OK"
2026-04-02 12:08:25,603 - httpx - INFO - HTTP Request: POST https://api.telegram.org/bot8756837734:AAH1IvNHQToW1Lq0gd4Mai0IDC_qAVsFQgM/getUpdates "HTTP/1.1 200 OK"
2026-04-02 12:08:35,768 - httpx - INFO - HTTP Request: POST https://api.telegram.org/bot8756837734:AAH1IvNHQToW1Lq0gd4Mai0IDC_qAVsFQgM/getUpdates "HTTP/1.1 200 OK"
2026-04-02 12:08:45,851 - httpx - INFO - HTTP Request: POST https://api.telegram.org/bot8756837734:AAH1IvNHQToW1Lq0gd4Mai0IDC_qAVsFQgM/getUpdates "HTTP/1.1 200 OK"
2026-04-02 12:08:56,323 - httpx - INFO - HTTP Request: POST https://api.telegram.org/bot8756837734:AAH1IvNHQToW1Lq0gd4Mai0IDC_qAVsFQgM/getUpdates "HTTP/1.1 200 OK"
2026-04-02 12:09:06,508 - httpx - INFO - HTTP Request: POST https://api.telegram.org/bot8756837734:AAH1IvNHQToW1Lq0gd4Mai0IDC_qAVsFQgM/getUpdates "HTTP/1.1 200 OK"
2026-04-02 12:09:16,779 - httpx - INFO - HTTP Request: POST https://api.telegram.org/bot8756837734:AAH1IvNHQToW1Lq0gd4Mai0IDC_qAVsFQgM/getUpdates "HTTP/1.1 200 OK"
2026-04-02 12:09:26,895 - httpx - INFO - HTTP Request: POST https://api.telegram.org/bot8756837734:AAH1IvNHQToW1Lq0gd4Mai0IDC_qAVsFQgM/getUpdates "HTTP/1.1 200 OK"
2026-04-02 12:09:37,384 - httpx - INFO - HTTP Request: POST https://api.telegram.org/bot8756837734:AAH1IvNHQToW1Lq0gd4Mai0IDC_qAVsFQgM/getUpdates "HTTP/1.1 200 OK"
2026-04-02 12:09:47,531 - httpx - INFO - HTTP Request: POST https://api.telegram.org/bot8756837734:AAH1IvNHQToW1Lq0gd4Mai0IDC_qAVsFQgM/getUpdates "HTTP/1.1 200 OK"
2026-04-02 12:09:57,777 - httpx - INFO - HTTP Request: POST https://api.telegram.org/bot8756837734:AAH1IvNHQToW1Lq0gd4Mai0IDC_qAVsFQgM/getUpdates "HTTP/1.1 200 OK"
2026-04-02 12:10:08,077 - httpx - INFO - HTTP Request: POST https://api.telegram.org/bot8756837734:AAH1IvNHQToW1Lq0gd4Mai0IDC_qAVsFQgM/getUpdates "HTTP/1.1 200 OK"
2026-04-02 12:10:18,164 - httpx - INFO - HTTP Request: POST https://api.telegram.org/bot8756837734:AAH1IvNHQToW1Lq0gd4Mai0IDC_qAVsFQgM/getUpdates "HTTP/1.1 200 OK"
2026-04-02 12:10:28,413 - httpx - INFO - HTTP Request: POST https://api.telegram.org/bot8756837734:AAH1IvNHQToW1Lq0gd4Mai0IDC_qAVsFQgM/getUpdates "HTTP/1.1 200 OK"
2026-04-02 12:10:38,489 - httpx - INFO - HTTP Request: POST https://api.telegram.org/bot8756837734:AAH1IvNHQToW1Lq0gd4Mai0IDC_qAVsFQgM/getUpdates "HTTP/1.1 200 OK"
2026-04-02 12:10:48,584 - httpx - INFO - HTTP Request: POST https://api.telegram.org/bot8756837734:AAH1IvNHQToW1Lq0gd4Mai0IDC_qAVsFQgM/getUpdates "HTTP/1.1 200 OK"
2026-04-02 12:10:58,762 - httpx - INFO - HTTP Request: POST https://api.telegram.org/bot8756837734:AAH1IvNHQToW1Lq0gd4Mai0IDC_qAVsFQgM/getUpdates "HTTP/1.1 200 OK"
2026-04-02 12:11:08,921 - httpx - INFO - HTTP Request: POST https://api.telegram.org/bot8756837734:AAH1IvNHQToW1Lq0gd4Mai0IDC_qAVsFQgM/getUpdates "HTTP/1.1 200 OK"
2026-04-02 12:11:19,012 - httpx - INFO - HTTP Request: POST https://api.telegram.org/bot8756837734:AAH1IvNHQToW1Lq0gd4Mai0IDC_qAVsFQgM/getUpdates "HTTP/1.1 200 OK"
2026-04-02 12:11:29,115 - httpx - INFO - HTTP Request: POST https://api.telegram.org/bot8756837734:AAH1IvNHQToW1Lq0gd4Mai0IDC_qAVsFQgM/getUpdates "HTTP/1.1 200 OK"
2026-04-02 12:11:39,249 - httpx - INFO - HTTP Request: POST https://api.telegram.org/bot8756837734:AAH1IvNHQToW1Lq0gd4Mai0IDC_qAVsFQgM/getUpdates "HTTP/1.1 200 OK"
2026-04-02 12:11:49,338 - httpx - INFO - HTTP Request: POST https://api.telegram.org/bot8756837734:AAH1IvNHQToW1Lq0gd4Mai0IDC_qAVsFQgM/getUpdates "HTTP/1.1 200 OK"
2026-04-02 12:11:59,439 - httpx - INFO - HTTP Request: POST https://api.telegram.org/bot8756837734:AAH1IvNHQToW1Lq0gd4Mai0IDC_qAVsFQgM/getUpdates "HTTP/1.1 200 OK"
2026-04-02 12:12:09,511 - httpx - INFO - HTTP Request: POST https://api.telegram.org/bot8756837734:AAH1IvNHQToW1Lq0gd4Mai0IDC_qAVsFQgM/getUpdates "HTTP/1.1 200 OK"
2026-04-02 12:12:19,594 - httpx - INFO - HTTP Request: POST https://api.telegram.org/bot8756837734:AAH1IvNHQToW1Lq0gd4Mai0IDC_qAVsFQgM/getUpdates "HTTP/1.1 200 OK"
2026-04-02 12:12:29,820 - httpx - INFO - HTTP Request: POST https://api.telegram.org/bot8756837734:AAH1IvNHQToW1Lq0gd4Mai0IDC_qAVsFQgM/getUpdates "HTTP/1.1 200 OK"
2026-04-02 12:12:40,220 - httpx - INFO - HTTP Request: POST https://api.telegram.org/bot8756837734:AAH1IvNHQToW1Lq0gd4Mai0IDC_qAVsFQgM/getUpdates "HTTP/1.1 200 OK"
2026-04-02 12:12:50,304 - httpx - INFO - HTTP Request: POST https://api.telegram.org/bot8756837734:AAH1IvNHQToW1Lq0gd4Mai0IDC_qAVsFQgM/getUpdates "HTTP/1.1 200 OK"
2026-04-02 12:13:00,854 - httpx - INFO - HTTP Request: POST https://api.telegram.org/bot8756837734:AAH1IvNHQToW1Lq0gd4Mai0IDC_qAVsFQgM/getUpdates "HTTP/1.1 200 OK"
2026-04-02 12:13:26,196 - httpx - INFO - HTTP Request: POST https://api.telegram.org/bot8756837734:AAH1IvNHQToW1Lq0gd4Mai0IDC_qAVsFQgM/getUpdates "HTTP/1.1 200 OK"
2026-04-02 12:13:36,297 - httpx - INFO - HTTP Request: POST https://api.telegram.org/bot8756837734:AAH1IvNHQToW1Lq0gd4Mai0IDC_qAVsFQgM/getUpdates "HTTP/1.1 200 OK"
2026-04-02 12:13:46,401 - httpx - INFO - HTTP Request: POST https://api.telegram.org/bot8756837734:AAH1IvNHQToW1Lq0gd4Mai0IDC_qAVsFQgM/getUpdates "HTTP/1.1 200 OK"
2026-04-02 12:13:57,830 - httpx - INFO - HTTP Request: POST https://api.telegram.org/bot8756837734:AAH1IvNHQToW1Lq0gd4Mai0IDC_qAVsFQgM/getUpdates "HTTP/1.1 200 OK"
2026-04-02 12:14:07,999 - httpx - INFO - HTTP Request: POST https://api.telegram.org/bot8756837734:AAH1IvNHQToW1Lq0gd4Mai0IDC_qAVsFQgM/getUpdates "HTTP/1.1 200 OK"
2026-04-02 12:14:18,090 - httpx - INFO - HTTP Request: POST https://api.telegram.org/bot8756837734:AAH1IvNHQToW1Lq0gd4Mai0IDC_qAVsFQgM/getUpdates "HTTP/1.1 200 OK"
2026-04-02 12:14:28,795 - httpx - INFO - HTTP Request: POST https://api.telegram.org/bot8756837734:AAH1IvNHQToW1Lq0gd4Mai0IDC_qAVsFQgM/getUpdates "HTTP/1.1 200 OK"
2026-04-02 12:14:39,259 - httpx - INFO - HTTP Request: POST https://api.telegram.org/bot8756837734:AAH1IvNHQToW1Lq0gd4Mai0IDC_qAVsFQgM/getUpdates "HTTP/1.1 200 OK"
2026-04-02 12:14:49,350 - httpx - INFO - HTTP Request: POST https://api.telegram.org/bot8756837734:AAH1IvNHQToW1Lq0gd4Mai0IDC_qAVsFQgM/getUpdates "HTTP/1.1 200 OK"
2026-04-02 12:15:14,822 - httpx - INFO - HTTP Request: POST https://api.telegram.org/bot8756837734:AAH1IvNHQToW1Lq0gd4Mai0IDC_qAVsFQgM/getUpdates "HTTP/1.1 200 OK"
2026-04-02 12:15:24,904 - httpx - INFO - HTTP Request: POST https://api.telegram.org/bot8756837734:AAH1IvNHQToW1Lq0gd4Mai0IDC_qAVsFQgM/getUpdates "HTTP/1.1 200 OK"
2026-04-02 12:15:35,028 - httpx - INFO - HTTP Request: POST https://api.telegram.org/bot8756837734:AAH1IvNHQToW1Lq0gd4Mai0IDC_qAVsFQgM/getUpdates "HTTP/1.1 200 OK"
2026-04-02 12:15:45,169 - httpx - INFO - HTTP Request: POST https://api.telegram.org/bot8756837734:AAH1IvNHQToW1Lq0gd4Mai0IDC_qAVsFQgM/getUpdates "HTTP/1.1 200 OK"
2026-04-02 12:15:55,249 - httpx - INFO - HTTP Request: POST https://api.telegram.org/bot8756837734:AAH1IvNHQToW1Lq0gd4Mai0IDC_qAVsFQgM/getUpdates "HTTP/1.1 200 OK"
2026-04-02 12:16:05,379 - httpx - INFO - HTTP Request: POST https://api.telegram.org/bot8756837734:AAH1IvNHQToW1Lq0gd4Mai0IDC_qAVsFQgM/getUpdates "HTTP/1.1 200 OK"
2026-04-02 12:16:15,478 - httpx - INFO - HTTP Request: POST https://api.telegram.org/bot8756837734:AAH1IvNHQToW1Lq0gd4Mai0IDC_qAVsFQgM/getUpdates "HTTP/1.1 200 OK"
2026-04-02 12:16:29,535 - httpx - INFO - HTTP Request: POST https://api.telegram.org/bot8756837734:AAH1IvNHQToW1Lq0gd4Mai0IDC_qAVsFQgM/getUpdates "HTTP/1.1 200 OK"
2026-04-02 12:16:40,916 - httpx - INFO - HTTP Request: POST https://api.telegram.org/bot8756837734:AAH1IvNHQToW1Lq0gd4Mai0IDC_qAVsFQgM/getUpdates "HTTP/1.1 200 OK"
2026-04-02 12:16:51,153 - httpx - INFO - HTTP Request: POST https://api.telegram.org/bot8756837734:AAH1IvNHQToW1Lq0gd4Mai0IDC_qAVsFQgM/getUpdates "HTTP/1.1 200 OK"
2026-04-02 12:17:01,247 - httpx - INFO - HTTP Request: POST https://api.telegram.org/bot8756837734:AAH1IvNHQToW1Lq0gd4Mai0IDC_qAVsFQgM/getUpdates "HTTP/1.1 200 OK"
2026-04-02 12:17:11,356 - httpx - INFO - HTTP Request: POST https://api.telegram.org/bot8756837734:AAH1IvNHQToW1Lq0gd4Mai0IDC_qAVsFQgM/getUpdates "HTTP/1.1 200 OK"
2026-04-02 12:17:21,448 - httpx - INFO - HTTP Request: POST https://api.telegram.org/bot8756837734:AAH1IvNHQToW1Lq0gd4Mai0IDC_qAVsFQgM/getUpdates "HTTP/1.1 200 OK"
2026-04-02 12:17:31,604 - httpx - INFO - HTTP Request: POST https://api.telegram.org/bot8756837734:AAH1IvNHQToW1Lq0gd4Mai0IDC_qAVsFQgM/getUpdates "HTTP/1.1 200 OK"
2026-04-02 12:17:57,050 - httpx - INFO - HTTP Request: POST https://api.telegram.org/bot8756837734:AAH1IvNHQToW1Lq0gd4Mai0IDC_qAVsFQgM/getUpdates "HTTP/1.1 200 OK"
2026-04-02 12:18:07,233 - httpx - INFO - HTTP Request: POST https://api.telegram.org/bot8756837734:AAH1IvNHQToW1Lq0gd4Mai0IDC_qAVsFQgM/getUpdates "HTTP/1.1 200 OK"
2026-04-02 12:18:17,577 - httpx - INFO - HTTP Request: POST https://api.telegram.org/bot8756837734:AAH1IvNHQToW1Lq0gd4Mai0IDC_qAVsFQgM/getUpdates "HTTP/1.1 200 OK"
2026-04-02 12:18:27,660 - httpx - INFO - HTTP Request: POST https://api.telegram.org/bot8756837734:AAH1IvNHQToW1Lq0gd4Mai0IDC_qAVsFQgM/getUpdates "HTTP/1.1 200 OK"
2026-04-02 12:18:37,728 - httpx - INFO - HTTP Request: POST https://api.telegram.org/bot8756837734:AAH1IvNHQToW1Lq0gd4Mai0IDC_qAVsFQgM/getUpdates "HTTP/1.1 200 OK"
2026-04-02 12:18:47,994 - httpx - INFO - HTTP Request: POST https://api.telegram.org/bot8756837734:AAH1IvNHQToW1Lq0gd4Mai0IDC_qAVsFQgM/getUpdates "HTTP/1.1 200 OK"
2026-04-02 12:18:58,081 - httpx - INFO - HTTP Request: POST https://api.telegram.org/bot8756837734:AAH1IvNHQToW1Lq0gd4Mai0IDC_qAVsFQgM/getUpdates "HTTP/1.1 200 OK"
2026-04-02 12:19:08,400 - httpx - INFO - HTTP Request: POST https://api.telegram.org/bot8756837734:AAH1IvNHQToW1Lq0gd4Mai0IDC_qAVsFQgM/getUpdates "HTTP/1.1 200 OK"
2026-04-02 12:19:18,525 - httpx - INFO - HTTP Request: POST https://api.telegram.org/bot8756837734:AAH1IvNHQToW1Lq0gd4Mai0IDC_qAVsFQgM/getUpdates "HTTP/1.1 200 OK"
2026-04-02 12:19:28,643 - httpx - INFO - HTTP Request: POST https://api.telegram.org/bot8756837734:AAH1IvNHQToW1Lq0gd4Mai0IDC_qAVsFQgM/getUpdates "HTTP/1.1 200 OK"
2026-04-02 12:19:38,723 - httpx - INFO - HTTP Request: POST https://api.telegram.org/bot8756837734:AAH1IvNHQToW1Lq0gd4Mai0IDC_qAVsFQgM/getUpdates "HTTP/1.1 200 OK"
2026-04-02 12:20:04,200 - httpx - INFO - HTTP Request: POST https://api.telegram.org/bot8756837734:AAH1IvNHQToW1Lq0gd4Mai0IDC_qAVsFQgM/getUpdates "HTTP/1.1 200 OK"
2026-04-02 12:20:14,404 - httpx - INFO - HTTP Request: POST https://api.telegram.org/bot8756837734:AAH1IvNHQToW1Lq0gd4Mai0IDC_qAVsFQgM/getUpdates "HTTP/1.1 200 OK"
2026-04-02 12:20:24,502 - httpx - INFO - HTTP Request: POST https://api.telegram.org/bot8756837734:AAH1IvNHQToW1Lq0gd4Mai0IDC_qAVsFQgM/getUpdates "HTTP/1.1 200 OK"
2026-04-02 12:20:34,604 - httpx - INFO - HTTP Request: POST https://api.telegram.org/bot8756837734:AAH1IvNHQToW1Lq0gd4Mai0IDC_qAVsFQgM/getUpdates "HTTP/1.1 200 OK"
2026-04-02 12:20:44,710 - httpx - INFO - HTTP Request: POST https://api.telegram.org/bot8756837734:AAH1IvNHQToW1Lq0gd4Mai0IDC_qAVsFQgM/getUpdates "HTTP/1.1 200 OK"
2026-04-02 12:20:54,807 - httpx - INFO - HTTP Request: POST https://api.telegram.org/bot8756837734:AAH1IvNHQToW1Lq0gd4Mai0IDC_qAVsFQgM/getUpdates "HTTP/1.1 200 OK"
2026-04-02 12:21:05,313 - httpx - INFO - HTTP Request: POST https://api.telegram.org/bot8756837734:AAH1IvNHQToW1Lq0gd4Mai0IDC_qAVsFQgM/getUpdates "HTTP/1.1 200 OK"
2026-04-02 12:21:15,422 - httpx - INFO - HTTP Request: POST https://api.telegram.org/bot8756837734:AAH1IvNHQToW1Lq0gd4Mai0IDC_qAVsFQgM/getUpdates "HTTP/1.1 200 OK"
2026-04-02 12:21:25,521 - httpx - INFO - HTTP Request: POST https://api.telegram.org/bot8756837734:AAH1IvNHQToW1Lq0gd4Mai0IDC_qAVsFQgM/getUpdates "HTTP/1.1 200 OK"
2026-04-02 12:21:35,612 - httpx - INFO - HTTP Request: POST https://api.telegram.org/bot8756837734:AAH1IvNHQToW1Lq0gd4Mai0IDC_qAVsFQgM/getUpdates "HTTP/1.1 200 OK"
2026-04-02 12:21:45,766 - httpx - INFO - HTTP Request: POST https://api.telegram.org/bot8756837734:AAH1IvNHQToW1Lq0gd4Mai0IDC_qAVsFQgM/getUpdates "HTTP/1.1 200 OK"
2026-04-02 12:21:55,883 - httpx - INFO - HTTP Request: POST https://api.telegram.org/bot8756837734:AAH1IvNHQToW1Lq0gd4Mai0IDC_qAVsFQgM/getUpdates "HTTP/1.1 200 OK"
2026-04-02 12:22:05,975 - httpx - INFO - HTTP Request: POST https://api.telegram.org/bot8756837734:AAH1IvNHQToW1Lq0gd4Mai0IDC_qAVsFQgM/getUpdates "HTTP/1.1 200 OK"
2026-04-02 12:22:16,102 - httpx - INFO - HTTP Request: POST https://api.telegram.org/bot8756837734:AAH1IvNHQToW1Lq0gd4Mai0IDC_qAVsFQgM/getUpdates "HTTP/1.1 200 OK"
2026-04-02 12:22:26,210 - httpx - INFO - HTTP Request: POST https://api.telegram.org/bot8756837734:AAH1IvNHQToW1Lq0gd4Mai0IDC_qAVsFQgM/getUpdates "HTTP/1.1 200 OK"
2026-04-02 12:22:36,364 - httpx - INFO - HTTP Request: POST https://api.telegram.org/bot8756837734:AAH1IvNHQToW1Lq0gd4Mai0IDC_qAVsFQgM/getUpdates "HTTP/1.1 200 OK"
2026-04-02 12:22:46,458 - httpx - INFO - HTTP Request: POST https://api.telegram.org/bot8756837734:AAH1IvNHQToW1Lq0gd4Mai0IDC_qAVsFQgM/getUpdates "HTTP/1.1 200 OK"
2026-04-02 12:22:56,562 - httpx - INFO - HTTP Request: POST https://api.telegram.org/bot8756837734:AAH1IvNHQToW1Lq0gd4Mai0IDC_qAVsFQgM/getUpdates "HTTP/1.1 200 OK"
2026-04-02 12:23:06,667 - httpx - INFO - HTTP Request: POST https://api.telegram.org/bot8756837734:AAH1IvNHQToW1Lq0gd4Mai0IDC_qAVsFQgM/getUpdates "HTTP/1.1 200 OK"
2026-04-02 12:23:16,752 - httpx - INFO - HTTP Request: POST https://api.telegram.org/bot8756837734:AAH1IvNHQToW1Lq0gd4Mai0IDC_qAVsFQgM/getUpdates "HTTP/1.1 200 OK"
2026-04-02 12:23:26,863 - httpx - INFO - HTTP Request: POST https://api.telegram.org/bot8756837734:AAH1IvNHQToW1Lq0gd4Mai0IDC_qAVsFQgM/getUpdates "HTTP/1.1 200 OK"
2026-04-02 12:23:36,964 - httpx - INFO - HTTP Request: POST https://api.telegram.org/bot8756837734:AAH1IvNHQToW1Lq0gd4Mai0IDC_qAVsFQgM/getUpdates "HTTP/1.1 200 OK"
2026-04-02 12:23:47,044 - httpx - INFO - HTTP Request: POST https://api.telegram.org/bot8756837734:AAH1IvNHQToW1Lq0gd4Mai0IDC_qAVsFQgM/getUpdates "HTTP/1.1 200 OK"
2026-04-02 12:23:57,144 - httpx - INFO - HTTP Request: POST https://api.telegram.org/bot8756837734:AAH1IvNHQToW1Lq0gd4Mai0IDC_qAVsFQgM/getUpdates "HTTP/1.1 200 OK"
2026-04-02 12:24:07,234 - httpx - INFO - HTTP Request: POST https://api.telegram.org/bot8756837734:AAH1IvNHQToW1Lq0gd4Mai0IDC_qAVsFQgM/getUpdates "HTTP/1.1 200 OK"
2026-04-02 12:24:17,423 - httpx - INFO - HTTP Request: POST https://api.telegram.org/bot8756837734:AAH1IvNHQToW1Lq0gd4Mai0IDC_qAVsFQgM/getUpdates "HTTP/1.1 200 OK"
2026-04-02 12:24:27,526 - httpx - INFO - HTTP Request: POST https://api.telegram.org/bot8756837734:AAH1IvNHQToW1Lq0gd4Mai0IDC_qAVsFQgM/getUpdates "HTTP/1.1 200 OK"
2026-04-02 12:24:37,792 - httpx - INFO - HTTP Request: POST https://api.telegram.org/bot8756837734:AAH1IvNHQToW1Lq0gd4Mai0IDC_qAVsFQgM/getUpdates "HTTP/1.1 200 OK"
2026-04-02 12:24:47,929 - httpx - INFO - HTTP Request: POST https://api.telegram.org/bot8756837734:AAH1IvNHQToW1Lq0gd4Mai0IDC_qAVsFQgM/getUpdates "HTTP/1.1 200 OK"
2026-04-02 12:24:58,014 - httpx - INFO - HTTP Request: POST https://api.telegram.org/bot8756837734:AAH1IvNHQToW1Lq0gd4Mai0IDC_qAVsFQgM/getUpdates "HTTP/1.1 200 OK"
2026-04-02 12:25:08,105 - httpx - INFO - HTTP Request: POST https://api.telegram.org/bot8756837734:AAH1IvNHQToW1Lq0gd4Mai0IDC_qAVsFQgM/getUpdates "HTTP/1.1 200 OK"
2026-04-02 12:25:18,234 - httpx - INFO - HTTP Request: POST https://api.telegram.org/bot8756837734:AAH1IvNHQToW1Lq0gd4Mai0IDC_qAVsFQgM/getUpdates "HTTP/1.1 200 OK"
2026-04-02 12:25:28,369 - httpx - INFO - HTTP Request: POST https://api.telegram.org/bot8756837734:AAH1IvNHQToW1Lq0gd4Mai0IDC_qAVsFQgM/getUpdates "HTTP/1.1 200 OK"
2026-04-02 12:25:38,467 - httpx - INFO - HTTP Request: POST https://api.telegram.org/bot8756837734:AAH1IvNHQToW1Lq0gd4Mai0IDC_qAVsFQgM/getUpdates "HTTP/1.1 200 OK"
2026-04-02 12:25:48,585 - httpx - INFO - HTTP Request: POST https://api.telegram.org/bot8756837734:AAH1IvNHQToW1Lq0gd4Mai0IDC_qAVsFQgM/getUpdates "HTTP/1.1 200 OK"
2026-04-02 12:25:58,688 - httpx - INFO - HTTP Request: POST https://api.telegram.org/bot8756837734:AAH1IvNHQToW1Lq0gd4Mai0IDC_qAVsFQgM/getUpdates "HTTP/1.1 200 OK"
2026-04-02 12:26:09,133 - httpx - INFO - HTTP Request: POST https://api.telegram.org/bot8756837734:AAH1IvNHQToW1Lq0gd4Mai0IDC_qAVsFQgM/getUpdates "HTTP/1.1 200 OK"
2026-04-02 12:26:19,288 - httpx - INFO - HTTP Request: POST https://api.telegram.org/bot8756837734:AAH1IvNHQToW1Lq0gd4Mai0IDC_qAVsFQgM/getUpdates "HTTP/1.1 200 OK"
2026-04-02 12:26:29,408 - httpx - INFO - HTTP Request: POST https://api.telegram.org/bot8756837734:AAH1IvNHQToW1Lq0gd4Mai0IDC_qAVsFQgM/getUpdates "HTTP/1.1 200 OK"
2026-04-02 12:26:39,516 - httpx - INFO - HTTP Request: POST https://api.telegram.org/bot8756837734:AAH1IvNHQToW1Lq0gd4Mai0IDC_qAVsFQgM/getUpdates "HTTP/1.1 200 OK"
2026-04-02 12:26:49,618 - httpx - INFO - HTTP Request: POST https://api.telegram.org/bot8756837734:AAH1IvNHQToW1Lq0gd4Mai0IDC_qAVsFQgM/getUpdates "HTTP/1.1 200 OK"
2026-04-02 12:26:59,711 - httpx - INFO - HTTP Request: POST https://api.telegram.org/bot8756837734:AAH1IvNHQToW1Lq0gd4Mai0IDC_qAVsFQgM/getUpdates "HTTP/1.1 200 OK"
2026-04-02 12:27:09,982 - httpx - INFO - HTTP Request: POST https://api.telegram.org/bot8756837734:AAH1IvNHQToW1Lq0gd4Mai0IDC_qAVsFQgM/getUpdates "HTTP/1.1 200 OK"
2026-04-02 12:27:20,081 - httpx - INFO - HTTP Request: POST https://api.telegram.org/bot8756837734:AAH1IvNHQToW1Lq0gd4Mai0IDC_qAVsFQgM/getUpdates "HTTP/1.1 200 OK"
2026-04-02 12:27:30,247 - httpx - INFO - HTTP Request: POST https://api.telegram.org/bot8756837734:AAH1IvNHQToW1Lq0gd4Mai0IDC_qAVsFQgM/getUpdates "HTTP/1.1 200 OK"
2026-04-02 12:27:40,340 - httpx - INFO - HTTP Request: POST https://api.telegram.org/bot8756837734:AAH1IvNHQToW1Lq0gd4Mai0IDC_qAVsFQgM/getUpdates "HTTP/1.1 200 OK"
2026-04-02 12:27:50,608 - httpx - INFO - HTTP Request: POST https://api.telegram.org/bot8756837734:AAH1IvNHQToW1Lq0gd4Mai0IDC_qAVsFQgM/getUpdates "HTTP/1.1 200 OK"
2026-04-02 12:28:00,722 - httpx - INFO - HTTP Request: POST https://api.telegram.org/bot8756837734:AAH1IvNHQToW1Lq0gd4Mai0IDC_qAVsFQgM/getUpdates "HTTP/1.1 200 OK"
2026-04-02 12:28:10,881 - httpx - INFO - HTTP Request: POST https://api.telegram.org/bot8756837734:AAH1IvNHQToW1Lq0gd4Mai0IDC_qAVsFQgM/getUpdates "HTTP/1.1 200 OK"
2026-04-02 12:28:20,977 - httpx - INFO - HTTP Request: POST https://api.telegram.org/bot8756837734:AAH1IvNHQToW1Lq0gd4Mai0IDC_qAVsFQgM/getUpdates "HTTP/1.1 200 OK"
2026-04-02 12:28:31,099 - httpx - INFO - HTTP Request: POST https://api.telegram.org/bot8756837734:AAH1IvNHQToW1Lq0gd4Mai0IDC_qAVsFQgM/getUpdates "HTTP/1.1 200 OK"
2026-04-02 12:28:41,191 - httpx - INFO - HTTP Request: POST https://api.telegram.org/bot8756837734:AAH1IvNHQToW1Lq0gd4Mai0IDC_qAVsFQgM/getUpdates "HTTP/1.1 200 OK"
2026-04-02 12:28:51,304 - httpx - INFO - HTTP Request: POST https://api.telegram.org/bot8756837734:AAH1IvNHQToW1Lq0gd4Mai0IDC_qAVsFQgM/getUpdates "HTTP/1.1 200 OK"
2026-04-02 12:29:01,422 - httpx - INFO - HTTP Request: POST https://api.telegram.org/bot8756837734:AAH1IvNHQToW1Lq0gd4Mai0IDC_qAVsFQgM/getUpdates "HTTP/1.1 200 OK"
2026-04-02 12:29:11,547 - httpx - INFO - HTTP Request: POST https://api.telegram.org/bot8756837734:AAH1IvNHQToW1Lq0gd4Mai0IDC_qAVsFQgM/getUpdates "HTTP/1.1 200 OK"
2026-04-02 12:29:21,643 - httpx - INFO - HTTP Request: POST https://api.telegram.org/bot8756837734:AAH1IvNHQToW1Lq0gd4Mai0IDC_qAVsFQgM/getUpdates "HTTP/1.1 200 OK"
2026-04-02 12:29:31,733 - httpx - INFO - HTTP Request: POST https://api.telegram.org/bot8756837734:AAH1IvNHQToW1Lq0gd4Mai0IDC_qAVsFQgM/getUpdates "HTTP/1.1 200 OK"
2026-04-02 12:29:41,829 - httpx - INFO - HTTP Request: POST https://api.telegram.org/bot8756837734:AAH1IvNHQToW1Lq0gd4Mai0IDC_qAVsFQgM/getUpdates "HTTP/1.1 200 OK"
2026-04-02 12:29:51,938 - httpx - INFO - HTTP Request: POST https://api.telegram.org/bot8756837734:AAH1IvNHQToW1Lq0gd4Mai0IDC_qAVsFQgM/getUpdates "HTTP/1.1 200 OK"
2026-04-02 12:30:02,045 - httpx - INFO - HTTP Request: POST https://api.telegram.org/bot8756837734:AAH1IvNHQToW1Lq0gd4Mai0IDC_qAVsFQgM/getUpdates "HTTP/1.1 200 OK"
2026-04-02 12:30:12,145 - httpx - INFO - HTTP Request: POST https://api.telegram.org/bot8756837734:AAH1IvNHQToW1Lq0gd4Mai0IDC_qAVsFQgM/getUpdates "HTTP/1.1 200 OK"
2026-04-02 12:30:22,226 - httpx - INFO - HTTP Request: POST https://api.telegram.org/bot8756837734:AAH1IvNHQToW1Lq0gd4Mai0IDC_qAVsFQgM/getUpdates "HTTP/1.1 200 OK"
2026-04-02 12:30:32,355 - httpx - INFO - HTTP Request: POST https://api.telegram.org/bot8756837734:AAH1IvNHQToW1Lq0gd4Mai0IDC_qAVsFQgM/getUpdates "HTTP/1.1 200 OK"
2026-04-02 12:30:42,642 - httpx - INFO - HTTP Request: POST https://api.telegram.org/bot8756837734:AAH1IvNHQToW1Lq0gd4Mai0IDC_qAVsFQgM/getUpdates "HTTP/1.1 200 OK"
2026-04-02 12:30:52,776 - httpx - INFO - HTTP Request: POST https://api.telegram.org/bot8756837734:AAH1IvNHQToW1Lq0gd4Mai0IDC_qAVsFQgM/getUpdates "HTTP/1.1 200 OK"
2026-04-02 12:31:02,893 - httpx - INFO - HTTP Request: POST https://api.telegram.org/bot8756837734:AAH1IvNHQToW1Lq0gd4Mai0IDC_qAVsFQgM/getUpdates "HTTP/1.1 200 OK"
2026-04-02 12:31:13,043 - httpx - INFO - HTTP Request: POST https://api.telegram.org/bot8756837734:AAH1IvNHQToW1Lq0gd4Mai0IDC_qAVsFQgM/getUpdates "HTTP/1.1 200 OK"
2026-04-02 12:31:23,147 - httpx - INFO - HTTP Request: POST https://api.telegram.org/bot8756837734:AAH1IvNHQToW1Lq0gd4Mai0IDC_qAVsFQgM/getUpdates "HTTP/1.1 200 OK"
2026-04-02 12:31:33,241 - httpx - INFO - HTTP Request: POST https://api.telegram.org/bot8756837734:AAH1IvNHQToW1Lq0gd4Mai0IDC_qAVsFQgM/getUpdates "HTTP/1.1 200 OK"
2026-04-02 12:31:43,365 - httpx - INFO - HTTP Request: POST https://api.telegram.org/bot8756837734:AAH1IvNHQToW1Lq0gd4Mai0IDC_qAVsFQgM/getUpdates "HTTP/1.1 200 OK"
2026-04-02 12:31:53,476 - httpx - INFO - HTTP Request: POST https://api.telegram.org/bot8756837734:AAH1IvNHQToW1Lq0gd4Mai0IDC_qAVsFQgM/getUpdates "HTTP/1.1 200 OK"
2026-04-02 12:32:03,595 - httpx - INFO - HTTP Request: POST https://api.telegram.org/bot8756837734:AAH1IvNHQToW1Lq0gd4Mai0IDC_qAVsFQgM/getUpdates "HTTP/1.1 200 OK"
2026-04-02 12:32:13,693 - httpx - INFO - HTTP Request: POST https://api.telegram.org/bot8756837734:AAH1IvNHQToW1Lq0gd4Mai0IDC_qAVsFQgM/getUpdates "HTTP/1.1 200 OK"
2026-04-02 12:32:23,855 - httpx - INFO - HTTP Request: POST https://api.telegram.org/bot8756837734:AAH1IvNHQToW1Lq0gd4Mai0IDC_qAVsFQgM/getUpdates "HTTP/1.1 200 OK"
2026-04-02 12:32:33,936 - httpx - INFO - HTTP Request: POST https://api.telegram.org/bot8756837734:AAH1IvNHQToW1Lq0gd4Mai0IDC_qAVsFQgM/getUpdates "HTTP/1.1 200 OK"
2026-04-02 12:32:44,024 - httpx - INFO - HTTP Request: POST https://api.telegram.org/bot8756837734:AAH1IvNHQToW1Lq0gd4Mai0IDC_qAVsFQgM/getUpdates "HTTP/1.1 200 OK"
2026-04-02 12:32:54,160 - httpx - INFO - HTTP Request: POST https://api.telegram.org/bot8756837734:AAH1IvNHQToW1Lq0gd4Mai0IDC_qAVsFQgM/getUpdates "HTTP/1.1 200 OK"
2026-04-02 12:33:04,269 - httpx - INFO - HTTP Request: POST https://api.telegram.org/bot8756837734:AAH1IvNHQToW1Lq0gd4Mai0IDC_qAVsFQgM/getUpdates "HTTP/1.1 200 OK"
2026-04-02 12:33:14,393 - httpx - INFO - HTTP Request: POST https://api.telegram.org/bot8756837734:AAH1IvNHQToW1Lq0gd4Mai0IDC_qAVsFQgM/getUpdates "HTTP/1.1 200 OK"
2026-04-02 12:33:24,498 - httpx - INFO - HTTP Request: POST https://api.telegram.org/bot8756837734:AAH1IvNHQToW1Lq0gd4Mai0IDC_qAVsFQgM/getUpdates "HTTP/1.1 200 OK"
2026-04-02 12:33:34,600 - httpx - INFO - HTTP Request: POST https://api.telegram.org/bot8756837734:AAH1IvNHQToW1Lq0gd4Mai0IDC_qAVsFQgM/getUpdates "HTTP/1.1 200 OK"
2026-04-02 12:33:44,725 - httpx - INFO - HTTP Request: POST https://api.telegram.org/bot8756837734:AAH1IvNHQToW1Lq0gd4Mai0IDC_qAVsFQgM/getUpdates "HTTP/1.1 200 OK"
2026-04-02 12:33:54,821 - httpx - INFO - HTTP Request: POST https://api.telegram.org/bot8756837734:AAH1IvNHQToW1Lq0gd4Mai0IDC_qAVsFQgM/getUpdates "HTTP/1.1 200 OK"
2026-04-02 12:34:04,941 - httpx - INFO - HTTP Request: POST https://api.telegram.org/bot8756837734:AAH1IvNHQToW1Lq0gd4Mai0IDC_qAVsFQgM/getUpdates "HTTP/1.1 200 OK"
2026-04-02 12:34:15,036 - httpx - INFO - HTTP Request: POST https://api.telegram.org/bot8756837734:AAH1IvNHQToW1Lq0gd4Mai0IDC_qAVsFQgM/getUpdates "HTTP/1.1 200 OK"
2026-04-02 12:34:25,170 - httpx - INFO - HTTP Request: POST https://api.telegram.org/bot8756837734:AAH1IvNHQToW1Lq0gd4Mai0IDC_qAVsFQgM/getUpdates "HTTP/1.1 200 OK"
2026-04-02 12:34:35,394 - httpx - INFO - HTTP Request: POST https://api.telegram.org/bot8756837734:AAH1IvNHQToW1Lq0gd4Mai0IDC_qAVsFQgM/getUpdates "HTTP/1.1 200 OK"
2026-04-02 12:34:45,555 - httpx - INFO - HTTP Request: POST https://api.telegram.org/bot8756837734:AAH1IvNHQToW1Lq0gd4Mai0IDC_qAVsFQgM/getUpdates "HTTP/1.1 200 OK"
2026-04-02 12:34:55,725 - httpx - INFO - HTTP Request: POST https://api.telegram.org/bot8756837734:AAH1IvNHQToW1Lq0gd4Mai0IDC_qAVsFQgM/getUpdates "HTTP/1.1 200 OK"
2026-04-02 12:35:05,822 - httpx - INFO - HTTP Request: POST https://api.telegram.org/bot8756837734:AAH1IvNHQToW1Lq0gd4Mai0IDC_qAVsFQgM/getUpdates "HTTP/1.1 200 OK"
2026-04-02 12:35:15,964 - httpx - INFO - HTTP Request: POST https://api.telegram.org/bot8756837734:AAH1IvNHQToW1Lq0gd4Mai0IDC_qAVsFQgM/getUpdates "HTTP/1.1 200 OK"
2026-04-02 12:35:26,065 - httpx - INFO - HTTP Request: POST https://api.telegram.org/bot8756837734:AAH1IvNHQToW1Lq0gd4Mai0IDC_qAVsFQgM/getUpdates "HTTP/1.1 200 OK"
2026-04-02 12:35:36,183 - httpx - INFO - HTTP Request: POST https://api.telegram.org/bot8756837734:AAH1IvNHQToW1Lq0gd4Mai0IDC_qAVsFQgM/getUpdates "HTTP/1.1 200 OK"
2026-04-02 12:35:46,271 - httpx - INFO - HTTP Request: POST https://api.telegram.org/bot8756837734:AAH1IvNHQToW1Lq0gd4Mai0IDC_qAVsFQgM/getUpdates "HTTP/1.1 200 OK"
2026-04-02 12:35:56,369 - httpx - INFO - HTTP Request: POST https://api.telegram.org/bot8756837734:AAH1IvNHQToW1Lq0gd4Mai0IDC_qAVsFQgM/getUpdates "HTTP/1.1 200 OK"
2026-04-02 12:36:06,465 - httpx - INFO - HTTP Request: POST https://api.telegram.org/bot8756837734:AAH1IvNHQToW1Lq0gd4Mai0IDC_qAVsFQgM/getUpdates "HTTP/1.1 200 OK"
2026-04-02 12:36:16,585 - httpx - INFO - HTTP Request: POST https://api.telegram.org/bot8756837734:AAH1IvNHQToW1Lq0gd4Mai0IDC_qAVsFQgM/getUpdates "HTTP/1.1 200 OK"
2026-04-02 12:36:26,678 - httpx - INFO - HTTP Request: POST https://api.telegram.org/bot8756837734:AAH1IvNHQToW1Lq0gd4Mai0IDC_qAVsFQgM/getUpdates "HTTP/1.1 200 OK"
2026-04-02 12:36:36,773 - httpx - INFO - HTTP Request: POST https://api.telegram.org/bot8756837734:AAH1IvNHQToW1Lq0gd4Mai0IDC_qAVsFQgM/getUpdates "HTTP/1.1 200 OK"
2026-04-02 12:36:46,906 - httpx - INFO - HTTP Request: POST https://api.telegram.org/bot8756837734:AAH1IvNHQToW1Lq0gd4Mai0IDC_qAVsFQgM/getUpdates "HTTP/1.1 200 OK"
2026-04-02 12:36:57,634 - httpx - INFO - HTTP Request: POST https://api.telegram.org/bot8756837734:AAH1IvNHQToW1Lq0gd4Mai0IDC_qAVsFQgM/getUpdates "HTTP/1.1 200 OK"
2026-04-02 12:37:07,749 - httpx - INFO - HTTP Request: POST https://api.telegram.org/bot8756837734:AAH1IvNHQToW1Lq0gd4Mai0IDC_qAVsFQgM/getUpdates "HTTP/1.1 200 OK"
2026-04-02 12:37:17,849 - httpx - INFO - HTTP Request: POST https://api.telegram.org/bot8756837734:AAH1IvNHQToW1Lq0gd4Mai0IDC_qAVsFQgM/getUpdates "HTTP/1.1 200 OK"
2026-04-02 12:37:27,949 - httpx - INFO - HTTP Request: POST https://api.telegram.org/bot8756837734:AAH1IvNHQToW1Lq0gd4Mai0IDC_qAVsFQgM/getUpdates "HTTP/1.1 200 OK"
2026-04-02 12:37:38,044 - httpx - INFO - HTTP Request: POST https://api.telegram.org/bot8756837734:AAH1IvNHQToW1Lq0gd4Mai0IDC_qAVsFQgM/getUpdates "HTTP/1.1 200 OK"
2026-04-02 12:37:48,124 - httpx - INFO - HTTP Request: POST https://api.telegram.org/bot8756837734:AAH1IvNHQToW1Lq0gd4Mai0IDC_qAVsFQgM/getUpdates "HTTP/1.1 200 OK"
2026-04-02 12:37:58,233 - httpx - INFO - HTTP Request: POST https://api.telegram.org/bot8756837734:AAH1IvNHQToW1Lq0gd4Mai0IDC_qAVsFQgM/getUpdates "HTTP/1.1 200 OK"
2026-04-02 12:38:08,324 - httpx - INFO - HTTP Request: POST https://api.telegram.org/bot8756837734:AAH1IvNHQToW1Lq0gd4Mai0IDC_qAVsFQgM/getUpdates "HTTP/1.1 200 OK"
2026-04-02 12:38:18,429 - httpx - INFO - HTTP Request: POST https://api.telegram.org/bot8756837734:AAH1IvNHQToW1Lq0gd4Mai0IDC_qAVsFQgM/getUpdates "HTTP/1.1 200 OK"
2026-04-02 12:38:28,538 - httpx - INFO - HTTP Request: POST https://api.telegram.org/bot8756837734:AAH1IvNHQToW1Lq0gd4Mai0IDC_qAVsFQgM/getUpdates "HTTP/1.1 200 OK"
2026-04-02 12:38:38,665 - httpx - INFO - HTTP Request: POST https://api.telegram.org/bot8756837734:AAH1IvNHQToW1Lq0gd4Mai0IDC_qAVsFQgM/getUpdates "HTTP/1.1 200 OK"
2026-04-02 12:38:48,755 - httpx - INFO - HTTP Request: POST https://api.telegram.org/bot8756837734:AAH1IvNHQToW1Lq0gd4Mai0IDC_qAVsFQgM/getUpdates "HTTP/1.1 200 OK"
2026-04-02 12:38:58,868 - httpx - INFO - HTTP Request: POST https://api.telegram.org/bot8756837734:AAH1IvNHQToW1Lq0gd4Mai0IDC_qAVsFQgM/getUpdates "HTTP/1.1 200 OK"
2026-04-02 12:39:09,002 - httpx - INFO - HTTP Request: POST https://api.telegram.org/bot8756837734:AAH1IvNHQToW1Lq0gd4Mai0IDC_qAVsFQgM/getUpdates "HTTP/1.1 200 OK"
2026-04-02 12:39:19,111 - httpx - INFO - HTTP Request: POST https://api.telegram.org/bot8756837734:AAH1IvNHQToW1Lq0gd4Mai0IDC_qAVsFQgM/getUpdates "HTTP/1.1 200 OK"
2026-04-02 12:39:29,240 - httpx - INFO - HTTP Request: POST https://api.telegram.org/bot8756837734:AAH1IvNHQToW1Lq0gd4Mai0IDC_qAVsFQgM/getUpdates "HTTP/1.1 200 OK"
2026-04-02 12:39:39,372 - httpx - INFO - HTTP Request: POST https://api.telegram.org/bot8756837734:AAH1IvNHQToW1Lq0gd4Mai0IDC_qAVsFQgM/getUpdates "HTTP/1.1 200 OK"
2026-04-02 12:39:49,528 - httpx - INFO - HTTP Request: POST https://api.telegram.org/bot8756837734:AAH1IvNHQToW1Lq0gd4Mai0IDC_qAVsFQgM/getUpdates "HTTP/1.1 200 OK"
2026-04-02 12:39:59,623 - httpx - INFO - HTTP Request: POST https://api.telegram.org/bot8756837734:AAH1IvNHQToW1Lq0gd4Mai0IDC_qAVsFQgM/getUpdates "HTTP/1.1 200 OK"
2026-04-02 12:40:09,760 - httpx - INFO - HTTP Request: POST https://api.telegram.org/bot8756837734:AAH1IvNHQToW1Lq0gd4Mai0IDC_qAVsFQgM/getUpdates "HTTP/1.1 200 OK"
2026-04-02 12:40:19,942 - httpx - INFO - HTTP Request: POST https://api.telegram.org/bot8756837734:AAH1IvNHQToW1Lq0gd4Mai0IDC_qAVsFQgM/getUpdates "HTTP/1.1 200 OK"
2026-04-02 12:40:30,068 - httpx - INFO - HTTP Request: POST https://api.telegram.org/bot8756837734:AAH1IvNHQToW1Lq0gd4Mai0IDC_qAVsFQgM/getUpdates "HTTP/1.1 200 OK"
2026-04-02 12:40:40,160 - httpx - INFO - HTTP Request: POST https://api.telegram.org/bot8756837734:AAH1IvNHQToW1Lq0gd4Mai0IDC_qAVsFQgM/getUpdates "HTTP/1.1 200 OK"
2026-04-02 12:40:50,264 - httpx - INFO - HTTP Request: POST https://api.telegram.org/bot8756837734:AAH1IvNHQToW1Lq0gd4Mai0IDC_qAVsFQgM/getUpdates "HTTP/1.1 200 OK"
2026-04-02 12:41:00,451 - httpx - INFO - HTTP Request: POST https://api.telegram.org/bot8756837734:AAH1IvNHQToW1Lq0gd4Mai0IDC_qAVsFQgM/getUpdates "HTTP/1.1 200 OK"
2026-04-02 12:41:10,528 - httpx - INFO - HTTP Request: POST https://api.telegram.org/bot8756837734:AAH1IvNHQToW1Lq0gd4Mai0IDC_qAVsFQgM/getUpdates "HTTP/1.1 200 OK"
2026-04-02 12:41:20,620 - httpx - INFO - HTTP Request: POST https://api.telegram.org/bot8756837734:AAH1IvNHQToW1Lq0gd4Mai0IDC_qAVsFQgM/getUpdates "HTTP/1.1 200 OK"
2026-04-02 12:41:30,719 - httpx - INFO - HTTP Request: POST https://api.telegram.org/bot8756837734:AAH1IvNHQToW1Lq0gd4Mai0IDC_qAVsFQgM/getUpdates "HTTP/1.1 200 OK"
2026-04-02 12:41:40,818 - httpx - INFO - HTTP Request: POST https://api.telegram.org/bot8756837734:AAH1IvNHQToW1Lq0gd4Mai0IDC_qAVsFQgM/getUpdates "HTTP/1.1 200 OK"
2026-04-02 12:41:50,935 - httpx - INFO - HTTP Request: POST https://api.telegram.org/bot8756837734:AAH1IvNHQToW1Lq0gd4Mai0IDC_qAVsFQgM/getUpdates "HTTP/1.1 200 OK"
2026-04-02 12:42:01,145 - httpx - INFO - HTTP Request: POST https://api.telegram.org/bot8756837734:AAH1IvNHQToW1Lq0gd4Mai0IDC_qAVsFQgM/getUpdates "HTTP/1.1 200 OK"
2026-04-02 12:42:11,262 - httpx - INFO - HTTP Request: POST https://api.telegram.org/bot8756837734:AAH1IvNHQToW1Lq0gd4Mai0IDC_qAVsFQgM/getUpdates "HTTP/1.1 200 OK"
2026-04-02 12:42:21,356 - httpx - INFO - HTTP Request: POST https://api.telegram.org/bot8756837734:AAH1IvNHQToW1Lq0gd4Mai0IDC_qAVsFQgM/getUpdates "HTTP/1.1 200 OK"
2026-04-02 12:42:31,451 - httpx - INFO - HTTP Request: POST https://api.telegram.org/bot8756837734:AAH1IvNHQToW1Lq0gd4Mai0IDC_qAVsFQgM/getUpdates "HTTP/1.1 200 OK"
2026-04-02 12:42:41,547 - httpx - INFO - HTTP Request: POST https://api.telegram.org/bot8756837734:AAH1IvNHQToW1Lq0gd4Mai0IDC_qAVsFQgM/getUpdates "HTTP/1.1 200 OK"
2026-04-02 12:42:51,730 - httpx - INFO - HTTP Request: POST https://api.telegram.org/bot8756837734:AAH1IvNHQToW1Lq0gd4Mai0IDC_qAVsFQgM/getUpdates "HTTP/1.1 200 OK"
2026-04-02 12:43:01,806 - httpx - INFO - HTTP Request: POST https://api.telegram.org/bot8756837734:AAH1IvNHQToW1Lq0gd4Mai0IDC_qAVsFQgM/getUpdates "HTTP/1.1 200 OK"
2026-04-02 12:43:11,904 - httpx - INFO - HTTP Request: POST https://api.telegram.org/bot8756837734:AAH1IvNHQToW1Lq0gd4Mai0IDC_qAVsFQgM/getUpdates "HTTP/1.1 200 OK"
2026-04-02 12:43:22,009 - httpx - INFO - HTTP Request: POST https://api.telegram.org/bot8756837734:AAH1IvNHQToW1Lq0gd4Mai0IDC_qAVsFQgM/getUpdates "HTTP/1.1 200 OK"
2026-04-02 12:43:32,164 - httpx - INFO - HTTP Request: POST https://api.telegram.org/bot8756837734:AAH1IvNHQToW1Lq0gd4Mai0IDC_qAVsFQgM/getUpdates "HTTP/1.1 200 OK"
2026-04-02 12:43:42,306 - httpx - INFO - HTTP Request: POST https://api.telegram.org/bot8756837734:AAH1IvNHQToW1Lq0gd4Mai0IDC_qAVsFQgM/getUpdates "HTTP/1.1 200 OK"
2026-04-02 12:43:52,453 - httpx - INFO - HTTP Request: POST https://api.telegram.org/bot8756837734:AAH1IvNHQToW1Lq0gd4Mai0IDC_qAVsFQgM/getUpdates "HTTP/1.1 200 OK"
2026-04-02 12:44:02,566 - httpx - INFO - HTTP Request: POST https://api.telegram.org/bot8756837734:AAH1IvNHQToW1Lq0gd4Mai0IDC_qAVsFQgM/getUpdates "HTTP/1.1 200 OK"
2026-04-02 12:44:12,660 - httpx - INFO - HTTP Request: POST https://api.telegram.org/bot8756837734:AAH1IvNHQToW1Lq0gd4Mai0IDC_qAVsFQgM/getUpdates "HTTP/1.1 200 OK"
2026-04-02 12:44:22,760 - httpx - INFO - HTTP Request: POST https://api.telegram.org/bot8756837734:AAH1IvNHQToW1Lq0gd4Mai0IDC_qAVsFQgM/getUpdates "HTTP/1.1 200 OK"
2026-04-02 12:44:32,936 - httpx - INFO - HTTP Request: POST https://api.telegram.org/bot8756837734:AAH1IvNHQToW1Lq0gd4Mai0IDC_qAVsFQgM/getUpdates "HTTP/1.1 200 OK"
2026-04-02 12:44:43,039 - httpx - INFO - HTTP Request: POST https://api.telegram.org/bot8756837734:AAH1IvNHQToW1Lq0gd4Mai0IDC_qAVsFQgM/getUpdates "HTTP/1.1 200 OK"
2026-04-02 12:44:53,152 - httpx - INFO - HTTP Request: POST https://api.telegram.org/bot8756837734:AAH1IvNHQToW1Lq0gd4Mai0IDC_qAVsFQgM/getUpdates "HTTP/1.1 200 OK"
2026-04-02 12:45:03,277 - httpx - INFO - HTTP Request: POST https://api.telegram.org/bot8756837734:AAH1IvNHQToW1Lq0gd4Mai0IDC_qAVsFQgM/getUpdates "HTTP/1.1 200 OK"
2026-04-02 12:45:13,413 - httpx - INFO - HTTP Request: POST https://api.telegram.org/bot8756837734:AAH1IvNHQToW1Lq0gd4Mai0IDC_qAVsFQgM/getUpdates "HTTP/1.1 200 OK"
2026-04-02 12:45:23,525 - httpx - INFO - HTTP Request: POST https://api.telegram.org/bot8756837734:AAH1IvNHQToW1Lq0gd4Mai0IDC_qAVsFQgM/getUpdates "HTTP/1.1 200 OK"
2026-04-02 12:45:33,647 - httpx - INFO - HTTP Request: POST https://api.telegram.org/bot8756837734:AAH1IvNHQToW1Lq0gd4Mai0IDC_qAVsFQgM/getUpdates "HTTP/1.1 200 OK"
2026-04-02 12:45:43,866 - httpx - INFO - HTTP Request: POST https://api.telegram.org/bot8756837734:AAH1IvNHQToW1Lq0gd4Mai0IDC_qAVsFQgM/getUpdates "HTTP/1.1 200 OK"
2026-04-02 12:45:53,963 - httpx - INFO - HTTP Request: POST https://api.telegram.org/bot8756837734:AAH1IvNHQToW1Lq0gd4Mai0IDC_qAVsFQgM/getUpdates "HTTP/1.1 200 OK"
2026-04-02 12:46:04,089 - httpx - INFO - HTTP Request: POST https://api.telegram.org/bot8756837734:AAH1IvNHQToW1Lq0gd4Mai0IDC_qAVsFQgM/getUpdates "HTTP/1.1 200 OK"
2026-04-02 12:46:14,210 - httpx - INFO - HTTP Request: POST https://api.telegram.org/bot8756837734:AAH1IvNHQToW1Lq0gd4Mai0IDC_qAVsFQgM/getUpdates "HTTP/1.1 200 OK"
2026-04-02 12:46:24,332 - httpx - INFO - HTTP Request: POST https://api.telegram.org/bot8756837734:AAH1IvNHQToW1Lq0gd4Mai0IDC_qAVsFQgM/getUpdates "HTTP/1.1 200 OK"
2026-04-02 12:46:34,446 - httpx - INFO - HTTP Request: POST https://api.telegram.org/bot8756837734:AAH1IvNHQToW1Lq0gd4Mai0IDC_qAVsFQgM/getUpdates "HTTP/1.1 200 OK"
2026-04-02 12:46:44,544 - httpx - INFO - HTTP Request: POST https://api.telegram.org/bot8756837734:AAH1IvNHQToW1Lq0gd4Mai0IDC_qAVsFQgM/getUpdates "HTTP/1.1 200 OK"
2026-04-02 12:46:54,651 - httpx - INFO - HTTP Request: POST https://api.telegram.org/bot8756837734:AAH1IvNHQToW1Lq0gd4Mai0IDC_qAVsFQgM/getUpdates "HTTP/1.1 200 OK"
2026-04-02 12:47:04,756 - httpx - INFO - HTTP Request: POST https://api.telegram.org/bot8756837734:AAH1IvNHQToW1Lq0gd4Mai0IDC_qAVsFQgM/getUpdates "HTTP/1.1 200 OK"
2026-04-02 12:47:14,861 - httpx - INFO - HTTP Request: POST https://api.telegram.org/bot8756837734:AAH1IvNHQToW1Lq0gd4Mai0IDC_qAVsFQgM/getUpdates "HTTP/1.1 200 OK"
2026-04-02 12:47:25,038 - httpx - INFO - HTTP Request: POST https://api.telegram.org/bot8756837734:AAH1IvNHQToW1Lq0gd4Mai0IDC_qAVsFQgM/getUpdates "HTTP/1.1 200 OK"
2026-04-02 12:47:35,133 - httpx - INFO - HTTP Request: POST https://api.telegram.org/bot8756837734:AAH1IvNHQToW1Lq0gd4Mai0IDC_qAVsFQgM/getUpdates "HTTP/1.1 200 OK"
2026-04-02 12:47:45,249 - httpx - INFO - HTTP Request: POST https://api.telegram.org/bot8756837734:AAH1IvNHQToW1Lq0gd4Mai0IDC_qAVsFQgM/getUpdates "HTTP/1.1 200 OK"
2026-04-02 12:47:55,357 - httpx - INFO - HTTP Request: POST https://api.telegram.org/bot8756837734:AAH1IvNHQToW1Lq0gd4Mai0IDC_qAVsFQgM/getUpdates "HTTP/1.1 200 OK"
2026-04-02 12:48:05,448 - httpx - INFO - HTTP Request: POST https://api.telegram.org/bot8756837734:AAH1IvNHQToW1Lq0gd4Mai0IDC_qAVsFQgM/getUpdates "HTTP/1.1 200 OK"
2026-04-02 12:48:15,545 - httpx - INFO - HTTP Request: POST https://api.telegram.org/bot8756837734:AAH1IvNHQToW1Lq0gd4Mai0IDC_qAVsFQgM/getUpdates "HTTP/1.1 200 OK"
2026-04-02 12:48:25,649 - httpx - INFO - HTTP Request: POST https://api.telegram.org/bot8756837734:AAH1IvNHQToW1Lq0gd4Mai0IDC_qAVsFQgM/getUpdates "HTTP/1.1 200 OK"
2026-04-02 12:48:35,729 - httpx - INFO - HTTP Request: POST https://api.telegram.org/bot8756837734:AAH1IvNHQToW1Lq0gd4Mai0IDC_qAVsFQgM/getUpdates "HTTP/1.1 200 OK"
2026-04-02 12:48:45,835 - httpx - INFO - HTTP Request: POST https://api.telegram.org/bot8756837734:AAH1IvNHQToW1Lq0gd4Mai0IDC_qAVsFQgM/getUpdates "HTTP/1.1 200 OK"
2026-04-02 12:48:55,942 - httpx - INFO - HTTP Request: POST https://api.telegram.org/bot8756837734:AAH1IvNHQToW1Lq0gd4Mai0IDC_qAVsFQgM/getUpdates "HTTP/1.1 200 OK"
2026-04-02 12:49:06,033 - httpx - INFO - HTTP Request: POST https://api.telegram.org/bot8756837734:AAH1IvNHQToW1Lq0gd4Mai0IDC_qAVsFQgM/getUpdates "HTTP/1.1 200 OK"
2026-04-02 12:49:16,169 - httpx - INFO - HTTP Request: POST https://api.telegram.org/bot8756837734:AAH1IvNHQToW1Lq0gd4Mai0IDC_qAVsFQgM/getUpdates "HTTP/1.1 200 OK"
2026-04-02 12:49:26,278 - httpx - INFO - HTTP Request: POST https://api.telegram.org/bot8756837734:AAH1IvNHQToW1Lq0gd4Mai0IDC_qAVsFQgM/getUpdates "HTTP/1.1 200 OK"
2026-04-02 12:49:36,392 - httpx - INFO - HTTP Request: POST https://api.telegram.org/bot8756837734:AAH1IvNHQToW1Lq0gd4Mai0IDC_qAVsFQgM/getUpdates "HTTP/1.1 200 OK"
2026-04-02 12:49:46,842 - httpx - INFO - HTTP Request: POST https://api.telegram.org/bot8756837734:AAH1IvNHQToW1Lq0gd4Mai0IDC_qAVsFQgM/getUpdates "HTTP/1.1 200 OK"
2026-04-02 12:49:56,980 - httpx - INFO - HTTP Request: POST https://api.telegram.org/bot8756837734:AAH1IvNHQToW1Lq0gd4Mai0IDC_qAVsFQgM/getUpdates "HTTP/1.1 200 OK"
2026-04-02 12:50:07,086 - httpx - INFO - HTTP Request: POST https://api.telegram.org/bot8756837734:AAH1IvNHQToW1Lq0gd4Mai0IDC_qAVsFQgM/getUpdates "HTTP/1.1 200 OK"
2026-04-02 12:50:17,185 - httpx - INFO - HTTP Request: POST https://api.telegram.org/bot8756837734:AAH1IvNHQToW1Lq0gd4Mai0IDC_qAVsFQgM/getUpdates "HTTP/1.1 200 OK"
2026-04-02 12:50:27,417 - httpx - INFO - HTTP Request: POST https://api.telegram.org/bot8756837734:AAH1IvNHQToW1Lq0gd4Mai0IDC_qAVsFQgM/getUpdates "HTTP/1.1 200 OK"
2026-04-02 12:50:37,527 - httpx - INFO - HTTP Request: POST https://api.telegram.org/bot8756837734:AAH1IvNHQToW1Lq0gd4Mai0IDC_qAVsFQgM/getUpdates "HTTP/1.1 200 OK"
2026-04-02 12:50:47,615 - httpx - INFO - HTTP Request: POST https://api.telegram.org/bot8756837734:AAH1IvNHQToW1Lq0gd4Mai0IDC_qAVsFQgM/getUpdates "HTTP/1.1 200 OK"
2026-04-02 12:50:57,742 - httpx - INFO - HTTP Request: POST https://api.telegram.org/bot8756837734:AAH1IvNHQToW1Lq0gd4Mai0IDC_qAVsFQgM/getUpdates "HTTP/1.1 200 OK"
2026-04-02 12:51:07,881 - httpx - INFO - HTTP Request: POST https://api.telegram.org/bot8756837734:AAH1IvNHQToW1Lq0gd4Mai0IDC_qAVsFQgM/getUpdates "HTTP/1.1 200 OK"
2026-04-02 12:51:17,989 - httpx - INFO - HTTP Request: POST https://api.telegram.org/bot8756837734:AAH1IvNHQToW1Lq0gd4Mai0IDC_qAVsFQgM/getUpdates "HTTP/1.1 200 OK"
2026-04-02 12:51:28,110 - httpx - INFO - HTTP Request: POST https://api.telegram.org/bot8756837734:AAH1IvNHQToW1Lq0gd4Mai0IDC_qAVsFQgM/getUpdates "HTTP/1.1 200 OK"
2026-04-02 12:51:38,203 - httpx - INFO - HTTP Request: POST https://api.telegram.org/bot8756837734:AAH1IvNHQToW1Lq0gd4Mai0IDC_qAVsFQgM/getUpdates "HTTP/1.1 200 OK"
2026-04-02 12:51:48,331 - httpx - INFO - HTTP Request: POST https://api.telegram.org/bot8756837734:AAH1IvNHQToW1Lq0gd4Mai0IDC_qAVsFQgM/getUpdates "HTTP/1.1 200 OK"
2026-04-02 12:51:58,427 - httpx - INFO - HTTP Request: POST https://api.telegram.org/bot8756837734:AAH1IvNHQToW1Lq0gd4Mai0IDC_qAVsFQgM/getUpdates "HTTP/1.1 200 OK"
2026-04-02 12:52:08,552 - httpx - INFO - HTTP Request: POST https://api.telegram.org/bot8756837734:AAH1IvNHQToW1Lq0gd4Mai0IDC_qAVsFQgM/getUpdates "HTTP/1.1 200 OK"
2026-04-02 12:52:18,653 - httpx - INFO - HTTP Request: POST https://api.telegram.org/bot8756837734:AAH1IvNHQToW1Lq0gd4Mai0IDC_qAVsFQgM/getUpdates "HTTP/1.1 200 OK"
2026-04-02 12:52:29,023 - httpx - INFO - HTTP Request: POST https://api.telegram.org/bot8756837734:AAH1IvNHQToW1Lq0gd4Mai0IDC_qAVsFQgM/getUpdates "HTTP/1.1 200 OK"
2026-04-02 12:52:39,163 - httpx - INFO - HTTP Request: POST https://api.telegram.org/bot8756837734:AAH1IvNHQToW1Lq0gd4Mai0IDC_qAVsFQgM/getUpdates "HTTP/1.1 200 OK"
2026-04-02 12:52:49,511 - httpx - INFO - HTTP Request: POST https://api.telegram.org/bot8756837734:AAH1IvNHQToW1Lq0gd4Mai0IDC_qAVsFQgM/getUpdates "HTTP/1.1 200 OK"
2026-04-02 12:52:59,703 - httpx - INFO - HTTP Request: POST https://api.telegram.org/bot8756837734:AAH1IvNHQToW1Lq0gd4Mai0IDC_qAVsFQgM/getUpdates "HTTP/1.1 200 OK"
2026-04-02 12:53:09,800 - httpx - INFO - HTTP Request: POST https://api.telegram.org/bot8756837734:AAH1IvNHQToW1Lq0gd4Mai0IDC_qAVsFQgM/getUpdates "HTTP/1.1 200 OK"
2026-04-02 12:53:19,941 - httpx - INFO - HTTP Request: POST https://api.telegram.org/bot8756837734:AAH1IvNHQToW1Lq0gd4Mai0IDC_qAVsFQgM/getUpdates "HTTP/1.1 200 OK"
2026-04-02 12:53:30,095 - httpx - INFO - HTTP Request: POST https://api.telegram.org/bot8756837734:AAH1IvNHQToW1Lq0gd4Mai0IDC_qAVsFQgM/getUpdates "HTTP/1.1 200 OK"
2026-04-02 12:53:40,210 - httpx - INFO - HTTP Request: POST https://api.telegram.org/bot8756837734:AAH1IvNHQToW1Lq0gd4Mai0IDC_qAVsFQgM/getUpdates "HTTP/1.1 200 OK"
2026-04-02 12:53:50,946 - httpx - INFO - HTTP Request: POST https://api.telegram.org/bot8756837734:AAH1IvNHQToW1Lq0gd4Mai0IDC_qAVsFQgM/getUpdates "HTTP/1.1 200 OK"
2026-04-02 12:54:01,132 - httpx - INFO - HTTP Request: POST https://api.telegram.org/bot8756837734:AAH1IvNHQToW1Lq0gd4Mai0IDC_qAVsFQgM/getUpdates "HTTP/1.1 200 OK"
2026-04-02 12:54:11,254 - httpx - INFO - HTTP Request: POST https://api.telegram.org/bot8756837734:AAH1IvNHQToW1Lq0gd4Mai0IDC_qAVsFQgM/getUpdates "HTTP/1.1 200 OK"
2026-04-02 12:54:21,364 - httpx - INFO - HTTP Request: POST https://api.telegram.org/bot8756837734:AAH1IvNHQToW1Lq0gd4Mai0IDC_qAVsFQgM/getUpdates "HTTP/1.1 200 OK"
2026-04-02 12:54:31,461 - httpx - INFO - HTTP Request: POST https://api.telegram.org/bot8756837734:AAH1IvNHQToW1Lq0gd4Mai0IDC_qAVsFQgM/getUpdates "HTTP/1.1 200 OK"
2026-04-02 12:54:41,594 - httpx - INFO - HTTP Request: POST https://api.telegram.org/bot8756837734:AAH1IvNHQToW1Lq0gd4Mai0IDC_qAVsFQgM/getUpdates "HTTP/1.1 200 OK"
2026-04-02 12:54:51,726 - httpx - INFO - HTTP Request: POST https://api.telegram.org/bot8756837734:AAH1IvNHQToW1Lq0gd4Mai0IDC_qAVsFQgM/getUpdates "HTTP/1.1 200 OK"
2026-04-02 12:55:01,812 - httpx - INFO - HTTP Request: POST https://api.telegram.org/bot8756837734:AAH1IvNHQToW1Lq0gd4Mai0IDC_qAVsFQgM/getUpdates "HTTP/1.1 200 OK"
2026-04-02 12:55:12,054 - httpx - INFO - HTTP Request: POST https://api.telegram.org/bot8756837734:AAH1IvNHQToW1Lq0gd4Mai0IDC_qAVsFQgM/getUpdates "HTTP/1.1 200 OK"
2026-04-02 12:55:25,230 - httpx - INFO - HTTP Request: POST https://api.telegram.org/bot8756837734:AAH1IvNHQToW1Lq0gd4Mai0IDC_qAVsFQgM/getUpdates "HTTP/1.1 200 OK"
2026-04-02 12:55:38,596 - httpx - INFO - HTTP Request: POST https://api.telegram.org/bot8756837734:AAH1IvNHQToW1Lq0gd4Mai0IDC_qAVsFQgM/getUpdates "HTTP/1.1 200 OK"
2026-04-02 12:55:49,462 - httpx - INFO - HTTP Request: POST https://api.telegram.org/bot8756837734:AAH1IvNHQToW1Lq0gd4Mai0IDC_qAVsFQgM/getUpdates "HTTP/1.1 200 OK"
2026-04-02 12:56:33,730 - httpx - INFO - HTTP Request: POST https://api.telegram.org/bot8756837734:AAH1IvNHQToW1Lq0gd4Mai0IDC_qAVsFQgM/getUpdates "HTTP/1.1 200 OK"
2026-04-02 12:56:44,153 - httpx - INFO - HTTP Request: POST https://api.telegram.org/bot8756837734:AAH1IvNHQToW1Lq0gd4Mai0IDC_qAVsFQgM/getUpdates "HTTP/1.1 200 OK"
2026-04-02 12:56:54,243 - httpx - INFO - HTTP Request: POST https://api.telegram.org/bot8756837734:AAH1IvNHQToW1Lq0gd4Mai0IDC_qAVsFQgM/getUpdates "HTTP/1.1 200 OK"
2026-04-02 12:57:04,334 - httpx - INFO - HTTP Request: POST https://api.telegram.org/bot8756837734:AAH1IvNHQToW1Lq0gd4Mai0IDC_qAVsFQgM/getUpdates "HTTP/1.1 200 OK"
2026-04-02 12:57:14,442 - httpx - INFO - HTTP Request: POST https://api.telegram.org/bot8756837734:AAH1IvNHQToW1Lq0gd4Mai0IDC_qAVsFQgM/getUpdates "HTTP/1.1 200 OK"
2026-04-02 12:57:24,560 - httpx - INFO - HTTP Request: POST https://api.telegram.org/bot8756837734:AAH1IvNHQToW1Lq0gd4Mai0IDC_qAVsFQgM/getUpdates "HTTP/1.1 200 OK"
2026-04-02 12:57:34,725 - httpx - INFO - HTTP Request: POST https://api.telegram.org/bot8756837734:AAH1IvNHQToW1Lq0gd4Mai0IDC_qAVsFQgM/getUpdates "HTTP/1.1 200 OK"
2026-04-02 12:57:44,850 - httpx - INFO - HTTP Request: POST https://api.telegram.org/bot8756837734:AAH1IvNHQToW1Lq0gd4Mai0IDC_qAVsFQgM/getUpdates "HTTP/1.1 200 OK"
2026-04-02 12:57:54,967 - httpx - INFO - HTTP Request: POST https://api.telegram.org/bot8756837734:AAH1IvNHQToW1Lq0gd4Mai0IDC_qAVsFQgM/getUpdates "HTTP/1.1 200 OK"
2026-04-02 12:58:05,242 - httpx - INFO - HTTP Request: POST https://api.telegram.org/bot8756837734:AAH1IvNHQToW1Lq0gd4Mai0IDC_qAVsFQgM/getUpdates "HTTP/1.1 200 OK"
2026-04-02 12:58:15,400 - httpx - INFO - HTTP Request: POST https://api.telegram.org/bot8756837734:AAH1IvNHQToW1Lq0gd4Mai0IDC_qAVsFQgM/getUpdates "HTTP/1.1 200 OK"
2026-04-02 12:58:25,536 - httpx - INFO - HTTP Request: POST https://api.telegram.org/bot8756837734:AAH1IvNHQToW1Lq0gd4Mai0IDC_qAVsFQgM/getUpdates "HTTP/1.1 200 OK"
2026-04-02 12:58:35,642 - httpx - INFO - HTTP Request: POST https://api.telegram.org/bot8756837734:AAH1IvNHQToW1Lq0gd4Mai0IDC_qAVsFQgM/getUpdates "HTTP/1.1 200 OK"
2026-04-02 12:58:45,755 - httpx - INFO - HTTP Request: POST https://api.telegram.org/bot8756837734:AAH1IvNHQToW1Lq0gd4Mai0IDC_qAVsFQgM/getUpdates "HTTP/1.1 200 OK"
2026-04-02 12:58:55,866 - httpx - INFO - HTTP Request: POST https://api.telegram.org/bot8756837734:AAH1IvNHQToW1Lq0gd4Mai0IDC_qAVsFQgM/getUpdates "HTTP/1.1 200 OK"
2026-04-02 12:59:05,978 - httpx - INFO - HTTP Request: POST https://api.telegram.org/bot8756837734:AAH1IvNHQToW1Lq0gd4Mai0IDC_qAVsFQgM/getUpdates "HTTP/1.1 200 OK"
2026-04-02 12:59:16,125 - httpx - INFO - HTTP Request: POST https://api.telegram.org/bot8756837734:AAH1IvNHQToW1Lq0gd4Mai0IDC_qAVsFQgM/getUpdates "HTTP/1.1 200 OK"
2026-04-02 12:59:26,226 - httpx - INFO - HTTP Request: POST https://api.telegram.org/bot8756837734:AAH1IvNHQToW1Lq0gd4Mai0IDC_qAVsFQgM/getUpdates "HTTP/1.1 200 OK"
2026-04-02 12:59:36,355 - httpx - INFO - HTTP Request: POST https://api.telegram.org/bot8756837734:AAH1IvNHQToW1Lq0gd4Mai0IDC_qAVsFQgM/getUpdates "HTTP/1.1 200 OK"
2026-04-02 12:59:46,443 - httpx - INFO - HTTP Request: POST https://api.telegram.org/bot8756837734:AAH1IvNHQToW1Lq0gd4Mai0IDC_qAVsFQgM/getUpdates "HTTP/1.1 200 OK"
2026-04-02 12:59:56,541 - httpx - INFO - HTTP Request: POST https://api.telegram.org/bot8756837734:AAH1IvNHQToW1Lq0gd4Mai0IDC_qAVsFQgM/getUpdates "HTTP/1.1 200 OK"
2026-04-02 13:00:06,677 - httpx - INFO - HTTP Request: POST https://api.telegram.org/bot8756837734:AAH1IvNHQToW1Lq0gd4Mai0IDC_qAVsFQgM/getUpdates "HTTP/1.1 200 OK"
2026-04-02 13:00:18,568 - httpx - INFO - HTTP Request: POST https://api.telegram.org/bot8756837734:AAH1IvNHQToW1Lq0gd4Mai0IDC_qAVsFQgM/getUpdates "HTTP/1.1 200 OK"
2026-04-02 13:00:28,916 - httpx - INFO - HTTP Request: POST https://api.telegram.org/bot8756837734:AAH1IvNHQToW1Lq0gd4Mai0IDC_qAVsFQgM/getUpdates "HTTP/1.1 200 OK"
2026-04-02 13:00:39,209 - httpx - INFO - HTTP Request: POST https://api.telegram.org/bot8756837734:AAH1IvNHQToW1Lq0gd4Mai0IDC_qAVsFQgM/getUpdates "HTTP/1.1 200 OK"
2026-04-02 13:00:49,395 - httpx - INFO - HTTP Request: POST https://api.telegram.org/bot8756837734:AAH1IvNHQToW1Lq0gd4Mai0IDC_qAVsFQgM/getUpdates "HTTP/1.1 200 OK"
2026-04-02 13:00:59,555 - httpx - INFO - HTTP Request: POST https://api.telegram.org/bot8756837734:AAH1IvNHQToW1Lq0gd4Mai0IDC_qAVsFQgM/getUpdates "HTTP/1.1 200 OK"
2026-04-02 13:01:09,648 - httpx - INFO - HTTP Request: POST https://api.telegram.org/bot8756837734:AAH1IvNHQToW1Lq0gd4Mai0IDC_qAVsFQgM/getUpdates "HTTP/1.1 200 OK"
2026-04-02 13:01:19,737 - httpx - INFO - HTTP Request: POST https://api.telegram.org/bot8756837734:AAH1IvNHQToW1Lq0gd4Mai0IDC_qAVsFQgM/getUpdates "HTTP/1.1 200 OK"
2026-04-02 13:01:29,856 - httpx - INFO - HTTP Request: POST https://api.telegram.org/bot8756837734:AAH1IvNHQToW1Lq0gd4Mai0IDC_qAVsFQgM/getUpdates "HTTP/1.1 200 OK"
2026-04-02 13:01:39,961 - httpx - INFO - HTTP Request: POST https://api.telegram.org/bot8756837734:AAH1IvNHQToW1Lq0gd4Mai0IDC_qAVsFQgM/getUpdates "HTTP/1.1 200 OK"
2026-04-02 13:02:05,551 - httpx - INFO - HTTP Request: POST https://api.telegram.org/bot8756837734:AAH1IvNHQToW1Lq0gd4Mai0IDC_qAVsFQgM/getUpdates "HTTP/1.1 200 OK"
2026-04-02 13:02:15,666 - httpx - INFO - HTTP Request: POST https://api.telegram.org/bot8756837734:AAH1IvNHQToW1Lq0gd4Mai0IDC_qAVsFQgM/getUpdates "HTTP/1.1 200 OK"
2026-04-02 13:02:25,773 - httpx - INFO - HTTP Request: POST https://api.telegram.org/bot8756837734:AAH1IvNHQToW1Lq0gd4Mai0IDC_qAVsFQgM/getUpdates "HTTP/1.1 200 OK"
2026-04-02 13:02:35,863 - httpx - INFO - HTTP Request: POST https://api.telegram.org/bot8756837734:AAH1IvNHQToW1Lq0gd4Mai0IDC_qAVsFQgM/getUpdates "HTTP/1.1 200 OK"
2026-04-02 13:02:46,545 - httpx - INFO - HTTP Request: POST https://api.telegram.org/bot8756837734:AAH1IvNHQToW1Lq0gd4Mai0IDC_qAVsFQgM/getUpdates "HTTP/1.1 200 OK"
2026-04-02 13:02:56,654 - httpx - INFO - HTTP Request: POST https://api.telegram.org/bot8756837734:AAH1IvNHQToW1Lq0gd4Mai0IDC_qAVsFQgM/getUpdates "HTTP/1.1 200 OK"
2026-04-02 13:03:06,763 - httpx - INFO - HTTP Request: POST https://api.telegram.org/bot8756837734:AAH1IvNHQToW1Lq0gd4Mai0IDC_qAVsFQgM/getUpdates "HTTP/1.1 200 OK"
2026-04-02 13:03:16,922 - httpx - INFO - HTTP Request: POST https://api.telegram.org/bot8756837734:AAH1IvNHQToW1Lq0gd4Mai0IDC_qAVsFQgM/getUpdates "HTTP/1.1 200 OK"
2026-04-02 13:03:27,049 - httpx - INFO - HTTP Request: POST https://api.telegram.org/bot8756837734:AAH1IvNHQToW1Lq0gd4Mai0IDC_qAVsFQgM/getUpdates "HTTP/1.1 200 OK"
2026-04-02 13:03:37,220 - httpx - INFO - HTTP Request: POST https://api.telegram.org/bot8756837734:AAH1IvNHQToW1Lq0gd4Mai0IDC_qAVsFQgM/getUpdates "HTTP/1.1 200 OK"
2026-04-02 13:03:47,373 - httpx - INFO - HTTP Request: POST https://api.telegram.org/bot8756837734:AAH1IvNHQToW1Lq0gd4Mai0IDC_qAVsFQgM/getUpdates "HTTP/1.1 200 OK"
2026-04-02 13:03:57,473 - httpx - INFO - HTTP Request: POST https://api.telegram.org/bot8756837734:AAH1IvNHQToW1Lq0gd4Mai0IDC_qAVsFQgM/getUpdates "HTTP/1.1 200 OK"
2026-04-02 13:04:07,623 - httpx - INFO - HTTP Request: POST https://api.telegram.org/bot8756837734:AAH1IvNHQToW1Lq0gd4Mai0IDC_qAVsFQgM/getUpdates "HTTP/1.1 200 OK"
2026-04-02 13:04:17,724 - httpx - INFO - HTTP Request: POST https://api.telegram.org/bot8756837734:AAH1IvNHQToW1Lq0gd4Mai0IDC_qAVsFQgM/getUpdates "HTTP/1.1 200 OK"
2026-04-02 13:04:27,828 - httpx - INFO - HTTP Request: POST https://api.telegram.org/bot8756837734:AAH1IvNHQToW1Lq0gd4Mai0IDC_qAVsFQgM/getUpdates "HTTP/1.1 200 OK"
2026-04-02 13:04:37,925 - httpx - INFO - HTTP Request: POST https://api.telegram.org/bot8756837734:AAH1IvNHQToW1Lq0gd4Mai0IDC_qAVsFQgM/getUpdates "HTTP/1.1 200 OK"
2026-04-02 13:04:48,054 - httpx - INFO - HTTP Request: POST https://api.telegram.org/bot8756837734:AAH1IvNHQToW1Lq0gd4Mai0IDC_qAVsFQgM/getUpdates "HTTP/1.1 200 OK"
2026-04-02 13:04:58,139 - httpx - INFO - HTTP Request: POST https://api.telegram.org/bot8756837734:AAH1IvNHQToW1Lq0gd4Mai0IDC_qAVsFQgM/getUpdates "HTTP/1.1 200 OK"
2026-04-02 13:05:08,236 - httpx - INFO - HTTP Request: POST https://api.telegram.org/bot8756837734:AAH1IvNHQToW1Lq0gd4Mai0IDC_qAVsFQgM/getUpdates "HTTP/1.1 200 OK"
2026-04-02 13:05:18,462 - httpx - INFO - HTTP Request: POST https://api.telegram.org/bot8756837734:AAH1IvNHQToW1Lq0gd4Mai0IDC_qAVsFQgM/getUpdates "HTTP/1.1 200 OK"
2026-04-02 13:05:28,551 - httpx - INFO - HTTP Request: POST https://api.telegram.org/bot8756837734:AAH1IvNHQToW1Lq0gd4Mai0IDC_qAVsFQgM/getUpdates "HTTP/1.1 200 OK"
2026-04-02 13:05:39,048 - httpx - INFO - HTTP Request: POST https://api.telegram.org/bot8756837734:AAH1IvNHQToW1Lq0gd4Mai0IDC_qAVsFQgM/getUpdates "HTTP/1.1 200 OK"
2026-04-02 13:05:49,134 - httpx - INFO - HTTP Request: POST https://api.telegram.org/bot8756837734:AAH1IvNHQToW1Lq0gd4Mai0IDC_qAVsFQgM/getUpdates "HTTP/1.1 200 OK"
2026-04-02 13:05:59,236 - httpx - INFO - HTTP Request: POST https://api.telegram.org/bot8756837734:AAH1IvNHQToW1Lq0gd4Mai0IDC_qAVsFQgM/getUpdates "HTTP/1.1 200 OK"
2026-04-02 13:06:09,445 - httpx - INFO - HTTP Request: POST https://api.telegram.org/bot8756837734:AAH1IvNHQToW1Lq0gd4Mai0IDC_qAVsFQgM/getUpdates "HTTP/1.1 200 OK"
2026-04-02 13:06:19,547 - httpx - INFO - HTTP Request: POST https://api.telegram.org/bot8756837734:AAH1IvNHQToW1Lq0gd4Mai0IDC_qAVsFQgM/getUpdates "HTTP/1.1 200 OK"
2026-04-02 13:06:29,641 - httpx - INFO - HTTP Request: POST https://api.telegram.org/bot8756837734:AAH1IvNHQToW1Lq0gd4Mai0IDC_qAVsFQgM/getUpdates "HTTP/1.1 200 OK"
2026-04-02 13:06:39,724 - httpx - INFO - HTTP Request: POST https://api.telegram.org/bot8756837734:AAH1IvNHQToW1Lq0gd4Mai0IDC_qAVsFQgM/getUpdates "HTTP/1.1 200 OK"
2026-04-02 13:06:49,817 - httpx - INFO - HTTP Request: POST https://api.telegram.org/bot8756837734:AAH1IvNHQToW1Lq0gd4Mai0IDC_qAVsFQgM/getUpdates "HTTP/1.1 200 OK"
2026-04-02 13:07:00,978 - httpx - INFO - HTTP Request: POST https://api.telegram.org/bot8756837734:AAH1IvNHQToW1Lq0gd4Mai0IDC_qAVsFQgM/getUpdates "HTTP/1.1 200 OK"
2026-04-02 13:07:12,068 - httpx - INFO - HTTP Request: POST https://api.telegram.org/bot8756837734:AAH1IvNHQToW1Lq0gd4Mai0IDC_qAVsFQgM/getUpdates "HTTP/1.1 200 OK"
2026-04-02 13:07:22,152 - httpx - INFO - HTTP Request: POST https://api.telegram.org/bot8756837734:AAH1IvNHQToW1Lq0gd4Mai0IDC_qAVsFQgM/getUpdates "HTTP/1.1 200 OK"
2026-04-02 13:07:32,263 - httpx - INFO - HTTP Request: POST https://api.telegram.org/bot8756837734:AAH1IvNHQToW1Lq0gd4Mai0IDC_qAVsFQgM/getUpdates "HTTP/1.1 200 OK"
2026-04-02 13:07:42,387 - httpx - INFO - HTTP Request: POST https://api.telegram.org/bot8756837734:AAH1IvNHQToW1Lq0gd4Mai0IDC_qAVsFQgM/getUpdates "HTTP/1.1 200 OK"
2026-04-02 13:07:52,524 - httpx - INFO - HTTP Request: POST https://api.telegram.org/bot8756837734:AAH1IvNHQToW1Lq0gd4Mai0IDC_qAVsFQgM/getUpdates "HTTP/1.1 200 OK"
2026-04-02 13:08:02,614 - httpx - INFO - HTTP Request: POST https://api.telegram.org/bot8756837734:AAH1IvNHQToW1Lq0gd4Mai0IDC_qAVsFQgM/getUpdates "HTTP/1.1 200 OK"
2026-04-02 13:08:12,700 - httpx - INFO - HTTP Request: POST https://api.telegram.org/bot8756837734:AAH1IvNHQToW1Lq0gd4Mai0IDC_qAVsFQgM/getUpdates "HTTP/1.1 200 OK"
2026-04-02 13:08:22,836 - httpx - INFO - HTTP Request: POST https://api.telegram.org/bot8756837734:AAH1IvNHQToW1Lq0gd4Mai0IDC_qAVsFQgM/getUpdates "HTTP/1.1 200 OK"
2026-04-02 13:08:32,917 - httpx - INFO - HTTP Request: POST https://api.telegram.org/bot8756837734:AAH1IvNHQToW1Lq0gd4Mai0IDC_qAVsFQgM/getUpdates "HTTP/1.1 200 OK"
2026-04-02 13:08:43,057 - httpx - INFO - HTTP Request: POST https://api.telegram.org/bot8756837734:AAH1IvNHQToW1Lq0gd4Mai0IDC_qAVsFQgM/getUpdates "HTTP/1.1 200 OK"
2026-04-02 13:08:53,239 - httpx - INFO - HTTP Request: POST https://api.telegram.org/bot8756837734:AAH1IvNHQToW1Lq0gd4Mai0IDC_qAVsFQgM/getUpdates "HTTP/1.1 200 OK"
2026-04-02 13:09:03,370 - httpx - INFO - HTTP Request: POST https://api.telegram.org/bot8756837734:AAH1IvNHQToW1Lq0gd4Mai0IDC_qAVsFQgM/getUpdates "HTTP/1.1 200 OK"
2026-04-02 13:09:13,938 - httpx - INFO - HTTP Request: POST https://api.telegram.org/bot8756837734:AAH1IvNHQToW1Lq0gd4Mai0IDC_qAVsFQgM/getUpdates "HTTP/1.1 200 OK"
2026-04-02 13:09:24,178 - httpx - INFO - HTTP Request: POST https://api.telegram.org/bot8756837734:AAH1IvNHQToW1Lq0gd4Mai0IDC_qAVsFQgM/getUpdates "HTTP/1.1 200 OK"
2026-04-02 13:09:34,283 - httpx - INFO - HTTP Request: POST https://api.telegram.org/bot8756837734:AAH1IvNHQToW1Lq0gd4Mai0IDC_qAVsFQgM/getUpdates "HTTP/1.1 200 OK"
2026-04-02 13:09:44,381 - httpx - INFO - HTTP Request: POST https://api.telegram.org/bot8756837734:AAH1IvNHQToW1Lq0gd4Mai0IDC_qAVsFQgM/getUpdates "HTTP/1.1 200 OK"
2026-04-02 13:09:54,468 - httpx - INFO - HTTP Request: POST https://api.telegram.org/bot8756837734:AAH1IvNHQToW1Lq0gd4Mai0IDC_qAVsFQgM/getUpdates "HTTP/1.1 200 OK"
2026-04-02 13:10:04,574 - httpx - INFO - HTTP Request: POST https://api.telegram.org/bot8756837734:AAH1IvNHQToW1Lq0gd4Mai0IDC_qAVsFQgM/getUpdates "HTTP/1.1 200 OK"
2026-04-02 13:10:14,679 - httpx - INFO - HTTP Request: POST https://api.telegram.org/bot8756837734:AAH1IvNHQToW1Lq0gd4Mai0IDC_qAVsFQgM/getUpdates "HTTP/1.1 200 OK"
2026-04-02 13:10:24,792 - httpx - INFO - HTTP Request: POST https://api.telegram.org/bot8756837734:AAH1IvNHQToW1Lq0gd4Mai0IDC_qAVsFQgM/getUpdates "HTTP/1.1 200 OK"
2026-04-02 13:10:34,891 - httpx - INFO - HTTP Request: POST https://api.telegram.org/bot8756837734:AAH1IvNHQToW1Lq0gd4Mai0IDC_qAVsFQgM/getUpdates "HTTP/1.1 200 OK"
2026-04-02 13:10:45,075 - httpx - INFO - HTTP Request: POST https://api.telegram.org/bot8756837734:AAH1IvNHQToW1Lq0gd4Mai0IDC_qAVsFQgM/getUpdates "HTTP/1.1 200 OK"
2026-04-02 13:10:55,157 - httpx - INFO - HTTP Request: POST https://api.telegram.org/bot8756837734:AAH1IvNHQToW1Lq0gd4Mai0IDC_qAVsFQgM/getUpdates "HTTP/1.1 200 OK"
2026-04-02 13:11:05,324 - httpx - INFO - HTTP Request: POST https://api.telegram.org/bot8756837734:AAH1IvNHQToW1Lq0gd4Mai0IDC_qAVsFQgM/getUpdates "HTTP/1.1 200 OK"
2026-04-02 13:11:15,463 - httpx - INFO - HTTP Request: POST https://api.telegram.org/bot8756837734:AAH1IvNHQToW1Lq0gd4Mai0IDC_qAVsFQgM/getUpdates "HTTP/1.1 200 OK"
2026-04-02 13:11:25,571 - httpx - INFO - HTTP Request: POST https://api.telegram.org/bot8756837734:AAH1IvNHQToW1Lq0gd4Mai0IDC_qAVsFQgM/getUpdates "HTTP/1.1 200 OK"
2026-04-02 13:11:35,714 - httpx - INFO - HTTP Request: POST https://api.telegram.org/bot8756837734:AAH1IvNHQToW1Lq0gd4Mai0IDC_qAVsFQgM/getUpdates "HTTP/1.1 200 OK"
2026-04-02 13:11:45,806 - httpx - INFO - HTTP Request: POST https://api.telegram.org/bot8756837734:AAH1IvNHQToW1Lq0gd4Mai0IDC_qAVsFQgM/getUpdates "HTTP/1.1 200 OK"
2026-04-02 13:11:55,881 - httpx - INFO - HTTP Request: POST https://api.telegram.org/bot8756837734:AAH1IvNHQToW1Lq0gd4Mai0IDC_qAVsFQgM/getUpdates "HTTP/1.1 200 OK"
2026-04-02 13:12:06,015 - httpx - INFO - HTTP Request: POST https://api.telegram.org/bot8756837734:AAH1IvNHQToW1Lq0gd4Mai0IDC_qAVsFQgM/getUpdates "HTTP/1.1 200 OK"
2026-04-02 13:12:16,114 - httpx - INFO - HTTP Request: POST https://api.telegram.org/bot8756837734:AAH1IvNHQToW1Lq0gd4Mai0IDC_qAVsFQgM/getUpdates "HTTP/1.1 200 OK"
2026-04-02 13:12:26,214 - httpx - INFO - HTTP Request: POST https://api.telegram.org/bot8756837734:AAH1IvNHQToW1Lq0gd4Mai0IDC_qAVsFQgM/getUpdates "HTTP/1.1 200 OK"
2026-04-02 13:12:36,593 - httpx - INFO - HTTP Request: POST https://api.telegram.org/bot8756837734:AAH1IvNHQToW1Lq0gd4Mai0IDC_qAVsFQgM/getUpdates "HTTP/1.1 200 OK"
2026-04-02 13:12:46,819 - httpx - INFO - HTTP Request: POST https://api.telegram.org/bot8756837734:AAH1IvNHQToW1Lq0gd4Mai0IDC_qAVsFQgM/getUpdates "HTTP/1.1 200 OK"
2026-04-02 13:12:56,919 - httpx - INFO - HTTP Request: POST https://api.telegram.org/bot8756837734:AAH1IvNHQToW1Lq0gd4Mai0IDC_qAVsFQgM/getUpdates "HTTP/1.1 200 OK"
2026-04-02 13:13:07,020 - httpx - INFO - HTTP Request: POST https://api.telegram.org/bot8756837734:AAH1IvNHQToW1Lq0gd4Mai0IDC_qAVsFQgM/getUpdates "HTTP/1.1 200 OK"
2026-04-02 13:13:17,122 - httpx - INFO - HTTP Request: POST https://api.telegram.org/bot8756837734:AAH1IvNHQToW1Lq0gd4Mai0IDC_qAVsFQgM/getUpdates "HTTP/1.1 200 OK"
2026-04-02 13:13:27,276 - httpx - INFO - HTTP Request: POST https://api.telegram.org/bot8756837734:AAH1IvNHQToW1Lq0gd4Mai0IDC_qAVsFQgM/getUpdates "HTTP/1.1 200 OK"
2026-04-02 13:13:37,410 - httpx - INFO - HTTP Request: POST https://api.telegram.org/bot8756837734:AAH1IvNHQToW1Lq0gd4Mai0IDC_qAVsFQgM/getUpdates "HTTP/1.1 200 OK"
2026-04-02 13:13:47,504 - httpx - INFO - HTTP Request: POST https://api.telegram.org/bot8756837734:AAH1IvNHQToW1Lq0gd4Mai0IDC_qAVsFQgM/getUpdates "HTTP/1.1 200 OK"
2026-04-02 13:13:57,583 - httpx - INFO - HTTP Request: POST https://api.telegram.org/bot8756837734:AAH1IvNHQToW1Lq0gd4Mai0IDC_qAVsFQgM/getUpdates "HTTP/1.1 200 OK"
2026-04-02 13:14:07,668 - httpx - INFO - HTTP Request: POST https://api.telegram.org/bot8756837734:AAH1IvNHQToW1Lq0gd4Mai0IDC_qAVsFQgM/getUpdates "HTTP/1.1 200 OK"
2026-04-02 13:14:18,045 - httpx - INFO - HTTP Request: POST https://api.telegram.org/bot8756837734:AAH1IvNHQToW1Lq0gd4Mai0IDC_qAVsFQgM/getUpdates "HTTP/1.1 200 OK"
2026-04-02 13:14:28,159 - httpx - INFO - HTTP Request: POST https://api.telegram.org/bot8756837734:AAH1IvNHQToW1Lq0gd4Mai0IDC_qAVsFQgM/getUpdates "HTTP/1.1 200 OK"
2026-04-02 13:14:38,260 - httpx - INFO - HTTP Request: POST https://api.telegram.org/bot8756837734:AAH1IvNHQToW1Lq0gd4Mai0IDC_qAVsFQgM/getUpdates "HTTP/1.1 200 OK"
2026-04-02 13:14:48,374 - httpx - INFO - HTTP Request: POST https://api.telegram.org/bot8756837734:AAH1IvNHQToW1Lq0gd4Mai0IDC_qAVsFQgM/getUpdates "HTTP/1.1 200 OK"
2026-04-02 13:14:58,473 - httpx - INFO - HTTP Request: POST https://api.telegram.org/bot8756837734:AAH1IvNHQToW1Lq0gd4Mai0IDC_qAVsFQgM/getUpdates "HTTP/1.1 200 OK"
2026-04-02 13:15:08,550 - httpx - INFO - HTTP Request: POST https://api.telegram.org/bot8756837734:AAH1IvNHQToW1Lq0gd4Mai0IDC_qAVsFQgM/getUpdates "HTTP/1.1 200 OK"
2026-04-02 13:15:18,663 - httpx - INFO - HTTP Request: POST https://api.telegram.org/bot8756837734:AAH1IvNHQToW1Lq0gd4Mai0IDC_qAVsFQgM/getUpdates "HTTP/1.1 200 OK"
2026-04-02 13:15:28,767 - httpx - INFO - HTTP Request: POST https://api.telegram.org/bot8756837734:AAH1IvNHQToW1Lq0gd4Mai0IDC_qAVsFQgM/getUpdates "HTTP/1.1 200 OK"
2026-04-02 13:15:38,867 - httpx - INFO - HTTP Request: POST https://api.telegram.org/bot8756837734:AAH1IvNHQToW1Lq0gd4Mai0IDC_qAVsFQgM/getUpdates "HTTP/1.1 200 OK"
2026-04-02 13:15:48,976 - httpx - INFO - HTTP Request: POST https://api.telegram.org/bot8756837734:AAH1IvNHQToW1Lq0gd4Mai0IDC_qAVsFQgM/getUpdates "HTTP/1.1 200 OK"
2026-04-02 13:15:59,317 - httpx - INFO - HTTP Request: POST https://api.telegram.org/bot8756837734:AAH1IvNHQToW1Lq0gd4Mai0IDC_qAVsFQgM/getUpdates "HTTP/1.1 200 OK"
2026-04-02 13:16:09,684 - httpx - INFO - HTTP Request: POST https://api.telegram.org/bot8756837734:AAH1IvNHQToW1Lq0gd4Mai0IDC_qAVsFQgM/getUpdates "HTTP/1.1 200 OK"
2026-04-02 13:16:19,767 - httpx - INFO - HTTP Request: POST https://api.telegram.org/bot8756837734:AAH1IvNHQToW1Lq0gd4Mai0IDC_qAVsFQgM/getUpdates "HTTP/1.1 200 OK"
2026-04-02 13:16:29,841 - httpx - INFO - HTTP Request: POST https://api.telegram.org/bot8756837734:AAH1IvNHQToW1Lq0gd4Mai0IDC_qAVsFQgM/getUpdates "HTTP/1.1 200 OK"
2026-04-02 13:16:39,998 - httpx - INFO - HTTP Request: POST https://api.telegram.org/bot8756837734:AAH1IvNHQToW1Lq0gd4Mai0IDC_qAVsFQgM/getUpdates "HTTP/1.1 200 OK"
2026-04-02 13:16:50,083 - httpx - INFO - HTTP Request: POST https://api.telegram.org/bot8756837734:AAH1IvNHQToW1Lq0gd4Mai0IDC_qAVsFQgM/getUpdates "HTTP/1.1 200 OK"
2026-04-02 13:17:00,164 - httpx - INFO - HTTP Request: POST https://api.telegram.org/bot8756837734:AAH1IvNHQToW1Lq0gd4Mai0IDC_qAVsFQgM/getUpdates "HTTP/1.1 200 OK"
2026-04-02 13:17:10,262 - httpx - INFO - HTTP Request: POST https://api.telegram.org/bot8756837734:AAH1IvNHQToW1Lq0gd4Mai0IDC_qAVsFQgM/getUpdates "HTTP/1.1 200 OK"
2026-04-02 13:17:20,745 - httpx - INFO - HTTP Request: POST https://api.telegram.org/bot8756837734:AAH1IvNHQToW1Lq0gd4Mai0IDC_qAVsFQgM/getUpdates "HTTP/1.1 200 OK"
2026-04-02 13:17:30,837 - httpx - INFO - HTTP Request: POST https://api.telegram.org/bot8756837734:AAH1IvNHQToW1Lq0gd4Mai0IDC_qAVsFQgM/getUpdates "HTTP/1.1 200 OK"
2026-04-02 13:17:40,933 - httpx - INFO - HTTP Request: POST https://api.telegram.org/bot8756837734:AAH1IvNHQToW1Lq0gd4Mai0IDC_qAVsFQgM/getUpdates "HTTP/1.1 200 OK"
2026-04-02 13:17:51,073 - httpx - INFO - HTTP Request: POST https://api.telegram.org/bot8756837734:AAH1IvNHQToW1Lq0gd4Mai0IDC_qAVsFQgM/getUpdates "HTTP/1.1 200 OK"
2026-04-02 13:18:01,281 - httpx - INFO - HTTP Request: POST https://api.telegram.org/bot8756837734:AAH1IvNHQToW1Lq0gd4Mai0IDC_qAVsFQgM/getUpdates "HTTP/1.1 200 OK"
2026-04-02 13:18:35,888 - httpx - INFO - HTTP Request: POST https://api.telegram.org/bot8756837734:AAH1IvNHQToW1Lq0gd4Mai0IDC_qAVsFQgM/getUpdates "HTTP/1.1 200 OK"
2026-04-02 13:18:46,028 - httpx - INFO - HTTP Request: POST https://api.telegram.org/bot8756837734:AAH1IvNHQToW1Lq0gd4Mai0IDC_qAVsFQgM/getUpdates "HTTP/1.1 200 OK"
2026-04-02 13:18:56,129 - httpx - INFO - HTTP Request: POST https://api.telegram.org/bot8756837734:AAH1IvNHQToW1Lq0gd4Mai0IDC_qAVsFQgM/getUpdates "HTTP/1.1 200 OK"
2026-04-02 13:19:06,231 - httpx - INFO - HTTP Request: POST https://api.telegram.org/bot8756837734:AAH1IvNHQToW1Lq0gd4Mai0IDC_qAVsFQgM/getUpdates "HTTP/1.1 200 OK"
2026-04-02 13:19:16,333 - httpx - INFO - HTTP Request: POST https://api.telegram.org/bot8756837734:AAH1IvNHQToW1Lq0gd4Mai0IDC_qAVsFQgM/getUpdates "HTTP/1.1 200 OK"
2026-04-02 13:19:26,434 - httpx - INFO - HTTP Request: POST https://api.telegram.org/bot8756837734:AAH1IvNHQToW1Lq0gd4Mai0IDC_qAVsFQgM/getUpdates "HTTP/1.1 200 OK"
2026-04-02 13:19:36,607 - httpx - INFO - HTTP Request: POST https://api.telegram.org/bot8756837734:AAH1IvNHQToW1Lq0gd4Mai0IDC_qAVsFQgM/getUpdates "HTTP/1.1 200 OK"
2026-04-02 13:19:38,760 - httpx - INFO - HTTP Request: POST https://api.telegram.org/bot8756837734:AAH1IvNHQToW1Lq0gd4Mai0IDC_qAVsFQgM/getUpdates "HTTP/1.1 200 OK"
2026-04-02 13:19:38,859 - httpx - INFO - HTTP Request: POST https://api.telegram.org/bot8756837734:AAH1IvNHQToW1Lq0gd4Mai0IDC_qAVsFQgM/getUpdates "HTTP/1.1 401 Unauthorized"
2026-04-02 13:19:38,861 - telegram.ext - ERROR - Network Retry Loop (Polling Updates): Invalid token. Aborting retry loop.
Traceback (most recent call last):
  File "/Users/zumrudsahverdieva/mrkbot/.venv/lib/python3.9/site-packages/telegram/ext/_utils/networkloop.py", line 134, in network_retry_loop
    await do_action()
  File "/Users/zumrudsahverdieva/mrkbot/.venv/lib/python3.9/site-packages/telegram/ext/_utils/networkloop.py", line 127, in do_action
    action_cb_task.result()
  File "/Users/zumrudsahverdieva/mrkbot/.venv/lib/python3.9/site-packages/telegram/ext/_updater.py", line 340, in polling_action_cb
    updates = await self.bot.get_updates(
  File "/Users/zumrudsahverdieva/mrkbot/.venv/lib/python3.9/site-packages/telegram/ext/_extbot.py", line 676, in get_updates
    updates = await super().get_updates(
  File "/Users/zumrudsahverdieva/mrkbot/.venv/lib/python3.9/site-packages/telegram/_bot.py", line 4780, in get_updates
    await self._post(
  File "/Users/zumrudsahverdieva/mrkbot/.venv/lib/python3.9/site-packages/telegram/_bot.py", line 703, in _post
    return await self._do_post(
  File "/Users/zumrudsahverdieva/mrkbot/.venv/lib/python3.9/site-packages/telegram/ext/_extbot.py", line 372, in _do_post
    return await super()._do_post(
  File "/Users/zumrudsahverdieva/mrkbot/.venv/lib/python3.9/site-packages/telegram/_bot.py", line 732, in _do_post
    result = await request.post(
  File "/Users/zumrudsahverdieva/mrkbot/.venv/lib/python3.9/site-packages/telegram/request/_baserequest.py", line 198, in post
    result = await self._request_wrapper(
  File "/Users/zumrudsahverdieva/mrkbot/.venv/lib/python3.9/site-packages/telegram/request/_baserequest.py", line 375, in _request_wrapper
    raise exception
telegram.error.InvalidToken: Unauthorized
